ID,咸味评分,丙酮酸,酒石酸,L-苹果酸,焦谷氨酸,乳酸,富马酸,琥珀酸,草酸,柠檬酸,维生素C,5'-AMP,5'-GMP,5'-CMP,5'-UMP,5'-IMP,Ala丙氨酸,Arg精氨酸,Asp天冬氨酸,Glu谷氨酸,Gly甘氨酸,His组氨酸,Ile异亮氨酸,Leu亮氨酸,Lys赖氨酸,Met蛋氨酸,Phe苯丙氨酸,Pro脯氨酸,Ser丝氨酸,Thr苏氨酸,Trp色氨酸,Tyr酪氨酸,Val缬氨酸,cys胱氨酸,Na+,K+,Ca2+,Mg2+,Cl-,NSSS,NaCl
1,2.16,0.8256760445641069,1.4960333792459228,-0.8482012256783185,-0.1142892195436675,1.6432139502584944,-0.7686473792772359,1.4629916642016014,0.324438563629727,-0.8719899542429459,-1.0866332404998302,0.5353621208838791,-0.5600140527534914,1.715483289359183,1.1039014724203446,-0.7867566659181034,2.476181993331927,-0.9681385408942657,0.4616460904817526,-0.9306126209592256,2.630165605154381,-1.5784501161647018,1.826414586276156,1.8203586676165104,0.4384748204561999,0.9327564225978208,1.353650434360422,1.2289547281068411,1.064781221669545,1.1329611154071542,0.2767097316015374,0.6708210506033976,1.8243389033719055,-0.2251438040008111,-1.1262565791847308,0.645738659319811,-0.0458382549175879,0.8426015934314259,-0.7566658778735157,0.7338503362476091,-0.2589612613674654
1,2.16,0.7705257259943447,1.7040495093110042,-0.8677388715758845,-0.3871986781694506,1.6452435071735962,-0.7292689938096583,1.5994273544325726,0.1980331620050856,-0.8558786488287637,-1.0866332404998302,0.5038991884882629,-0.5393186956865282,1.7817204699113125,1.120211917088289,-0.7903718861505549,2.4977010229180925,-1.000327265321723,0.4937734769219933,-0.9895624969131558,2.6755161965778007,-1.5824913477745042,1.87485401757028,1.787432034374956,0.4363305993918396,0.9874475903530452,1.2471351835710904,1.3526592742704315,1.198187145598153,1.1317167830805397,0.1611798797017865,0.7676240812928704,2.015652537843619,-0.2251438040008111,-1.1083292930215296,0.662772109634706,-0.0109444704639096,0.8506506655896094,-0.7566658778735157,0.7338503362476091,-0.2589612613674654
1,2.16,0.8149199268157281,1.685793484098529,-0.8842141712682624,-0.3372474350836921,1.4623765469217251,-0.8316281163262081,1.119719525585534,0.1422002865776501,-0.9305373703996214,-1.0866332404998302,0.5325767259305093,-0.5411299637323389,1.906075999894377,1.1135198045209675,-0.777617826820624,2.565141688731433,-0.946448740546568,0.4036596664267683,-0.9688245963732652,2.50484989690515,-1.5993269608870764,2.042040875994584,1.695856126217206,0.4912207010543629,0.8744431129600893,1.1653819805150676,1.443522390996972,1.1858113827647516,1.0732902337832593,0.2609660022130832,0.6900077449625285,2.0194456407794346,-0.2251438040008111,-1.131218385960563,0.6542430438312373,-0.0100955247327284,0.8445519137727955,-0.7566658778735157,0.7338503362476091,-0.2589612613674654
1,2.16,0.7727081666811455,1.9002197011413209,-0.8550126608940787,-0.3277156005013901,1.8839650225259688,-0.8445288298597738,1.9920382207526657,0.8594604053567577,-0.8556545608873038,-1.0866332404998302,0.6479127449613766,-0.482228897142721,1.8145415599692516,1.282444344909203,-0.7809267803486872,2.4951394127951256,-0.8975120857428428,0.5014517781818052,-0.9486864341636134,2.10366578773649,-1.590484894266009,1.7867057065262535,1.739448907300225,0.6131228339951491,0.7267892313468403,1.3650268293041548,1.0825030705383518,1.019593933409598,1.0350769971562743,0.2403688659254232,0.5820339738782504,1.7174226958366714,-0.2251438040008111,-1.128577208126091,0.6613036150615278,-0.0681057200665979,0.8492233403919117,-0.7616248829912948,0.7338503362476091,-0.2589612613674654
1,2.16,0.2332852524888101,1.555161690873492,-0.8579150611271964,-0.424063120137685,1.6163285694877263,-0.8799879296833598,1.3531223119473972,0.8032619100882586,-0.9391492682621616,-1.0866332404998302,0.5708146032523205,-0.4901471754707545,1.738667153138454,1.2750174538100485,-0.7934068135498855,2.1211995347281607,-1.046529657995685,0.4475002674150542,-1.1276962963173347,1.8823327940214791,-1.5365726660535757,1.9802872864072272,1.7689561636190378,0.3533985617448713,0.6358061344402848,1.1546060694431897,0.978166310785085,0.8764318645841919,0.7545003697955925,0.1417531151629168,0.295478669128591,1.7198561073194605,-0.2251438040008111,-1.1554791088115774,0.6364886886941475,-0.0725058941495215,0.8624946769015084,-0.7616248829912948,0.7338503362476091,-0.2589612613674654
1,2.16,0.7987987959768069,0.5966753973438346,-0.8688830473211597,-0.4302292876973818,1.588948032355451,-0.8554706244928707,1.5029344372640223,0.9611594956178648,-0.8399914197443915,-1.0866332404998302,0.6159334104342102,-0.4815906489802041,1.6843020630620862,1.2611733864818135,-0.784951542396918,2.6058856777283554,-0.8824411293349466,0.5677961437364711,-0.9273326629792914,1.9096186100771448,-1.5454068313912848,2.0290929256199783,1.787207145369098,0.6803044807713889,0.9780821519030052,1.2813896220425882,1.3433624942787157,1.002515005705278,1.4077657779612047,0.2237364172051615,0.7245818015892583,2.0232076090930358,-0.2251438040008111,-1.1218872343646704,0.6544813996959201,-0.0213355734853579,0.8500552590623999,-0.7616248829912948,0.7338503362476091,-0.2589612613674654
2,2.03,2.167605976459124,-0.5144535844985196,-0.9755892065729246,-1.361668179804998,1.891229315210441,-1.4170127873671243,-1.024103085451055,-0.2106141883239135,-1.1546895359132774,-1.0866332404998302,-0.4000039247274615,-0.7856646076173267,-0.2475588858368698,-0.5169191222858339,-0.9578284575956924,2.2670221917767823,-1.5434339862173252,-2.2000778786217063,-2.39821661128044,2.427125550712184,-1.8409860502042723,0.5884151707641928,0.24824960658439,-0.1990753417255987,-0.3082349696474329,-1.3616363373323035,0.6122021070633239,-2.318048932582792,-1.491891072126458,-0.6013845057493119,-0.8032392771885297,1.0012961965220792,-0.2251438040008111,-0.8765301246555349,0.4265525371112822,0.380507025379421,0.3429202506073876,-0.4163721323330434,0.4781150983539811,-0.2589612613674654
2,2.03,1.104875264844951,-0.5199123776809751,-0.9864312903128648,-1.6697759469842426,1.7093977246328242,-1.4215299194252384,-1.1735203391918598,-0.448410857584374,-1.166503140992834,-1.0866332404998302,-0.3965408665591383,-0.7831346456040068,-0.2480382010000855,-0.5173572562825877,-0.9536145221848948,2.0949541926991397,-1.53645603746266,-2.2495971483433457,-2.402790067831185,2.3702012521705145,-1.87437225434548,0.5055232338577557,0.140028075861817,-0.0343938940703976,-0.2973111084525207,-1.404981330200851,0.839310078523495,-2.373467086089427,-1.1705507056301463,-0.6375946441743559,-0.8332227800981132,0.974311543172229,-0.2251438040008111,-0.909716207988944,0.4023072633255521,0.4005425961996559,0.3560724922387294,-0.4163721323330434,0.4781150983539811,-0.2589612613674654
2,2.035,1.9296727684502928,-0.4455297609007723,-0.9752103453984996,-1.5257330013124626,1.8910741266556268,-1.4292785882942058,-0.9189809385083276,-0.1044271770504687,-1.1582873965586935,-1.0866332404998302,-0.397904400351894,-0.7882935729603038,-0.2642503851161392,-0.5197197158791197,-0.9530000328242332,2.238015190568745,-1.5190111663809784,-2.279570106367702,-2.4466655912345967,1.8120521172288395,-1.840583439457696,0.4988530087928328,0.2520299830924398,-0.0138441889535833,-0.2357901524806989,-1.3660845365173355,0.7789956178749752,-2.267407277738496,-1.1460116601324608,-0.6059810956627802,-0.7715619934808198,1.0474874390228668,-0.2251438040008111,-0.8941948999019237,0.4072817965248267,0.4196557817274804,0.335374889499541,-0.4163721323330434,0.4781150983539811,-0.2589612613674654
2,2.03,1.6420950648170067,-0.5579717770272479,-0.9758875800072856,-1.5706495041834287,1.7684456164810043,-1.3894721125082057,-1.087801098885062,0.456385343145698,-1.161206917086636,-1.0866332404998302,-0.4919299088346608,-0.8523481235582284,-0.4644438533849589,-0.5764484325678741,-0.9741131682569506,2.1738986573870878,-1.519202419334784,-2.2486223789315445,-2.333150192976732,2.0479961490020355,-1.825814201847404,0.4760821694125215,0.1626228541749967,0.0381882421008332,-0.2816958932588037,-1.457879493381352,0.6929934718008901,-2.308262110916118,-1.151702146182503,-0.6465115422167683,-0.7282176439601247,0.9011779039965706,-0.2251438040008111,-0.9040934785487368,0.4121486424303757,0.4164228490200263,0.3432869032149543,-0.4208858721278016,0.4781150983539811,-0.2589612613674654
2,2.03,1.813402487202948,-0.4140993531840452,-0.9707470566889884,-1.5467302856074034,1.766790493797618,-1.4461681935858357,-1.1127524369447543,0.1780269533547334,-1.1489304171246246,-1.0866332404998302,-0.4917365773344713,-0.8554123157794028,-0.4742911327472695,-0.567714923192379,-0.9725319197366956,2.070607715443153,-1.5400733030481946,-2.128093903582587,-2.3185562124788093,1.686381896423089,-1.8699575239095596,0.3964263544669564,0.2841908326979508,0.0418943067571166,-0.3839523940415651,-1.440585453537809,0.5293208392155923,-2.3086496226468847,-1.1475280094469562,-0.6463885191451586,-0.8905491854184091,0.8089984928489831,-0.2251438040008111,-0.9211459242617084,0.3846651104208418,0.4614837685244194,0.3485875471865134,-0.4208858721278016,0.4781150983539811,-0.2589612613674654
2,2.03,1.5867793263946657,-0.4025854501380511,-0.996129855173939,-1.466109599363065,1.446183903705324,-1.4051364206460957,-1.0535481589562588,-0.4950410100179748,-1.1453963780973382,-1.0866332404998302,-0.5002123339661193,-0.8543205834903039,-0.4754549038476103,-0.5721911541645089,-0.9692930062630264,2.6106623285731883,-1.5074303497194983,-2.155824821796233,-2.245126912102076,1.731881595669693,-1.82844733042407,0.5533046116678486,0.2495212972091377,0.1193081392757624,-0.3070811557795998,-1.303150602582755,0.6703657821998632,-2.260198373905045,-0.9367819766487168,-0.5877735993805022,-0.7097837398941184,0.8568180519025645,-0.2251438040008111,-0.9226187571222352,0.4003320803012697,0.4397735424974854,0.3604214327941876,-0.4208858721278016,0.4781150983539811,-0.2589612613674654
3,2.91,-0.040591592122365,0.2698525201968952,-0.983643346329496,0.7057813017133546,0.8845283101692699,-0.9447189649457374,0.505527814427283,-0.2619856898470002,-1.0416878136592176,-1.0866332404998302,2.825354269671494,-0.5570240934001778,0.3471500524383963,0.3848527880118561,2.253080306708889,1.1400396742935175,-1.225810076769281,0.2448628260501893,0.7864932977434718,1.9157063764750253,-1.021102434950311,1.0881187758096764,0.8694165965501842,-0.0728263956067904,0.2460043304934179,0.4358683585396434,0.4710727064453987,0.6187425666060798,0.2057469439314375,0.4008888171628733,0.2862779457988388,0.8836446117205919,-0.2251438040008111,-0.9637216902920932,0.2096017104327422,-0.129728606898721,0.6046308411309459,-1.0750362026954687,-0.6509977382544813,-0.6682833565043326
3,2.91,-0.1096924120377611,-0.2984540615730492,-0.9529105025146356,0.7922784382518392,0.984257200555166,-1.0506395163129494,0.8671461327297815,-0.1158156897547309,-1.0844459000132138,-1.0866332404998302,2.8527661300936,-0.5559326475984662,0.3722304498477486,0.4783589692714077,2.299063916152059,1.2013855484962168,-1.163806058560004,0.4191062689994636,0.8484463167347339,2.069046378292731,-1.0139909536233414,1.1129189572749765,0.9790309059479104,0.0997076505076339,0.2789769271376708,0.6257398046798399,0.8144991188236509,0.7389115892324923,0.4390877404815846,0.5188319392941647,0.5221605179275518,1.1146167158713045,-0.2251438040008111,-0.918646827952899,0.222036488957167,-0.1130467225667719,0.622632021995197,-1.0750362026954687,-0.6509977382544813,-0.6682833565043326
3,2.91,-0.1644281530427305,0.1014961472909506,-0.9468326304296792,0.8118851551578438,1.109340034848722,-0.8691721111681682,0.9113786329374206,-0.1556511808457844,-1.0681498911270149,-1.0866332404998302,2.852740467054516,-0.5591749416794086,0.3020961102626062,0.4488554090243596,2.3077627664803644,1.1750715684558497,-1.10957900418488,0.3909304295521641,0.9658775605605052,2.078680911069131,-1.0131784421545067,1.305395115728815,0.9720303712993992,0.2398138431553126,0.6045464551125075,0.7145276087759267,0.9268394783237788,0.8163979253327811,0.624413552900747,0.6538068998964408,0.366625486482083,1.215890633330103,-0.2251438040008111,-0.9389326618074878,0.2043081578364416,-0.1237796875479821,0.604043457433783,-1.0750362026954687,-0.6509977382544813,-0.6682833565043326
3,2.91,-0.185569918955658,-0.1137996675356747,-0.9494555185956616,0.7674658427907604,0.8998173442795623,-0.9131746576710426,0.9027734357380488,-0.1852444247658803,-1.058263579155999,-1.0866332404998302,1.7586385936394169,-0.7477042109453998,-0.070604876865846,0.0639346753737914,1.8530613727672336,1.1950696616920904,-1.1163317272442863,0.5632289986064808,0.9372603230726178,1.7573756073475393,-0.8531460326478048,1.0857998741973438,1.0019743466488955,0.2017978569210061,0.606796727673862,0.5198873693963282,1.0007178630314069,1.09680549306257,0.7322943345299328,0.6362192885993119,0.5952473474670379,1.3524895607018883,-0.2251438040008111,-0.9477671944108752,0.2158021535956474,-0.1429593473137727,0.6071750276956305,-1.0885896798612156,-0.6509977382544813,-0.6682833565043326
3,2.91,-0.1703927974609193,-0.3814597925382889,-0.961325841691178,0.7786200020263063,0.8118782744865763,-0.95841490664601,0.7337309358218407,-0.2548139022841805,-1.0834558194279185,-1.0866332404998302,1.9844119664250863,-0.7384863222777843,-0.0589555175549148,0.1426411015879068,1.9247298568070068,1.2447372200081688,-1.1149054954943542,0.5610374896457295,1.0705954709757206,1.974310157741584,-0.8729043674243894,1.1357037163302788,1.0160642166125682,0.1662248365503571,0.6025183569860372,0.6277144436872851,0.758489352362878,1.1057299200104926,0.7738953739157705,0.6881776442841482,0.529387356099998,1.3012719675865396,-0.2251438040008111,-0.9444259596358628,0.2141912241965261,-0.1191575869331429,0.6152486316925322,-1.0885896798612156,-0.6509977382544813,-0.6682833565043326
3,2.91,-0.1947109204015462,-0.1652053868687855,-0.9496926441209672,0.8355816022919836,1.1023464510968883,-0.9395142029174176,0.7744630585302995,0.0148887400124569,-1.0915299606224351,-1.0866332404998302,1.9357299979596387,-0.7398626410736094,-0.0430167383779736,0.0842349700450446,1.927876800608952,1.126834681504432,-1.15711365121589,0.4759267992607389,1.004518555596141,2.1547295801153186,-0.9104387759058568,1.0795507756983167,0.9698813535948028,0.1354791187103532,0.181796598874221,0.6135397054192889,0.5902752964468656,1.0556788761324594,0.6832953916658447,0.6381430355982833,0.2218518776366872,1.0062029541396444,-0.2251438040008111,-0.9463763520924848,0.2011749536755195,-0.1205140934740222,0.6064244031819186,-1.0885896798612156,-0.6509977382544813,-0.6682833565043326
4,2.54,-0.0641805049462944,-0.9009961494066652,0.2930233512891764,-0.7678862131918452,0.6879343114122836,-1.2351555916735066,0.5426674314863368,-0.934650411115135,-0.1049885250955359,-1.0866332404998302,-0.810823747216649,-1.1584032998417888,-0.7632036107128297,-0.6495544495377004,-1.1158036398575617,2.3050693309211554,1.6347775630262775,-0.8971362852409905,-0.8288526487009441,2.2827997786704928,0.6995893169058501,1.5330255760761908,1.5760084652174526,0.5444874059910598,1.2861156364152977,1.212083487340344,1.501515769297232,1.4671234411310352,1.2738468470379756,-0.5799688129700172,0.3975496303559452,1.839976160943536,-0.2251438040008111,-0.5804183993733665,0.3611609948497061,1.7599954692486823,1.187590712930573,0.0998454064890535,0.3406699915766432,0.7517324455616057
4,2.54,-0.451030487283799,-0.799718893020778,0.3212856836393345,-0.5901763551158855,0.8284191644546732,-1.1725523988493776,0.5233970643871078,-0.9859427348373146,-0.0415800253459862,-1.0866332404998302,-0.810823747216649,-1.1584032998417888,-0.7632036107128297,-0.6495544495377004,-1.1158036398575617,2.311776388074552,1.6896092012002726,-0.9675006511768292,-0.7924422678366566,1.864420736702837,0.7042403675275726,1.493308194936142,1.4966508215826284,0.5009662546605109,1.034554143763843,1.2424489809712982,1.2939741457097005,1.371491796294665,1.0476171993681027,-0.6785442186669367,0.4148273076507453,1.5291087857299928,-0.2251438040008111,-0.5863422353173311,0.362170255376404,1.803978143983633,1.181841970443516,0.0998454064890535,0.3406699915766432,0.7517324455616057
4,2.54,-0.1998108770232898,-0.8433904736598864,0.1431689627199874,-0.6835790723267777,0.912787496002762,-1.175181030795068,0.4184856608787974,-0.6076936623587618,0.0733496971024436,-1.0866332404998302,-0.810823747216649,-1.1584032998417888,-0.7632036107128297,-0.6495544495377004,-1.1158036398575617,2.31570919766905,1.6273219434096142,-1.0681202671769423,-0.8628888064032953,2.052639990821428,0.6275497840030836,1.5276430190607446,1.573424693525222,0.4804275168960688,1.2997004937556838,1.2078605587500852,1.3467843597374642,1.4570699219980876,1.1876243543208072,-0.5795961949604209,0.2857126782272585,1.5120350030879055,-0.2251438040008111,-0.6000486765814171,0.355859247709173,1.800473400698486,1.1894753114009575,0.0998454064890535,0.3406699915766432,0.7517324455616057
4,2.54,-0.1677850827435958,-0.9284220569914698,0.3066797033496264,-0.6055863940172577,0.9348262950789226,-1.1702034383025122,0.6899607103781304,-0.2923525671390904,-0.1407788662864363,-1.0866332404998302,-0.810823747216649,-1.1584032998417888,-0.7632036107128297,-0.6495544495377004,-1.1158036398575617,2.6751955887987857,1.601985696847961,-0.8048164990331983,-0.8031575853226063,2.376053747252054,0.6782226521328177,1.619754067109776,1.5974117326069317,0.4416880710591624,1.1478054761859882,1.3027283832802872,1.245197834365045,1.589366982105557,1.3479608053629326,-0.5835048084644248,0.0780512756590558,1.2996572751133604,-0.2251438040008111,-0.587842459980828,0.3616493310146526,1.7909558767783855,1.1959492445099238,0.0939736361213239,0.3406699915766432,0.7517324455616057
4,2.54,-0.1082890063467574,-0.7607890632022711,0.5421224283314628,-0.5270652825682718,0.9827635785379244,-1.2274628641444647,0.843317962150811,-0.399864139954598,0.098805273310827,-1.0866332404998302,-0.810823747216649,-1.1584032998417888,-0.7632036107128297,-0.6495544495377004,-1.1158036398575617,2.607678321657961,1.6961368871051872,-0.7234008571767958,-0.7046578876991962,1.945845680798507,0.7955485814896183,1.7565721756793249,1.537103101005771,0.5986708335948631,1.4426801233541182,1.3186323666829582,1.3315594097883685,1.6182803220699116,1.439646234694466,-0.4721568092906647,0.6009020147697491,1.6515405244950248,-0.2251438040008111,-0.5628750523279564,0.3596835299621385,1.7731806831258818,1.2107155068462272,0.0939736361213239,0.3406699915766432,0.7517324455616057
4,2.54,-0.3680639889836584,-0.9004018427515426,0.5780271216304672,-0.7792743658027923,1.0399459178624255,-1.2310960942844646,1.115926597137581,-0.2708359767226253,-0.2325957603245663,-1.0866332404998302,-0.810823747216649,-1.1584032998417888,-0.7632036107128297,-0.6495544495377004,-1.1158036398575617,2.214507808700952,1.5539851612665396,-0.8721214962255879,-0.8362537423720873,2.002446241673164,0.6120303970675626,1.65482854300177,1.3970232984969613,0.3352909125146836,1.1783550116563013,1.088607771734555,1.219191456450455,1.2742814419065036,1.1024615709278551,-0.548275076414433,0.3432831471790969,1.4082420029652123,-0.2251438040008111,-0.5902124576949886,0.3395817051176879,1.7525950817078386,1.195443027867262,0.0939736361213239,0.3406699915766432,0.7517324455616057
5,2.26,0.3635592429777594,-0.2645441912594824,-0.7269577109000235,-1.5839170397255606,0.3347258244673208,-1.047467304915221,-0.0177248309105287,-0.7805975109699358,0.310840650132146,-1.0866332404998302,2.5657360732435883,0.1267613484634235,-0.0227111974227476,0.6693109758159854,-0.5502251864782435,1.301554035721506,-0.1700797015333774,-0.2913800091459999,-1.566685373254855,-0.4704768380582358,-0.5450442011047342,0.4052862270655984,0.3231521420683146,-0.116589195081603,-0.2466999634415758,-0.1393060358027274,-0.065987017552689,0.3225114940723547,0.0628146883918791,-0.8808095396500805,0.176420971837324,0.5514815295686856,-0.2251438040008111,-0.5293347148868999,-0.0129588052240992,0.0962532541560728,-0.3360050977239156,0.2096364646337906,-0.0560208384455451,0.3555099806289089
5,2.26,0.3357134185055932,-0.4638092006013261,-0.7953948067046088,-1.6088870020755752,0.3681663066843157,-1.1032043963733524,-0.3482798843143527,-0.582391430933127,0.3081771866685983,-1.0866332404998302,2.5543561844496825,0.0956373378616748,-0.0158353199717172,0.7195162204136314,-0.5406878713514597,1.4012067328718745,-0.0981757947326267,-0.4235960524438784,-1.5276074965620974,-0.4704768380582358,-0.4812001371992322,0.3827323547083522,0.3328299489893388,-0.0345129198347531,-0.2807068720585607,-0.2661076558152202,-0.1760181605933255,0.3377458783842009,-0.0968846010530086,-0.9203018105122446,0.227669197211297,0.4665345473842256,-0.2251438040008111,-0.4917142917316974,0.0772004670694536,0.0818094726158132,-0.3411150351321547,0.2096364646337906,-0.0560208384455451,0.3555099806289089
5,2.26,0.2465818641678435,-0.6868690562985323,-0.5892407871641553,-1.5002290418231,0.7502078313019227,-1.0426417050762704,0.5361566894155613,-0.0414316527487371,0.2054439265175951,-1.0866332404998302,2.4836086388806478,0.0875785793083488,-0.0306352074095866,0.645514570698544,-0.548389537970782,1.3087587077845473,-0.1924819036896009,-0.2848888329542693,-1.4584978178193275,-0.4704768380582358,-0.5295950593493551,0.2389233514639908,0.2113918043260683,-0.0434800476571917,-0.2658654172211044,-0.2194922523521322,-0.0812572991006699,0.359170541064934,0.1479202467844595,-0.8906268800046412,0.2627297687855008,0.4339645585179199,-0.2251438040008111,-0.5274924377448241,-0.0432340548815888,0.0782042844091024,-0.3453138843961927,0.2096364646337906,-0.0560208384455451,0.3555099806289089
5,2.26,0.2275845955111288,-0.5284599819128213,-0.7611074848989107,-1.3314235711106297,0.2695438642296496,-0.976271302104868,-0.1418040607605309,-1.168363511152091,0.1831680633681408,-1.0866332404998302,2.161299420107781,0.0813395077737677,-0.1048989759744028,0.6096223196227968,-0.6176018692661184,1.312028682095954,-0.5020578373051089,-0.66736354269179,-1.7982481381034077,-0.4704768380582358,-0.8996271611994648,0.3148027823048226,0.3053333713700268,-0.4575915355995791,-0.4658254907327237,-0.2037510965270055,-0.2963649908583037,0.0654383216290237,-0.1119282839536376,-0.9538682487966228,0.154047518924502,0.3771960555271728,-0.2251438040008111,-0.544053644382378,-0.05156831816867,0.0703844548945114,-0.3507693022446241,0.2039402693485575,-0.0560208384455451,0.3555099806289089
5,2.26,0.2076983815063138,-0.6100934123271375,-0.6897225009202341,-1.6263191499030245,0.5000186392711533,-1.0404194924535517,0.0862421201503011,-0.795795351523429,0.2431241878422062,-1.0866332404998302,2.1906379370274367,0.1058986135565471,-0.0784981979228485,0.5991595348112654,-0.5831581628148134,1.173496137852409,-0.4263053940259071,-0.6366369797329827,-1.796138811887095,-0.4704768380582358,-0.885141524629733,0.3487976423644005,0.2178024028098479,-0.4079379166563524,-0.5043362320998546,-0.3430443446590117,-0.261253352803555,-0.0835551972652246,-0.1622336042164492,-0.9361408873746226,-0.0814710075573818,0.5248302705961438,-0.2251438040008111,-0.519269380734651,-0.0431753183555985,0.0839699384484991,-0.3502080546083716,0.2039402693485575,-0.0560208384455451,0.3555099806289089
5,2.26,0.3028082536837302,-0.6229162460185556,-0.7147443600904057,-1.507386385137303,0.4835329698418356,-1.022830114646794,0.3918337257078675,-0.550234599263752,0.2501805754041231,-1.0866332404998302,2.200659599866741,0.0939773365974053,-0.0665268624043551,0.5916062827251471,-0.5661166537949989,1.320675552660554,-0.5487742206572886,-0.6405137181971343,-1.7425367459508676,-0.4704768380582358,-0.8891676536522802,0.3106842274578148,0.4404045646792632,-0.4107959171904486,-0.5141207833057256,-0.2055315570701575,-0.2364222815215022,-0.0342547441450528,-0.1494085112014996,-0.9180441120541316,0.1170265150880984,0.3180271288119441,-0.2251438040008111,-0.5280400560772488,-0.0013802631525532,0.0679998649376718,-0.3344496927888836,0.2039402693485575,-0.0560208384455451,0.3555099806289089
7,2.35,-0.1824854589047921,-0.5640561368727293,-0.940732717138126,-0.8114382658788432,0.7042413780861445,-0.821667815597993,0.0665416258616507,-0.4090318729471801,-0.8957215936594924,0.6850702824355741,-0.1637486762658889,-0.420410192535357,0.6235727822118299,3.6020231695843328,-0.5543855456113398,0.337882294739931,-0.541076088327631,0.2123458046867783,-1.2003363281874655,-0.4704768380582358,-0.1955156193067521,1.1228357950592924,0.8370548363720982,0.0064330407153391,-0.2008809118952113,0.3810796139711495,0.3041265421472405,0.3749510892579045,-0.2233154904095637,-0.611990212943861,-0.3168424473126603,0.7816826515522566,-0.2251438040008111,-0.6693418555154022,0.532247063107325,0.5198645841692776,0.7669300648043025,2.28594269104213,-0.6621468845656361,0.7931262803435404
7,2.35,-0.5152879195807617,-0.6615320391299446,-0.9348241681902754,-0.8750352065732449,0.8979960389095922,-0.8499805429124632,0.3489902385070694,-0.4566932438952671,-0.8401280480208468,-1.0866332404998302,-0.1754908428650342,-0.4440160999608474,0.6780099905137752,3.548524909268436,-0.504029827017828,1.2310852590185672,-0.3777661948350623,0.4306191826397591,-1.0931741473417684,-0.4704768380582358,-0.1861223794020343,1.1544751081769449,0.94857207631789,0.2061771474653238,0.0152159847037965,0.5683549655930418,0.7758881151253517,0.7283404468333652,0.5407692283305682,-0.5245662055860281,-0.0035916738830946,1.1832373940181045,-0.2251438040008111,-0.6665344263466064,0.5416961409061719,0.4846226883117953,0.7865529075371572,2.28594269104213,-0.6621468845656361,0.7931262803435404
7,2.35,-0.1694569808964137,-0.6782564890777882,-0.9390278367814718,-0.8377613459994288,0.7458185549536634,-0.796593162334037,0.0877600088905392,-0.370821868140671,-0.8579610265431424,-1.0866332404998302,-0.1717651020781353,-0.4590619227836154,0.7134299266507332,3.6632269442687577,-0.5162154219788176,0.8933562301518513,-0.4671908556424539,0.3278448979921438,-1.2098843098526613,-0.4704768380582358,-0.1270839453609292,1.075859041222599,0.9913508984834696,0.1022778881330207,-0.084223971205968,0.5968465856761972,0.6159019005645932,0.6156583055854039,0.3063533441778778,-0.5922500688112853,-0.0724525082272872,1.0920957195331975,-0.2251438040008111,-0.6355262804404544,0.5689249339602828,0.4736856308125165,0.8084651930346861,2.28594269104213,-0.6621468845656361,0.7931262803435404
7,2.35,-0.3366747920941348,-0.4856606364420392,-0.9254274431751478,-0.6457797988007227,0.7869934223426014,-0.8797294898240641,0.1896185321377469,-0.372043878929374,-0.763638635168383,-1.0866332404998302,-0.4916133827758062,-0.7798593184963661,0.0266944172256565,1.736348365195849,-0.7647954328761524,1.0952979974969073,-0.5603922651207971,0.3198005992474154,-1.1083997167948516,-0.4704768380582358,-0.1097589772718823,1.149749127237596,0.7983719045755207,-0.0452980870404839,-0.0819701986081302,0.387151762554227,0.5158542276760959,0.6807826555010559,0.5703090390156482,-0.6231124939176977,-0.1442024054585876,0.896880104709114,-0.2251438040008111,-0.6291932253241963,0.5901965855128593,0.4663320988049504,0.7663916530853716,2.280593601419085,-0.6621468845656361,0.7931262803435404
7,2.35,-0.3958422690013122,-0.4294304726003959,-0.930572929450838,-0.8706163674988004,0.8112136926772568,-0.92079041731199,0.2909428698686339,-0.4946843626181266,-0.9138308907867464,-1.0866332404998302,-0.4960749961532636,-0.7735713428174775,0.044104976616035,1.7640946720499402,-0.7842831522951433,0.9603938840050584,-0.5513684816358629,0.3502657292510254,-1.1941010793587257,-0.4704768380582358,-0.2383775972348554,1.2255452200345658,1.0929108192593553,-0.0641095012467267,-0.0874260239553599,0.6943787508356379,0.7181182454915424,0.4044261006713439,0.3245616290054505,-0.5483555010788175,-0.1760282733706121,0.9923269778181092,-0.2251438040008111,-0.6205279420211842,0.5939081958114287,0.4820878131841202,0.7782089289592695,2.280593601419085,-0.6621468845656361,0.7931262803435404
7,2.35,-0.4907131528806325,-1.2326871032395792,-0.9351109850076847,-0.8050444745757802,0.6525040012017286,-0.8565259346668626,-0.0192669797125849,-0.3538882173942417,-0.8676467438007237,-1.0866332404998302,-0.4908075934814009,-0.7838779870741321,0.0815141194785608,1.704554956211176,-0.7566364381039605,1.124801050317933,-0.5341231981669767,0.4377580614498913,-1.1140002952685368,-0.4704768380582358,-0.0799942686991354,1.2096548443291402,1.0794207989244522,0.0671646473666259,-0.0124658559826789,0.7054421125187713,0.7742744125484244,0.6829285057640933,0.4690824049884296,-0.551119578383988,-0.0733908054501479,1.2012516019249555,-0.2251438040008111,-0.6538100525076802,0.573126874357094,0.5065537038899889,0.7633562235622948,2.280593601419085,-0.6621468845656361,0.7931262803435404
9,2.2,-0.7534144452671157,-0.8421365725638541,-0.7884483800933666,-1.1606837957384792,-0.0794438255389332,-0.7964241508288256,0.6632922253856792,-0.5433347105258071,-0.9320880744132832,2.154420758307555,-0.1202645634915432,-0.234500974401912,-0.0710444411803324,0.0576588741080776,0.3833684969057869,-0.3179288164178961,-0.5937172088150414,-1.092651471267499,-0.5786128589460818,-0.4704768380582358,-1.364222561706156,-1.238348374202124,-1.1072604734105174,-1.6521181678046932,-1.4976167964836309,-1.6825183925238514,-0.8570897723103702,-1.29149151902407,-1.6674883233772086,-1.1553489372346797,-1.0950963026808629,-0.6934086094831405,-0.2251438040008111,-2.8913665768605843,-1.592746126525846,-0.3597104954425352,-1.1612052017013068,-1.289605666892374,1.1882078404132783,-2.205325574761397
9,2.2,-0.246545527290727,-0.9631028173635272,-0.8481645705848958,-0.8606866212827764,0.0247440255325229,-0.8866707916505149,0.9562529443426384,-0.3160591874875938,-0.9601102506729818,1.828543317883567,-0.1266829049786467,-0.279001561158738,-0.0608705801772301,0.0526048883055112,0.4039743273132729,-0.3076296657588923,-0.5717283987407805,-0.997093616052448,-0.6021063400600167,-0.4704768380582358,-1.3629361514311007,-1.1367422683871475,-1.1972626279269487,-1.6267529434038102,-1.479480816488759,-1.7770773907361976,-0.9502904901443302,-1.261244963972395,-1.740693895729899,-1.1040829696795342,-1.23072920336303,-0.9200105091354748,-0.2251438040008111,-2.9287148354746724,-1.6103052224564651,-0.3948689445011238,-1.1585405741748371,-1.289605666892374,1.1882078404132783,-2.205325574761397
9,2.2,-0.3463339312240108,-0.933964191372134,-0.7786031724124801,-1.0538919541364131,-0.0055828336786703,-0.9717848542118512,0.9324344684586888,-0.3657755239282451,-1.0096761191779384,2.260809109201184,-0.1263679889060524,-0.2848906768268671,-0.0388807576511788,0.0634752041971796,0.3693026371502136,-0.26046117435842,-0.4794134730453823,-0.9778134765461464,-0.617107618331688,-0.4704768380582358,-1.3548691097651877,-1.2067389319881674,-1.1254400528109425,-1.5872277822573169,-1.4548893544544192,-1.6351680127107708,-0.8372622409710011,-1.275600835438277,-1.6701514036740888,-1.1155495865521985,-1.1712164371337868,-0.7673957147101355,-0.2251438040008111,-2.9030265757209763,-1.5930561991686054,-0.354005870989966,-1.160534464779377,-1.289605666892374,1.1882078404132783,-2.205325574761397
9,2.2,-0.3109247405566134,-0.912242011330094,-0.8370116916862191,-0.7893144123295357,0.0853237631868558,-0.8858480367867664,1.1585656875112966,-0.3757026157503402,-0.9370694477665802,1.908933496806009,-0.2521847568650114,-0.3911515931854255,-0.020619392814657,-0.0375996040251105,0.2855336398492285,-0.2304922814368574,-0.4177462977931168,-1.0848449866384549,-0.5303797644749638,-0.4704768380582358,-1.3901629684830847,-1.0868907639483136,-1.1874077822624154,-1.5983341436496712,-1.5579221988215102,-1.7293691436508276,-0.7520316926256142,-1.1307756405965506,-1.512432736433306,-1.1918703052692845,-1.2479908292407869,-0.7332229030691988,-0.2251438040008111,-2.91413171641059,-1.6013873597100052,-0.3741510854323862,-1.1576907577974511,-1.2924776770713402,1.1882078404132783,-2.205325574761397
9,2.2,-0.1189524845533824,-0.9360003163969016,-0.8067181485023844,-0.8868318825184999,0.2020677750922744,-0.9330704473996944,1.446194285399906,-0.1929368304481483,-0.9798819366809636,2.3077560700665654,-0.2571656273832667,-0.3727013651371317,-0.0410498231142227,-0.0727038473463339,0.3042185767583951,-0.265134104736252,-0.429256423194267,-1.1083711963824534,-0.5317182317921839,-0.4704768380582358,-1.370335316373852,-1.2524495914484606,-1.053860607800693,-1.6120475892114745,-1.4258525388708716,-1.5259627371522158,-0.8470389336671854,-1.2512989560137335,-1.553255684914319,-1.2033797226232046,-1.179933484963666,-0.8070019180828567,-0.2251438040008111,-2.8737263722113338,-1.602157707655959,-0.3559540993965208,-1.1697182674926858,-1.2924776770713402,1.1882078404132783,-2.205325574761397
9,2.2,-0.4183612783261768,-0.9376920961831926,-0.818464847279531,-0.8066770861567115,0.0645229181469345,-0.935176029920719,0.8203258318350819,-0.5476847608047065,-0.914069077970462,1.6750645061070597,-0.263968469672369,-0.3690156498490168,-0.0384106869863678,-0.0491058228141726,0.3188974668068818,-0.2226457376833621,-0.5193419082141223,-1.136078654420089,-0.6640382969084165,-0.4704768380582358,-1.3957647475520278,-1.160093703988771,-1.0274092601738565,-1.57702131234741,-1.4330847013301846,-1.5976980218157029,-0.8228945678050417,-1.3113282003071245,-1.54310166907092,-1.16361424631494,-1.230897110746991,-0.8358134029120423,-0.2251438040008111,-2.8682623533574683,-1.5875437012117386,-0.3461222755075268,-1.162933370239335,-1.2924776770713402,1.1882078404132783,-2.205325574761397
10,2.17,-1.1989878840250587,0.1094193615067581,-0.4600032195068955,-1.2469845825006376,-0.0408668409706246,-0.4680020722509069,-0.8710762977918081,0.6619075641365612,-0.327950497740486,-1.0866332404998302,-0.810823747216649,-0.5786442341557235,-0.7632036107128297,-0.6495544495377004,0.1195822647507685,0.1254698814240836,-1.130958317992679,-0.9830098013844192,-1.3557321645325815,-0.4704768380582358,-1.408449685430697,-0.5493826776767682,-0.6418616263389734,-1.271834843619862,-2.246601081379361,-1.364396372939493,-1.0081418324117206,-0.6914840199906856,-0.9587566181714378,-1.25384062552112,-0.0055832739535635,-0.4080337885069516,-0.2251438040008111,0.2316953161988018,-0.7177957381565423,-0.7419492131160529,-0.7563729656138946,0.6080665661164828,0.1749325508727855,-1.218181212428467
10,2.17,-1.2485857634308797,-0.1138351292722659,-0.4102823328995632,-1.4403162211411091,0.1055176704094934,-0.6890022183690001,-0.7087765079402124,1.4100502972027562,-0.3340827930493562,-1.0866332404998302,-0.810823747216649,-0.5764101102045182,-0.7632036107128297,-0.6495544495377004,0.1397467548846906,-0.0296013215685628,-1.0823007928422976,-0.878133591635082,-1.2554431078987784,-0.4704768380582358,-1.3689916686944743,-0.52857868339383,-0.56188479670176,-1.1437825023863817,-2.22794329498075,-1.3106382589228869,-0.9398200504137814,-0.7399331646368819,-0.9539370622677044,-1.25384062552112,0.3406414702742088,-0.2699998981449216,-0.2251438040008111,0.2388190614039456,-0.6902147716963277,-0.7169382173448978,-0.7637522265288892,0.6080665661164828,0.1749325508727855,-1.218181212428467
10,2.17,-1.3681126277509728,-0.0833804530349281,-0.2518829384455024,-1.3754526497866866,0.1199699177047205,-0.5165708322679866,-0.7391114038729343,1.3232782212693162,-0.3187435629361089,-1.0866332404998302,-0.810823747216649,-0.5699439944312171,-0.7632036107128297,-0.6495544495377004,0.0909819591892258,0.0375474942851031,-1.1352768911583686,-0.7475748166427058,-1.2271160757646256,-0.4704768380582358,-1.365551744341156,-0.6880762702301197,-0.5327202949532387,-1.1894743286694258,-2.245721399692574,-1.2694116496472938,-1.136281433957466,-0.7159793064893561,-0.9327551341323476,-1.25384062552112,-0.0091455211632208,-0.3712618605657674,-0.2251438040008111,0.2116521366506423,-0.6863963551912378,-0.7616558390760323,-0.7541442730590061,0.6080665661164828,0.1749325508727855,-1.218181212428467
10,2.17,-1.3641318217064309,0.405719496327653,-0.398136685729681,-1.231216321789052,0.0395473093146988,-0.5926973655612795,-0.7559784258243385,1.1768506642344403,-0.287540128227363,-1.0866332404998302,-0.810823747216649,-0.796022196834177,-0.7632036107128297,-0.6495544495377004,-0.2196066803407222,0.2358276553361686,-1.0492457614017252,-0.3698216623508623,-1.1786860801419778,-0.4704768380582358,-1.2719691080055844,-0.3688550987500339,-0.5412843302072947,-1.1177765029024875,-2.1814897792745653,-1.2481013702116548,-0.8423140719127676,-0.4133306439484363,-0.5648807652579343,-1.25384062552112,0.3479939126792948,-0.2402239887515466,-0.2251438040008111,0.2158370808792293,-0.6770885208003591,-0.7440325683224084,-0.7640155792219019,0.6012622706187076,0.1749325508727855,-1.218181212428467
10,2.17,-1.2430631953601308,0.0666806169057165,-0.382599557545438,-1.3743423422525456,-0.0664556291250463,-0.5018097414392156,-0.7880300762134071,0.7342073049106483,-0.2948296986166486,-1.0866332404998302,-0.810823747216649,-0.801184777424901,-0.7632036107128297,-0.6495544495377004,-0.2113663549958331,0.0488568300920992,-1.0836783288924798,-0.4566890687228649,-1.1570560005209591,-0.4704768380582358,-1.3450741707438962,-0.5255454614780102,-0.7832151333442937,-1.1840953135846857,-2.220295911443298,-1.3416278916258593,-1.0658062824020926,-0.6364805988451121,-0.7876545002917935,-1.25384062552112,0.2793369678078153,-0.2136267340115488,-0.2251438040008111,0.2246135437789288,-0.6594477088272324,-0.7460328796273016,-0.7559401554999405,0.6012622706187076,0.1749325508727855,-1.218181212428467
10,2.17,-1.22985045508972,0.1296532331162013,-0.3410693498529434,-1.2230829230356983,0.2185662977197011,-0.4853288352477573,-0.4567619260281809,1.7584109718996708,-0.3288738972903218,-1.0866332404998302,-0.810823747216649,-0.8115868697060262,-0.7632036107128297,-0.6495544495377004,-0.1969259730216691,0.1087423161336306,-0.9798160231277936,-0.4463407346762658,-1.0391298467502106,-0.4704768380582358,-1.2783733060715388,-0.3451555054139181,-0.5940744926708798,-1.0438960001549238,-2.183169020063488,-1.2152880842709997,-0.9337370287978816,-0.3055835334162704,-0.5290506603503972,-1.25384062552112,0.3496952288063967,-0.2839815821245174,-0.2251438040008111,0.2519246995754753,-0.6117424679788737,-0.7652902995126678,-0.7610259354195579,0.6012622706187076,0.1749325508727855,-1.218181212428467
11,2.21,1.1811034812914771,0.3757035927425126,-0.9904273586847874,-0.661958123921486,1.4685562203795366,-0.1874892438335577,-0.1075915301265734,0.6710548551026919,-1.1678734216436155,0.7753608544435231,0.1793140534381803,-0.8673760416847054,0.0628078585841174,0.0578791531152638,-0.9255017186765866,0.8887933406481306,-0.9075021016418924,0.8330169712975082,-0.9215056521727868,2.0421080606174287,0.0671456999339418,1.3285401679619353,1.3034087691804668,0.4330105455691005,0.6944937465517,1.0504773062833093,1.0225593107704127,1.1316856304111704,0.8649893934797788,-0.5333614528250443,0.1602977272359431,1.284163626112459,-0.2251438040008111,-0.9445745541180244,0.1358354727653977,-0.508574137879115,0.750018725406471,0.4553351533048259,-0.2103896705861112,-0.8299119192366003
11,2.21,1.6269461736510842,0.5536294220146571,-0.978831935253838,-0.578741302976759,1.4277285985303596,-0.2463975394534236,-0.1953321841108365,0.7328523253784429,-1.157003885323983,0.6560688552482192,0.1257738433929242,-0.8721703711350115,0.1082635152880798,0.0310457037872598,-0.9284269818828884,1.0933991805071115,-0.7898997275649677,0.9075352592141068,-0.7625113210285476,2.0697162778010054,0.1714077209419496,1.3348628248274117,1.2960819466199125,0.6631039509182293,0.8493367301257573,0.7336799973147312,1.350472816031429,1.342443720932137,1.0998462342998478,-0.5370974826299086,0.2887730646470225,1.3177572171999716,-0.2251438040008111,-0.9357990864025806,0.1438588227216367,-0.5049260136765032,0.772800458754444,0.4553351533048259,-0.2103896705861112,-0.8299119192366003
11,2.21,1.3608415330768469,0.5238873752710856,-0.9862586155769364,-0.780377722580536,1.2663157719278864,-0.1300616849917337,-0.2661376546707455,0.3741670091775722,-1.1575315194356697,0.7783108915789515,0.1482451067053741,-0.8626440226592994,0.0631643621821617,0.0983958869278769,-0.924093062186792,1.0363999532498052,-0.872938974066652,0.858733767152874,-0.8544210160113901,2.15395006477227,0.2388309647437756,1.311949776783626,1.3145545874965257,0.5271804904459018,0.6517324771623272,0.8291962465699453,1.1869351394902736,1.309462756566263,1.09522584372924,-0.4975434038779327,0.2958646962075424,1.101460368440898,-0.2251438040008111,-0.8997015504294493,0.1548210132042453,-0.5318309132644508,0.7668351016568364,0.4553351533048259,-0.2103896705861112,-0.8299119192366003
11,2.21,1.1774726626864,0.7202713586573841,-0.9729844932182768,-0.5759653807511804,1.43130055200364,-0.0705692102672096,-0.421757561873342,0.2472075581418878,-1.167627215732511,0.4693145803796061,0.1422444756078827,-0.8948057363479487,0.0456906222891405,0.1079749874871037,-0.9299741341869476,0.882581887444683,-0.89765321984346,0.8720998261368895,-0.8958183451716696,2.162454915669796,0.1690136290804431,1.2164066370222046,1.156548290177803,0.4077232334652452,0.683193943447238,0.9181922128035128,1.1160649331899273,1.3665006545447944,1.0108410231572824,-0.5129542167746991,0.2844924948657457,1.3252509383525577,-0.2251438040008111,-0.967415484390352,0.0869758742967787,-0.4560184485110969,0.813397669655165,0.451787971442761,-0.2103896705861112,-0.8299119192366003
11,2.21,1.0651568083830012,0.1231468188080521,-0.993649169500302,-0.531981670785864,1.2946515224688253,-0.2743510153069244,-0.4131559038759008,-0.0754242320881203,-1.1649100887252664,0.6319613091859182,0.2310516637410198,-0.897484921665694,0.0623914728314247,0.1103537410593424,-0.9340784575189388,1.3612533583255202,-0.7552022829460973,1.0195752163634897,-0.6972898433777917,2.2660172240908025,0.2044199088097313,1.3866534638749344,1.026465658873885,0.7152670503177293,1.049025328048336,1.0401101469350562,1.3847688652155874,1.61150235068233,1.633484873038412,-0.4465197904519795,0.6009906361143792,1.394505172396386,-0.2251438040008111,-0.9149692749445776,0.094438446477446,-0.4355109868321227,0.7987503824458365,0.451787971442761,-0.2103896705861112,-0.8299119192366003
11,2.21,1.2103430657998495,0.4783257504213563,-0.986957221574527,-0.6252329490018914,1.3394698816039172,-0.1869289173869546,-0.2505672061272283,0.1040603590827035,-1.163668650192223,0.5718106740268359,0.2625378220014847,-0.8890383727573505,0.1016943734934214,0.1464859677782795,-0.9263394568233057,0.9993504289100256,-1.0189659774502289,0.6881326922877531,-0.9431591293591124,2.18183385165175,0.062224505150333,1.3592679916442931,0.9774785888759184,0.2507069209164793,0.3079856891334184,0.6912571150852065,0.8385070678873401,1.1733905112114769,0.9460348159301916,-0.4038989001774956,-0.064611967151578,1.0600415041360394,-0.2251438040008111,-0.9191529397218582,0.0908199430716521,-0.4554794458210278,0.8070864503897626,0.451787971442761,-0.2103896705861112,-0.8299119192366003
12,2.49,-0.3378189555334266,-0.0568363463405469,0.2853419444173324,-0.5524935484673404,0.4463458024531512,0.3932717789805307,-0.042718499862402,-0.1778406455148048,1.1955164919853096,-1.0866332404998302,-0.810823747216649,-1.1584032998417888,-0.7632036107128297,-0.6495544495377004,-1.1158036398575617,1.1504304886400547,1.2800970059263734,1.0742639164031276,-0.759702836588621,1.200187956403745,0.3072044623339727,1.74911514313625,1.6179916481206067,0.4597928098912885,1.094752980574185,1.2518652067296974,1.4593497676598788,1.39231710629347,1.3491310933172285,0.6445142112096992,0.3490663835645501,1.645194610091167,-0.2251438040008111,-0.9462757440167328,0.7881412284632924,1.7860244791863369,1.0903496415405862,-0.6952448652314885,0.0111695466408668,0.3555099806289089
12,2.49,-0.2656409636443853,-0.1173097419247918,0.179001176203024,-0.4801303812154001,0.5494376485770014,0.3087865495173341,0.515128124185917,-0.1690949210921648,0.8309900587371337,-1.0866332404998302,-0.810823747216649,-1.1584032998417888,-0.7632036107128297,-0.6495544495377004,-1.1158036398575617,1.0830855278353686,1.1007541350906505,0.9997370241990812,-0.8657653549997761,1.5405761169527188,0.0419330661286515,1.7909144173195846,1.7323815864448977,0.2689666279599235,1.0629085546689936,1.351571530032705,1.6002904652953314,1.2245506169120604,1.390605592763109,0.5643057018816166,0.163575794287571,1.5914548452404331,-0.2251438040008111,-0.960742799399007,0.7835571679554993,1.851235510267968,1.0702694258951386,-0.6952448652314885,0.0111695466408668,0.3555099806289089
12,2.49,-0.2671195167014039,0.3041907758707533,0.0771317872883309,-0.4613602650626207,0.333118437612168,0.3932253411128373,-0.0846671238893718,-0.5509192561034482,0.8856147168560979,-1.0866332404998302,-0.810823747216649,-1.1584032998417888,-0.7632036107128297,-0.6495544495377004,-1.1158036398575617,1.1505074540093814,1.146664382334098,0.8691382848276856,-0.778960529520474,1.63038013101921,0.1311942746771918,1.727334367298429,1.6334645294986083,0.409388245997281,0.9947105661593924,1.3995355888844154,1.3902865008979062,1.469119620400756,1.6106684836088938,0.6254628899179095,0.5431772161468218,1.3434126023510446,-0.2251438040008111,-0.9030551792898764,0.8060008067914237,1.8494582986779848,1.1189655373143983,-0.6952448652314885,0.0111695466408668,0.3555099806289089
12,2.49,-0.2812534550308027,-0.0077617453667988,0.2894719775193198,-0.6459797798438215,0.4304169629818011,0.2163289957112549,0.2898858375122186,0.3948328351502152,0.8992481141723704,-1.0866332404998302,-0.810823747216649,-1.1584032998417888,-0.7632036107128297,-0.6495544495377004,-1.1158036398575617,0.7986282907037249,1.1299961789474686,0.9915955226092164,-0.7967646937978773,1.6508771177109651,0.1611062819499463,1.706372557496627,1.5107215341854394,0.4503382160128107,0.9300548788648546,1.3524907695855923,1.4470709683050669,1.1985172665903407,0.9429300969197124,0.5693200447569517,0.1934271752666497,1.5012803732814015,-0.2251438040008111,-1.0013736517473768,0.787639337058036,1.681754140883955,1.1206134101140983,-0.7025605900880216,0.0111695466408668,0.3555099806289089
12,2.49,-0.1305329385846467,0.0921568258566259,0.2226346641461179,-0.6893307885099487,0.4808166872540101,0.0828899828173091,-0.0414108855590019,-0.2197075128706565,0.9289862673794788,-1.0866332404998302,-0.810823747216649,-1.1584032998417888,-0.7632036107128297,-0.6495544495377004,-1.1158036398575617,0.7271345029396885,1.1394372708698142,0.7613427822182774,-0.9786014870858012,1.691183823496473,0.1303763422361902,1.3582333575181995,1.6186948913868693,0.2988887559621474,0.9429196295442612,1.1531013924415774,1.3785447074417154,0.7261380390960013,0.8813452506404873,0.5674603588633665,0.1085844951851751,1.4904470164927897,-0.2251438040008111,-0.9721210166816788,0.786956144233228,1.671857702105964,1.1139920774020031,-0.7025605900880216,0.0111695466408668,0.3555099806289089
12,2.49,-0.3290039581244984,0.1547178010088114,0.2904305884773386,-0.4858117109785038,0.4664201953355988,0.2158421935992582,-0.0233153249222211,0.0093770729173876,0.9291801507835008,-1.0866332404998302,-0.810823747216649,-1.1584032998417888,-0.7632036107128297,-0.6495544495377004,-1.1158036398575617,1.1799625042397572,1.46381820417274,1.0828319537436584,-0.7210431890474224,2.244571735843889,0.369231393695062,1.7369076761513942,1.6108910537493923,0.6555014762899669,1.0784679292191268,1.4223470541292316,1.5482044580289005,1.5037592449184252,1.2886616766740018,0.759634632269311,0.5794136251415107,1.531961595650081,-0.2251438040008111,-0.9778489024923276,0.802783765574817,1.6756431334075828,1.0950663568272172,-0.7025605900880216,0.0111695466408668,0.3555099806289089
13,3.05,-0.415640741215092,-0.6459940971042639,1.0076632582374605,0.9542288268856352,-1.002224791271512,-0.2745376267143014,0.226809663302828,-0.2787420051044693,0.4140864249611191,0.4283736806775893,1.4323733648214294,2.2418493306430096,-0.7632036107128297,-0.2661253248496854,1.444995884055907,0.1785887398111639,0.7224530909494535,0.3341409097583737,1.1622378885876177,-0.4704768380582358,-0.4733789643020464,0.5273486116984899,0.3923641475445217,-0.4291777018157854,-0.1767618550580616,0.1093754640887165,0.2604562232087859,0.2595069713013257,0.2361038063383059,-0.1986022492635275,-0.4886999535291245,0.5783070708297464,-0.2251438040008111,0.0626733725080274,-0.0353263978815621,1.0766080614115958,0.1017260613885518,1.200861587029681,-1.1536361530789412,0.0322814707703047
13,3.05,-0.4450098504801085,-0.7342136803389083,0.772645075912474,0.953410748800446,-1.0075148314506743,-0.2471589058174294,0.2146955534513295,-0.462105873933066,0.4798243156985332,0.5522631181561715,1.312553375533049,2.216463842948518,-0.7632036107128297,-0.2406123861377341,1.408826703640372,0.2053226121739807,0.7164545229016391,0.2084761658285516,1.1434236540731175,-0.4704768380582358,-0.4347737902438935,0.4574252416724012,0.5756675295052875,-0.4945458530983868,-0.1270861638776638,0.0790577543635326,0.2252381517519605,0.1579066061711042,-0.2637029769916271,-0.1335671205715846,-0.2897831339207646,0.7781311796490497,-0.2251438040008111,0.0338411637713053,-0.0414195682847243,1.1140360692875924,0.0836227558192784,1.200861587029681,-1.1536361530789412,0.0322814707703047
13,3.05,-0.3293713888223155,-0.7472677061114051,0.9262502296118568,1.216921661598251,-1.026163968177056,-0.2104608737930764,0.3531220739489709,-0.5184727347646086,0.6736710576410239,0.3907133223043028,1.3995384401207909,2.2861049020507416,-0.7632036107128297,-0.24658881705182,1.5008176915529123,0.1392091640414992,0.7599680905103715,0.4744397254857787,1.3849974301521677,-0.4704768380582358,-0.346503743014638,0.5931470659639331,0.4639609127049479,-0.3558212343685649,-0.0529099236345623,0.1588137347144701,0.3609894462338266,0.3521815079819284,0.258206431468634,-0.0800420493774809,-0.1583073697832632,0.6713520334150402,-0.2251438040008111,0.0383814179805593,-0.0344610162237072,1.1095896514259154,0.0835156302815503,1.200861587029681,-1.1536361530789412,0.0322814707703047
13,3.05,-0.1984116820886258,-0.600095113057278,0.8339973139523799,0.9925738725075304,-1.023658365357994,-0.2261819028909807,0.3021130342850205,-0.382403072736923,0.5615556625519749,0.5301579939150541,1.0652782547705124,2.0291308760902647,-0.7632036107128297,-0.2830321627197597,1.3066041329736349,0.0276573950226716,0.5782292834343358,-0.2984942358587484,0.9715755335177616,-0.4704768380582358,-0.5874360619681327,0.3810013156089102,0.3719223788489038,-0.5962901280007804,-0.2251842530682117,0.0673018758916775,0.3188312228820991,-0.4622336096961038,-0.2515442816363771,-0.2197563297382074,-0.29337125466025,0.5500061071894076,-0.2251438040008111,0.0096429087490234,-0.0365960453474292,1.121382583224554,0.0780119736863736,1.193640717194402,-1.1536361530789412,0.0322814707703047
13,3.05,-0.2740955248490671,-0.5630665315321659,0.6561638429830734,1.0117350532391705,-0.9758970812709548,-0.320301939136847,0.1637047386214382,-0.3255066002040059,0.5591120929647816,0.4193041541129263,1.0674731120613838,2.011897262347084,-0.7632036107128297,-0.3310642497380437,1.2719750718838043,0.2963443583870768,0.74182436579573,0.0108821538895216,1.1747530641378003,-0.4704768380582358,-0.460063849132006,0.3963573033474757,0.321684864597356,-0.4047399267278145,-0.2377790750610051,0.1809777325445796,0.1923343222838995,0.1311692240794381,0.1232533699385028,-0.1437555816734437,-0.4577321487662851,0.4962385525729476,-0.2251438040008111,-0.0257330575859383,-0.0571493694026845,1.0539989558211722,0.0988163564241393,1.193640717194402,-1.1536361530789412,0.0322814707703047
13,3.05,-0.3272575348199085,-0.7163258421002725,0.7213215991118201,1.1831962061540422,-0.9415974632311518,-0.1734280196342484,0.5894011759903129,-0.1002600349982483,0.7682842823039937,0.4905159281059297,1.0925769420680442,1.9603104440025143,-0.7632036107128297,-0.317284692397225,1.2922434091359214,0.3051255289341524,0.6631894809304885,-0.3208383637313217,1.0919659201551375,-0.4704768380582358,-0.5204388383914169,0.4530099920248467,0.4114365060816274,-0.5524561667186793,-0.360117171412098,0.1621218415106528,0.2247644739334429,0.1229399699613355,-0.0391318584432067,-0.2050780115723935,-0.3405494462110686,0.5836103730531079,-0.2251438040008111,0.0054832029218179,-0.0480198265676528,1.1425925272328163,0.1029183229520702,1.193640717194402,-1.1536361530789412,0.0322814707703047
14,2.74,0.3857963643925894,0.5018578848556648,-0.5287388663563787,0.8288858155101886,-0.3946042403939083,-0.290212844475705,-0.7425187601914868,0.0948227232253848,-0.4009866403265374,0.4353247447741421,0.2762186437442246,0.797259181976816,-0.7632036107128297,-0.2503131177553163,0.6468639776720596,-0.011138023279575,-0.6284668215654677,0.2109932256987709,0.9819601863181612,-0.4704768380582358,-0.5441781274251916,0.5504094559710369,0.4934989571095994,-0.577352808223775,-0.2621115239731081,0.1161779460859424,-0.0761674384614421,0.0097738294647311,-0.154444560952629,-0.7554321214307611,-0.2368788857970682,0.4670328907108675,-0.2251438040008111,-0.2269060805233233,-0.2357489984674041,-0.7519853256810912,-0.3611353226402731,-0.0255076422175548,1.0893342298534725,0.7931262803435404
14,2.74,0.2743920543479842,1.3752185282041745,-0.5541399792589412,0.7635142387309636,-0.265513626294764,-0.3028016778447615,-0.4939141967558738,-0.2898041268055946,-0.4231669850749968,0.5351327539819636,0.2052784166310906,0.7788824010246717,-0.7632036107128297,-0.2734118258963201,0.6466138193946408,0.0880846016611288,-0.5796541235881542,0.1420181314047483,1.040398234713119,-0.4704768380582358,-0.5104292851869155,0.4702425072020816,0.5364474244780834,-0.5076385761501957,-0.3804448806669596,0.0360307256123125,-0.1487281512239483,-0.0035555271837438,0.0279087615516216,-0.7892015440695707,-0.3014275926409386,0.4475768315084857,-0.2251438040008111,-0.2186019144405445,-0.2218790317775957,-0.7896271067472751,-0.3592187685112224,-0.0255076422175548,1.0893342298534725,0.7931262803435404
14,2.74,0.4504000384802769,1.3760932192273372,-0.387471792691162,0.8365196584073118,-0.1150598474845317,-0.4148874716689812,-0.1337377099989362,0.4904691696170419,-0.3228178543253494,0.5354020380974347,0.1321106421436374,0.6509869479582995,-0.7632036107128297,-0.3285216555029471,0.5945621686649523,-0.0880926414263297,-0.6610973411659992,0.1440021177968553,0.8484649750070885,-0.4704768380582358,-0.6733995818919122,0.2469113752664159,0.2474433127161871,-0.5744174224268835,-0.5721164906530254,-0.1083958594149294,-0.4686870396859064,-0.2849057580070432,-0.3478329108562611,-0.8159238287627536,-0.3701244542294012,0.0913330814241679,-0.2251438040008111,-0.1843298995117689,-0.232055502992895,-0.7604183971671623,-0.3563276322297198,-0.0255076422175548,1.0893342298534725,0.7931262803435404
14,2.74,0.3599172337405085,1.4633229286488711,-0.4975906430145326,0.8620576703565017,-0.2829886762465268,-0.397203729884075,-0.6871136146449862,0.2069689949100253,-0.4015341132134986,0.7482874995795614,0.1325966099844061,0.6225365645521047,-0.7632036107128297,-0.3245677043870093,0.560548901545378,-0.1345464452335202,-0.7408049020363179,0.0003123199117171,0.9624487900123094,-0.4704768380582358,-0.6060732387858161,0.3543144649932188,0.1121397407980889,-0.5831871210720734,-0.4675196648775471,-0.0924732049340766,-0.2436598012657309,-0.570701142018269,-0.1308458099393801,-0.8130000394422915,-0.289895985496734,0.3565568258573674,-0.2251438040008111,-0.2308652979955296,-0.2425475187487798,-0.7573303947528957,-0.3626435305948241,-0.0315865059172725,1.0893342298534725,0.7931262803435404
14,2.74,0.5189661206832873,1.2230254925902115,-0.4633909824897509,1.0196911691520525,-0.2800133630581258,-0.1825473515246041,-0.6203525992778856,0.5174514220722051,-0.399331383582271,0.5228521358217401,0.1356729608225073,0.6069722763774783,-0.7632036107128297,-0.2890521167327063,0.5864270323712636,-0.3167234800609464,-0.8013167705296246,-0.1814810294463947,0.8019083014660339,-0.4704768380582358,-0.8023961944796986,0.2807295500151773,0.2568476492974405,-0.7640986267724165,-0.4367397444089861,-0.2193369432025372,-0.5598583072226174,-0.530430745403481,-0.5919978173269592,-0.8370869687691154,-0.5724509179818911,0.0845765474850151,-0.2251438040008111,-0.1742383551694306,-0.1965918258938833,-0.7747759349945728,-0.350476794269879,-0.0315865059172725,1.0893342298534725,0.7931262803435404
14,2.74,0.4443859762212311,1.1191256690607632,-0.4648035763609392,0.7523832822772376,-0.2067017756178835,-0.3047327198123259,-0.6160970518966096,0.364851155395567,-0.5173234725801495,0.4720157293008268,0.0955179009669542,0.5273016289956031,-0.7632036107128297,-0.3362950255623458,0.5683302963443146,-0.2706969879317268,-0.6517880841597459,0.0449728819353859,0.834003086461594,-0.4704768380582358,-0.5354923794317955,0.0828811318188434,0.2649782821762257,-0.4971073878961906,-0.4536078195376917,-0.0313648545426281,-0.2379252638169518,-0.1905837215953057,-0.0870948070680773,-0.8485032615917032,-0.3122629987257335,0.2899281929482656,-0.2251438040008111,-0.1765986845167921,-0.1871597508044311,-0.7575229796243109,-0.3477026752013331,-0.0315865059172725,1.0893342298534725,0.7931262803435404
16,2.23,-0.2416914060018647,0.725350977710104,0.387406237939997,-1.016350191842939,1.158042696060947,-0.3837096505055958,1.3967898506787335,0.601248661080292,-1.000434816825028,1.2909694398317135,-0.4681577732476114,-1.1584032998417888,-0.2280846599863614,-0.5242504487503359,-1.1158036398575617,0.609112535009011,-0.3527954790833431,0.5652358604338774,-0.9248688886804928,-0.4704768380582358,-0.1464395880942693,1.0149196673959575,0.8138004953164145,0.240085422314657,0.7075875010336533,0.6669737666021435,1.2241624182653177,0.6247705712554258,0.5606235290256055,-0.3803004704049916,0.2529152992302722,0.6979065885192344,-0.2251438040008111,-1.2466675898137924,0.4860543006291863,1.4814003670702631,1.1665213128134226,0.5910317858813113,-0.6640137781550589,-0.2589612613674654
16,2.23,-0.1193768827940749,1.42959188935413,0.3151647090495105,-0.8872004746473766,1.05554901828199,-0.2208474595891181,1.1376187502838424,0.5823300071019132,-0.8630956682439653,1.486264770961575,-0.4627170247837368,-1.1584032998417888,-0.2291500346874021,-0.5285050526156221,-1.1158036398575617,0.0945317081024354,-0.5817016571142288,0.4986164239798885,-1.1655646283633347,-0.4704768380582358,-0.4518925574564899,0.8188798313562455,0.8643409536119245,-0.1362992257394719,-0.0535681573154597,0.6931967187701619,0.2113925202373818,0.379649299972525,0.0406456065946039,-0.4915747503462437,-0.2526822814873783,0.3715466841274862,-0.2251438040008111,-1.2473344469318828,0.5011507031579918,1.430399867559366,1.2081829890462048,0.5910317858813113,-0.6640137781550589,-0.2589612613674654
16,2.23,-0.139666467558511,0.633607865910551,0.1126459619544244,-0.8983174533244107,0.8737918620092691,-0.1624713905371353,0.9374093904319156,0.4159871466115951,-0.9660252015995164,1.4260214914306266,-0.4756013228064608,-1.1584032998417888,-0.2472154986420968,-0.5212822271060032,-1.1158036398575617,0.5551394200245628,-0.3681845349435789,0.5866102940985843,-0.9188000610407748,-0.4704768380582358,-0.1219477805665926,1.0029735521994918,0.816669724906627,0.0290885449647431,0.6290695868201086,0.701177496971553,1.0816178660259188,0.7563403692779685,0.6221135626405097,-0.3477367499132762,0.1413466333943356,0.8405620428413713,-0.2251438040008111,-1.2717822846084106,0.4986937460544056,1.450119494738494,1.1752535064157288,0.5910317858813113,-0.6640137781550589,-0.2589612613674654
16,2.23,0.1465292171471413,0.7738131757081074,0.3638196174318023,-0.7206364645128104,0.8502784344311546,0.0032985242522368,0.5054867394531147,0.0781079280263904,-0.8917487226505134,1.082689020134652,-0.6125003393322234,-1.1584032998417888,-0.3866128893283349,-0.5839402111723924,-1.1158036398575617,0.7293604828794269,-0.2077753564544747,0.923415474480464,-0.7294928343000192,-0.4704768380582358,0.2336506279608506,1.2892371033347827,1.010943066066746,0.4578422350516311,1.0131770427086235,0.8304091310720575,1.4090839436451716,1.228699250585159,1.388280378611921,-0.1665882084815786,0.5011524776819919,1.1857428292907448,-0.2251438040008111,-1.224445905982728,0.5167098272463895,1.4852812809145854,1.1898328965951068,0.5859056793035533,-0.6640137781550589,-0.2589612613674654
16,2.23,-0.3287253979975166,0.6154138974129522,0.1750956658031932,-1.1502183551841982,0.8973065361836042,-0.3519402122551344,0.613055168394919,0.0739563744986726,-0.9064862425296236,1.0171004379227122,-0.6136794504622994,-1.1584032998417888,-0.4192465428791703,-0.5749041662665207,-1.1158036398575617,0.3910295301575038,-0.2509365557300561,0.6331076554034228,-0.8063547052658194,-0.4704768380582358,0.045826810234644,0.9501271106252014,0.6345171332779964,0.3154129107694499,0.7494567541995747,0.795121943460453,0.7995436734346203,1.2237495345906797,0.8421301413507667,-0.3478761591088364,0.3384029291185576,0.7569554478862713,-0.2251438040008111,-1.251594095111456,0.4895195292243707,1.452054474315431,1.1988136206210298,0.5859056793035533,-0.6640137781550589,-0.2589612613674654
16,2.23,-0.055061355394628,0.7430014497629195,0.1838271292882338,-0.6988801432004583,0.8282791797961907,-0.0813732354212224,0.3842612838002102,-0.0679263067672021,-0.910181147105826,1.1418208151180935,-0.6092355178373802,-1.1584032998417888,-0.4018933544865841,-0.5754870424714129,-1.1158036398575617,0.6405272256869176,-0.1827102294375836,0.7815429245921068,-0.7543616694555271,-0.4704768380582358,0.3793666865730558,1.18610919464731,0.6906841230879464,0.4553824037988567,1.251622714271466,0.7125059222286986,1.2385138732154817,1.1468054184741252,1.355725797102414,-0.252726136100905,0.5053981257892967,1.0529025867332908,-0.2251438040008111,-1.2184611234998015,0.4994852307012423,1.4743186550462235,1.231122532640286,0.5859056793035533,-0.6640137781550589,-0.2589612613674654
17,2.31,0.4248378668895152,-0.8290382976217583,-0.8508383515036139,1.1413467342115642,0.4881263495306412,-0.9478486813196676,-1.037678659274247,0.5463990336297294,1.1511403997448728,0.4255315004227946,-0.5425973663469057,-0.0727726450755973,-0.2105476590845062,-0.3067201081757075,-0.498965893600281,0.2431386044508311,-1.0875677933736718,-0.5999265473268758,1.414409403190743,-0.4704768380582358,-1.155879261832662,-0.4614651166217804,-0.4254896719277326,-0.914389339899388,-0.7831129794768593,-1.043430269707947,-0.7312287187076874,-0.4632705435897448,-0.513144125127334,-0.1738389478024913,-0.4661719730233493,-0.3309153534570881,-0.2251438040008111,0.4051533791721006,-0.6162018586431918,-1.0099200975224218,-0.8656151599466996,-0.9947641542360371,-0.3081797848579996,0.3112873897509791
17,2.31,0.2174542589556742,-0.8919322555486999,-0.8748016470107463,1.046249531781748,0.4168010116443497,-1.0338457415051372,-0.9939991610854054,1.0977314132836988,0.8410031543212717,0.5032931179270479,-0.5493675055866732,-0.0693290376419816,-0.1828662560804405,-0.3093027802981701,-0.5190263339713596,0.1576652850283764,-1.0588141963157671,-0.5105412468384993,1.460744930093392,-0.4704768380582358,-1.1514444980297585,-0.6615579081275824,-0.5294186581523822,-0.7155197794324034,-0.742905078054441,-0.9233808674278514,-0.719035810086113,-0.3954646273527717,-0.5802542827722621,-0.223884905328165,-0.4137959415029133,-0.4318986795258675,-0.2251438040008111,0.389546878185876,-0.6381251550833472,-0.9857157545068131,-0.8703760030849068,-0.9947641542360371,-0.3081797848579996,0.3112873897509791
17,2.31,0.4188154168467451,-0.940461036858997,-0.8526087515116244,1.134283882631708,0.5257079916832654,-0.8512067900166613,-1.1068883212752816,0.9928122029369516,1.106617392549086,0.2999058075430821,-0.5597955683225451,-0.0058561359762632,-0.2082564354971167,-0.3357830966669211,-0.5380818550474721,0.1582053704308693,-1.1078374415712409,-0.6050712806934571,1.3232431244662153,-0.4704768380582358,-1.2172694611138375,-0.5452532275483348,-0.4974608846527799,-0.8207680025304417,-0.8682962681942692,-1.0102737635169043,-0.7039668916957927,-0.6112188356580988,-0.647000465610155,-0.2052495181673985,-0.5008379821601112,-0.3257459585593879,-0.2251438040008111,0.4105512512209124,-0.608359354391735,-1.002452714336174,-0.8677132464633501,-0.9947641542360371,-0.3081797848579996,0.3112873897509791
17,2.31,0.1915392722711069,-0.8415442018107296,-0.8495234030336707,1.1144662570088022,0.7169050744150492,-0.9588210142397722,-1.0430856626677518,1.5588506299844769,0.9787552789762698,0.3533902181925241,-0.5911933788250981,-0.0985859912986402,-0.2129504352481252,-0.3821435845764312,-0.5809344890162336,0.3465687583572603,-1.0337896759096517,-0.7787339832443693,1.3753614538812904,-0.4704768380582358,-1.095564371132966,-0.6199820103386277,-0.3865751922071843,-0.7626539901923882,-0.5712967687790278,-0.9754137423211195,-0.4859739359664121,-0.4475588927062637,-0.6736042883409903,-0.1298753258991304,-0.6206891443746437,-0.0843512371509913,-0.2251438040008111,0.3554775595762104,-0.6664437445256866,-1.0244139524188751,-0.8651410116638889,-1.0000605916662535,-0.3081797848579996,0.3112873897509791
17,2.31,0.1841475770168809,-0.8840750441083578,-0.8979271367555876,1.1849611153547586,0.7255476253208852,-0.8664609136294048,-0.8819380670131847,1.1407570186287668,1.0146226105358138,0.5921992784100047,-0.5888362911981988,-0.0727215518668339,-0.1913042050391361,-0.3844744158766998,-0.5340117064879557,-0.03027853132087,-1.118443312998106,-0.7949017634138725,1.3770638658312322,-0.4704768380582358,-1.1620152018593333,-0.2942978616455444,-0.4243704945622604,-0.9247480342556398,-0.7589229267685365,-0.8466945645309647,-0.4997636700287866,-0.476128981309135,-0.8712713682524316,-0.1263529416181454,-0.5586471354654394,-0.1066706187689773,-0.2251438040008111,0.3384129804952609,-0.6767472335001596,-1.007044175852567,-0.8624624578024312,-1.0000605916662535,-0.3081797848579996,0.3112873897509791
17,2.31,0.2365525951718684,-0.8144084615346865,-0.8912620267569613,1.099685317711033,0.48922994058388,-0.893185146661233,-1.1340839523111683,0.6414231571776258,1.1770862837656129,0.5538411845965802,-0.581006002274085,-0.0639464220937746,-0.2184474386013528,-0.3718990454540021,-0.5764546908857333,0.0285725568813832,-1.0811644184584277,-0.7437214945109031,1.3342530057050044,-0.4704768380582358,-1.1353877534025507,-0.3869390071510447,-0.6123304031629564,-0.8094460190233057,-0.722621409863307,-0.875611684022584,-0.8352953666158847,-0.6909702047706044,-0.9124014801835362,-0.1870765541325261,-0.5929740860699849,-0.2958012082362834,-0.2251438040008111,0.3849074115541881,-0.6424668973440829,-1.0214586794435123,-0.8648683632449625,-1.0000605916662535,-0.3081797848579996,0.3112873897509791
18,2.75,0.657397666040585,-0.98230655233672,-0.7901924036067514,1.4593618897944478,1.0482574329215884,-0.5118915737534961,-0.534626839672595,1.6541957693267555,-0.2669801705652398,0.3582398637911188,-0.3969576107878572,1.842509780398751,0.0485199118857605,-0.1528435053411604,0.2933169612548582,0.137643438912119,-0.7431709096733162,-0.420656119817461,1.4105874299422885,-0.4704768380582358,-1.010796132903565,-0.1501930563802946,-0.3678902378089795,-0.575886308706459,-0.5124708342341724,-0.690139426006386,-0.4822037133805468,-0.2480689988442885,-0.5909438969640649,0.0188329603672355,-0.3222619842266525,-0.0726080499468325,-0.2251438040008111,0.7984532444089368,-0.359238281157987,-0.9593948563094324,-0.527528226373144,-0.7270536862643189,1.6303068925316444,0.3112873897509791
18,2.75,0.2586068936886254,-1.0913759705043071,-0.7631798828112334,1.2416146168829385,0.7529132762735202,-0.5786275933441065,-0.6738521788670807,1.211393921982436,-0.362434367606286,0.4847988820623652,-0.3604515616367356,1.821291144857892,0.040173858347202,-0.1070546202436022,0.2839554340759375,0.0741242063739424,-0.8012896575294781,-0.3027245489561436,1.232822756772235,-0.4704768380582358,-1.0974069878441393,-0.4508435578997829,-0.5602197573650781,-0.5784743050073538,-0.4943219887690492,-1.0195012694410863,-0.5930014891098344,-0.569533395585038,-0.733442394852074,-0.0702036443114551,-0.4625323861229609,-0.0911878633617918,-0.2251438040008111,0.8032545847769789,-0.355169357251986,-0.9807732259396822,-0.5277605508672208,-0.7270536862643189,1.6303068925316444,0.3112873897509791
18,2.75,0.772936679216901,-1.0241225427489158,-0.78396783308583,1.4951359151989507,1.009679221196795,-0.609438851964703,-0.6760027868170095,1.4585572049773738,-0.2442591982243911,0.4232342200019972,-0.4031387231010442,1.8206033577996557,-0.0439354202356661,-0.1758829099528128,0.2040761197593658,-0.2384103874780511,-0.8831747606714254,-0.3950895388663665,1.3986168548164497,-0.4704768380582358,-1.0007540056785762,-0.1785642804939221,-0.1999383948647456,-0.7358803583605323,-0.5239436209058267,-0.7346733856580232,-0.6113817967438945,-0.5250569255926999,-0.5850979605108977,0.1632018224032005,-0.3558115086768456,-0.0242729291206005,-0.2251438040008111,0.8519214915178993,-0.3385900669380497,-0.9880343241694788,-0.532171026707278,-0.7270536862643189,1.6303068925316444,0.3112873897509791
18,2.75,0.4173823094366622,-0.9722158858734518,-0.8207127811384415,1.328025616380386,0.7792656305655911,-0.6074959739654544,-0.8412250389745975,0.9874827874509744,-0.3789899781437504,0.410267260280671,-0.4233633750593544,1.2410857776803643,-0.18782087358101,-0.2571248585902734,0.1141823796591558,0.0992941020699289,-0.7504515096149182,-0.2191810972558301,1.4975843194107463,-0.4704768380582358,-0.9503237982779876,-0.2279604893496653,-0.2426533006702316,-0.4814871133310171,-0.2848434526140295,-0.852847420278558,-0.3663812755427222,-0.3093289734673421,-0.5630929661507771,0.2579863495139636,-0.049225261843212,0.0748727787061625,-0.2251438040008111,0.8262694553142251,-0.3562748504267353,-0.9710056182577452,-0.5193556162251006,-0.7344340524090779,1.6303068925316444,0.3112873897509791
18,2.75,0.91343861093588,-0.918600756555592,-0.7991994657197063,1.1903037151409983,0.8699566475290281,-0.6368137290178606,-0.7270103267924816,1.396536786194002,-0.3303292924471155,0.4489910488870624,-0.4773853210329135,1.1705091764685651,-0.170883691532322,-0.3019470561301249,0.0786373435325255,-0.1570797144561649,-0.625831171662858,-0.3145291959560266,1.647045633003798,-0.4704768380582358,-0.929340725490134,-0.591707747528971,-0.6125150083633105,-0.3544354646928975,-0.2786486491832057,-0.8781393436855164,-0.6194104802748202,-0.3155410525002454,-0.5393207663820043,0.0894800400057653,-0.1297111479612538,-0.1733941535240758,-0.2251438040008111,0.8197805142418878,-0.3732429003381013,-0.9648458114982528,-0.5422557011577596,-0.7344340524090779,1.6303068925316444,0.3112873897509791
18,2.75,0.8854975249247391,-0.9787465543191816,-0.8128851295039672,1.2995288615279703,0.8293502777998311,-0.5946476498474114,-0.8389564888260835,0.8138530935731139,-0.2527349359963205,0.520254293907457,-0.4196039192520794,1.2662041029574764,-0.1434639199453413,-0.2156093971151291,0.1252930842234079,-0.0781808537346684,-0.681916497116714,-0.2399075346417771,1.5259196507318669,-0.4704768380582358,-0.9108162503510352,-0.5909576959725981,-0.2654199082815123,-0.4226744007188804,-0.7073595396547364,-0.7466306051412896,-0.5481977060866017,-0.1295926404668998,-0.3316720720732115,0.2337141958091647,-0.0690641404741831,-0.0605411611539603,-0.2251438040008111,0.8622286820024606,-0.356446476819272,-0.950230705847294,-0.5505484483940317,-0.7344340524090779,1.6303068925316444,0.3112873897509791
19,2.39,-0.3760533434631112,-0.5800072449166026,0.1426941227937405,-0.4325627268188646,-0.4881399494182717,0.6067350920743892,-0.8470681397956709,1.8316637652779215,0.6738718002423494,0.5797524335335258,-0.810823747216649,-1.1584032998417888,-0.2886611374529841,-0.6495544495377004,-1.1158036398575617,0.365816112783318,-0.6720485549706168,0.5208498514107429,-0.1885872672012114,-0.4704768380582358,-0.892009937846178,-0.3089685833583698,-0.5759013445524713,-0.5368764182074519,-0.4271621818290546,-0.6798078762099958,-0.5241667382595601,0.4381022691455667,0.4587630935949922,-1.25384062552112,2.9265546909404243,-0.0569597108121881,-0.2251438040008111,0.9449979757782354,0.2385839715315129,-0.7435398583166352,0.3106530316584747,-1.3097577619006728,1.3813930316311964,-0.4108179490702108
19,2.39,-0.4556947458369198,-0.6289028572780063,0.1885685238818502,-0.6031976363335994,-0.3822746650434037,0.7095828918748951,-0.5966749477230097,1.690971778132331,0.9004057487095007,0.8776971541033931,-0.810823747216649,-1.1584032998417888,-0.2608530526263783,-0.6495544495377004,-1.1158036398575617,0.3380560200449843,-0.6742327763249233,0.4143877049164686,-0.140013444829607,-0.4704768380582358,-1.0084334207475478,-0.2639989151891563,-0.6791698155981699,-0.5061113932885988,-0.3162331622860239,-0.6831969225431185,-0.304351659454691,0.3970370024858153,0.2723535732802541,-1.25384062552112,2.567465789027099,-0.2029228753514278,-0.2251438040008111,0.9184913297436352,0.2295202138065668,-0.7319654549583147,0.3142020707806169,-1.3097577619006728,1.3813930316311964,-0.4108179490702108
19,2.39,-0.4692723415957202,-0.6511466301542115,0.0274391625948285,-0.64614493320976,-0.5029115377731935,0.2761933733930323,-0.7639990110836942,1.5125004273456242,0.8931093623503245,0.7086369540860499,-0.810823747216649,-1.1584032998417888,-0.2202577460317413,-0.6495544495377004,-1.1158036398575617,0.219626245945921,-0.577786305047194,0.6109931343455519,-0.0784072367930873,-0.4704768380582358,-0.7530127450591444,-0.2545951367236032,-0.48677747106212,-0.4477355107212206,-0.1815455662323303,-0.616852702984277,-0.13393496344113,0.4113359084605931,0.5753637887291979,-1.25384062552112,3.0465312990986244,-0.0149088926271904,-0.2251438040008111,0.9248629328896122,0.239584391042105,-0.7250561391660165,0.3073750059154747,-1.3097577619006728,1.3813930316311964,-0.4108179490702108
19,2.39,-0.2368906598663893,-0.5774888652054292,0.4043306317414283,-0.3396368179524288,-0.3401076672794546,0.4360822348962212,-0.7219892916846216,2.0859791591460373,0.576409671883162,0.9757350492866038,-0.810823747216649,-1.1584032998417888,-0.3643274516092108,-0.6495544495377004,-1.1158036398575617,0.2165362865952219,-0.6174022828167897,0.3319105412548986,-0.2464119178291221,-0.4704768380582358,-0.7933097131840059,-0.2247766271529397,-0.2962771969671669,-0.2932637223195022,-0.6536581291677322,-0.7205543553056167,-0.3898923394468403,0.0440571436606253,0.1699953286896661,-1.25384062552112,2.3951953833141717,-0.1831736253539974,-0.2251438040008111,0.9170003957626562,0.2448363384219317,-0.7269339916255863,0.2989367838636351,-1.3155361719698029,1.3813930316311964,-0.4108179490702108
19,2.39,-0.5152282985419461,-0.7573621910691571,0.3438969204036248,-0.7074924369218586,-0.3725037396377846,0.3170164008653769,-0.7816497873260919,3.2001889740448366,0.3950687567904072,1.0283481806323858,-0.810823747216649,-1.1584032998417888,-0.3646536238991506,-0.6495544495377004,-1.1158036398575617,0.1421162193332208,-0.6709557256346681,0.13083176524179,-0.183952689870875,-0.4704768380582358,-0.9416143959436436,-0.2923278065489171,-0.2766252190663002,-0.4818578889894981,-0.5736620972567236,-0.7550117376774527,-0.5595943364099919,-0.1301108659450817,0.2195421792343561,-1.25384062552112,2.3819814251063733,-0.2381793227541586,-0.2251438040008111,0.8679160593350884,0.2301484000318087,-0.727111488647425,0.3134248901511552,-1.3155361719698029,1.3813930316311964,-0.4108179490702108
19,2.39,-0.2589437593559951,-0.5994240889136705,0.2193910286893812,-0.6217078071463497,-0.4794518336153577,0.3587239372206273,-0.707354164540083,2.5612835938899745,0.4476767729500851,0.7436246677675676,-0.810823747216649,-1.1584032998417888,-0.4131816726547829,-0.6495544495377004,-1.1158036398575617,0.1065744025057266,-0.4655544680660022,0.7577086244827086,-0.1779997387612212,-0.4704768380582358,-0.7297167755728297,-0.1661791842278766,-0.541171428956001,-0.1343807248413461,-0.4642369237312119,-0.6722693372832946,-0.3783963597938664,0.1534416004436724,0.2535308732684311,-1.25384062552112,2.462152814037292,0.0319360164099549,-0.2251438040008111,0.8773677907449068,0.235502421493133,-0.7456547938158643,0.3228500851652243,-1.3155361719698029,1.3813930316311964,-0.4108179490702108
20,2.64,-0.041235179349274,0.333539914811529,0.8092405744610349,-1.11751032509271,-0.7820284617863508,1.1568155448504802,0.1385423289859961,1.3830039221421258,1.257549130052113,1.0818345685741382,-0.810823747216649,-1.1584032998417888,-0.3730627112827197,-0.6495544495377004,-1.1158036398575617,-0.0132548232948424,-0.4486740165036683,0.7049225096430989,-1.3378270879537268,-0.4704768380582358,-0.6939717911047321,0.0466606754778449,0.045679937603011,-0.3233574112379894,-0.3630633811890015,-0.2534303931562867,0.1887274557002719,0.3196420068660782,0.5819341570435502,-1.1038699934621212,1.5693152011056624,0.2546282972325163,-0.2251438040008111,0.6483915597773046,0.6561115178056998,-0.4074047207353932,0.6002535771773895,0.0267525233347134,1.380100833248309,-1.162554395352644
20,2.64,-0.0301284059666266,0.4802444342504275,0.3751006242082405,-1.0095519337566254,-0.865132433988391,0.9094642257097606,-0.3780942755311195,0.8740641039996859,1.3518346056708108,1.055062039327706,-0.810823747216649,-1.1584032998417888,-0.3715483817482266,-0.6495544495377004,-1.1158036398575617,0.1327821261278923,-0.3465394979400876,0.9366623697679096,-1.216730708611494,-0.4704768380582358,-0.5433645886991022,0.2302573166472543,0.1269486203652728,-0.0731110212223761,0.1209011958438315,-0.1909218601333542,0.3329990827813324,0.1829848653146798,0.2988007657282058,-1.0843671806110258,2.0232904898926014,0.0999395004936122,-0.2251438040008111,0.6164719076934783,0.6414798573777072,-0.411011451150248,0.5985168335996406,0.0267525233347134,1.380100833248309,-1.162554395352644
20,2.64,-0.1034548797816585,0.1649352878688307,0.5137287657609655,-1.2148172134060566,-0.7676645389005523,1.1509494530443398,0.1740488901584205,1.5082332032081154,1.022090457340364,0.9796626919927744,-0.810823747216649,-1.1584032998417888,-0.3843126248967415,-0.6495544495377004,-1.1158036398575617,0.2468525327261035,-0.6242122642758006,0.5685881779038443,-1.289539722982774,-0.4704768380582358,-0.8371537568682503,0.1499242617853115,-0.1398072928570042,-0.5637091009296116,-0.3093296954409931,-0.4349768673861037,0.016607510621526,0.2273912636721153,0.3269663742628227,-1.131690162163668,1.3893737234744858,-0.0544932952745533,-0.2251438040008111,0.6710025875906875,0.6641191735242419,-0.399399870415831,0.5986795416826712,0.0267525233347134,1.380100833248309,-1.162554395352644
20,2.64,0.0794712735289997,0.1350580529685201,0.8538633784499963,-1.037100173930512,-0.7130384182718911,0.9601756609713494,-0.111329751634449,1.5804996826269135,1.2057971246376666,1.4438907339935376,-0.810823747216649,-1.1584032998417888,-0.4831068955154272,-0.6495544495377004,-1.1158036398575617,0.402764361576537,-0.4138261590034772,0.743779533514508,-1.2283560428369846,-0.4704768380582358,-0.6035000089816993,0.0984467468327707,-0.1280501716919654,-0.2157333790831649,-0.2092170596507197,-0.2401146419343819,0.2356743374168563,0.3807583985551857,0.5251860068495482,-1.0633914547321357,1.462185398976951,0.0933766510133326,-0.2251438040008111,0.704174616878234,0.6174868608108223,-0.4316581792196573,0.5936791701250131,0.0247564090862782,1.380100833248309,-1.162554395352644
20,2.64,0.1375345478671079,0.7661504361237372,0.3291490674485667,-0.9952047966103452,-0.8822275731158573,1.089491890452899,-0.0579893867913396,1.1158931740827025,1.1038770430205282,1.4103145661011716,-0.810823747216649,-1.1584032998417888,-0.479836145528553,-0.6495544495377004,-1.1158036398575617,0.5034796628823406,-0.5071043577398099,0.6488301662718452,-1.2833540984799137,-0.4704768380582358,-0.7432070358342315,0.1203195935578035,0.0522090259143719,-0.3140543055854211,-0.0849841955273018,-0.1397688850815082,0.3298122463922167,0.3290640686487699,0.4654768627046592,-1.105283213559152,1.9163149848920376,0.3297056060713281,-0.2251438040008111,0.6689082905214774,0.5957241534977314,-0.4147360529498192,0.6001038488884888,0.0247564090862782,1.380100833248309,-1.162554395352644
20,2.64,0.0829900974454749,0.5350329038669885,0.5162038065906195,-1.1760117686076923,-0.7033799558648399,1.0356162304567271,0.0303981532934199,1.8683194078633445,1.307062476257827,1.2568876760923389,-0.810823747216649,-1.1584032998417888,-0.5005935156193253,-0.6495544495377004,-1.1158036398575617,0.3050975813909917,-0.2773038970253957,0.802268495091839,-1.1635506972406895,-0.4704768380582358,-0.5344247352129475,0.0845242611109309,-0.0284246947626911,-0.1188461189409606,-0.0025716082535313,-0.2294963335385394,0.4694122348258212,0.6318772680783276,0.6029579076927851,-1.0554008697501969,1.9593060402003628,0.4678014213403054,-0.2251438040008111,0.6569762344454024,0.5818229586972116,-0.4262608563513477,0.606683638831388,0.0247564090862782,1.380100833248309,-1.162554395352644
21,2.19,-0.2734305683008901,0.1238741173059824,-0.222511379020872,0.2451701720735366,0.1543102946665082,-0.3647186462410417,-0.7745917952593776,1.2024376404976844,-0.2132267339229397,2.7920164980323805,-0.6505771699105238,-0.828582229963709,-0.7632036107128297,-0.6495544495377004,-0.8795959525174422,0.0824131119038066,-0.517617034204158,0.7345038428332069,0.867706865016482,-0.4704768380582358,0.1399941774134794,-0.3147294694715583,-0.4829902838438993,0.3380480789550686,-0.2368251020416922,-0.3658929683884567,-0.5442977056144662,0.1806561156665338,0.6865772304195089,-1.25384062552112,2.3470002713498195,-0.2293082368647595,-0.2251438040008111,1.399133613956386,0.020081915862612,-0.992775947545014,-0.0181947895681934,-0.017418337117754,0.2232018209157814,-2.1408279061818107
21,2.19,-0.3601098508398632,0.253855913215998,-0.3073408305098589,0.225282670414532,0.1786132458874158,-0.3477243130054137,-0.972365379305958,1.9360923146531088,-0.3727932895639718,2.453624257939617,-0.6400114114418618,-0.8162257631645401,-0.7632036107128297,-0.6495544495377004,-0.8840187556355646,0.0674522231276244,-0.769176525016734,0.3408843761116379,0.7058980541571223,-0.4704768380582358,-0.4272836248642503,-0.2133399766260555,-0.3215232291812588,-0.0492243799433065,-0.5138592623654763,-0.3609006979933003,-0.8037669232672235,0.1982954356798573,0.2133213352488605,-1.25384062552112,2.1901163873949367,-0.4237015534007581,-0.2251438040008111,1.3950785619597117,0.0149439917972222,-0.9681850199778258,-0.036388470070142,-0.017418337117754,0.2232018209157814,-2.1408279061818107
21,2.19,-0.3385572814936918,0.1996144020077174,-0.1906694938358016,0.1897986481750687,0.2932103850186057,-0.2935462819413396,-0.5638539945762769,2.306313991744958,-0.2698432899913251,2.798552761299977,-0.6535738098882822,-0.820151334009338,-0.7632036107128297,-0.6495544495377004,-0.8821730560511903,-0.0790785345555016,-0.5084920961153699,0.6665451201865326,1.0181847138720712,-0.4704768380582358,0.0894337902502214,-0.328055048007262,-0.5939047844901685,0.4954091959815289,-0.2323125477552577,-0.4851959809593157,-0.3810831106001151,0.1806391880268159,0.3081404700946247,-1.25384062552112,2.4439282593510403,-0.2537178363147503,-0.2251438040008111,1.371007857504955,-0.0061770653394042,-0.9703691908109968,-0.0354606974868053,-0.017418337117754,0.2232018209157814,-2.1408279061818107
21,2.19,-0.3215950880829395,0.1992286335578935,-0.0176379455686408,0.0601550770778665,0.3965000074335506,-0.4326477864009519,-0.4749958094293291,3.4446185935751825,-0.438479377822076,3.099702357609878,-0.727720423744207,-0.9639550957500366,-0.7632036107128297,-0.6495544495377004,-0.9552827079800804,0.0023072843395853,-0.6804292228838223,-0.0518153839478241,0.5780859938625058,-0.4704768380582358,-0.3755265097541214,-0.3866711563358098,-0.4332758148631961,0.0222806260252212,-0.2916698495598783,-0.4435962405041841,-0.8433152551690032,0.0557997885709788,-0.1852146913910581,-1.25384062552112,2.344216036487604,-0.3018270198568083,-0.2251438040008111,1.3594887655692274,-0.0226881287852931,-0.9837162367031436,-0.0332071430363533,-0.0194389707984827,0.2232018209157814,-2.1408279061818107
21,2.19,-0.4271537476532347,-0.2129946997558519,-0.0239933573653312,-0.0706391441181808,0.3222100511611512,-0.5752812495820768,-0.6279084985298039,2.5839356227798027,-0.428661779959451,2.593111660243937,-0.7233178797366133,-0.962122013272746,-0.7632036107128297,-0.6495544495377004,-0.949365083782617,-0.2741363587574292,-0.6567408529749696,-0.0725784263422126,0.7839225698794277,-0.4704768380582358,-0.2618474202234883,-0.5807722332431454,-0.6021918298211507,0.1224757414359134,-0.2610658385191831,-0.4107183793278163,-0.7319008977884821,-0.0735892517899036,0.1669435944168015,-1.25384062552112,2.47210368537495,-0.4026039477646404,-0.2251438040008111,1.3735639048211976,-0.0060110650896546,-1.0025919876639684,-0.0408817573652621,-0.0194389707984827,0.2232018209157814,-2.1408279061818107
21,2.19,-0.1589377849169131,0.1454931707695943,-0.0394244778092768,0.2316816984557491,0.3975110748541418,-0.5254859907082816,-0.4272907476569944,3.2360233670897625,-0.4325603912872786,3.2542477938692587,-0.7301100543104093,-0.9695151765188116,-0.7632036107128297,-0.6495544495377004,-0.9548008940422076,-0.0327527525557328,-0.6593266242332191,-0.1518243874282707,0.7364004834177066,-0.4704768380582358,-0.3073659605475034,-0.2825525791415895,-0.5435183594041858,0.0981950503065375,-0.1665081934646287,-0.5280746333548707,-0.7310577132239371,-0.1455099799948132,-0.0948053894925334,-1.25384062552112,2.1215636489967102,-0.338341629764755,-0.2251438040008111,1.3658081133221174,-0.0308329860300283,-0.978253306663209,-0.0348384075821261,-0.0194389707984827,0.2232018209157814,-2.1408279061818107
23,2.28,-0.7362407276819762,-0.7853281816190627,-0.2463474068597594,-0.98115906652722,-1.070013285289691,-0.1896345461210099,-0.1225093183364854,-0.1329544780165507,1.1004224177751705,0.6536695722430227,0.6688197972304645,-0.0681042016027798,4.048097154243769,3.417167639541374,-0.481033118086404,-0.1459885834408615,1.2197530865815664,0.657617370453305,1.9874774656246408,-0.4704768380582358,1.0193570292226677,-0.15278641874328,-0.3079936744122206,0.8089039759684047,0.5200070601082346,0.1746570595231042,-0.1157356807646721,0.609488147028068,0.506312648910452,1.808193435854348,0.0880735389989779,-0.3298196583174176,-0.2251438040008111,-0.7565936258763389,1.0401797679403488,0.1817856035821791,0.6924869308646908,-0.1553582738106821,0.0938292302094291,-0.7226331717578681
23,2.28,-0.914229675761966,-0.7248516502215329,-0.250779782386246,-0.9990599929463893,-1.1218625908263768,-0.3341732330530557,-0.1322962673792152,-0.4909334241216435,0.9182244895364776,0.3235466327436038,0.6652665138427329,-0.0967965036864377,3.72932421909066,3.210927150503685,-0.4595916866729149,-0.1852197347149396,1.2104014507850205,0.5061538833707898,1.920274106797584,-0.4704768380582358,1.014684187682184,-0.1154703674527632,-0.2427788045359304,0.885520092159747,0.683287812137179,0.1934354350740364,-0.3403638393357373,0.6215030036078696,0.7505953796763167,2.004789974936481,0.128485555630152,-0.3304050819613482,-0.2251438040008111,-0.7410367126557766,1.0553904260986178,0.1957204219146715,0.6813421158437414,-0.1553582738106821,0.0938292302094291,-0.7226331717578681
23,2.28,-0.7712649572457474,-0.7848273290409948,-0.2221355258178295,-0.801163606692465,-1.097727870780856,-0.2421061883372356,-0.1103581236488694,-0.2335012769878504,1.2431820195789578,0.5774199604411121,0.7942379628192014,-0.0271826084650989,4.216492572041195,3.4363505682109423,-0.4598288615365439,-0.5762114062567628,1.0755001868380434,0.574340575535807,1.8208234687153235,-0.4704768380582358,0.7638463349574682,-0.4764429521629245,-0.3183812780513326,0.662271982772889,0.2616889784764113,0.0917263213928036,-0.6131222751898446,-0.1347143895713425,0.0267611613058916,1.304535740768806,-0.1990474636030774,-0.5507299941981977,-0.2251438040008111,-0.7323735364494941,1.0643030806615936,0.2074964996436915,0.7221760605405309,-0.1553582738106821,0.0938292302094291,-0.7226331717578681
23,2.28,-0.2996364608073144,-0.7494090367739445,-0.2205879777096298,-0.9180996145252932,-0.901023327214417,-0.1606656913880471,0.2431245175046293,-0.0785758037298634,1.1697316753736278,0.6937574422047708,0.3940521119482487,-0.2282397200357462,3.299570482660716,2.6801132192455697,-0.5429235090179025,-0.2932369782594144,1.1302575489960225,0.565946051437957,1.921034583187574,-0.4704768380582358,0.9176048918812658,-0.3008650801701392,-0.3115228190326707,0.620835725553544,0.515098876639936,0.2579366408957046,-0.310077816775601,0.3666849725019113,0.5270947897333369,1.6722206219044915,0.0271983650467959,-0.5037504412431197,-0.2251438040008111,-0.7413485828983816,1.0618789915373363,0.1998151341481623,0.7432121971361249,-0.1574574204272125,0.0938292302094291,-0.7226331717578681
23,2.28,-0.3318769807443169,-0.8419624634290419,-0.3440760288214715,-0.8457428014452572,-0.917279531404022,-0.035645099725216,0.2143101023880945,0.1322401497302101,1.0389502168511675,0.583495011026647,0.3929395863126038,-0.303358108273266,3.128235049822641,2.368741920583994,-0.5573178138480781,-0.1333780499794212,1.201826939470919,0.4991076990024038,1.998126972671169,-0.4704768380582358,1.0485751531869103,-0.1628980544266943,-0.3518124016608336,0.7523966256036146,0.8044190847220036,0.2269834426433591,-0.0540363606271151,0.4130273104635807,0.5193278446838463,1.7670005197658043,0.132988891483716,-0.2785833703804081,-0.2251438040008111,-0.7246649410715587,1.0385413236069647,0.2321051129828194,0.7379755670893665,-0.1574574204272125,0.0938292302094291,-0.7226331717578681
23,2.28,-0.4705382768945671,-0.7046280834125925,-0.1923423490330934,-0.8057533436141272,-0.944094952979364,-0.2024208567975267,0.046095841404585,-0.2379813797736254,0.9454435875724444,0.3653747054011668,0.3078386981328223,-0.3102925981769409,2.960265773750225,2.633505573610587,-0.6020599341397674,-0.2660222424810979,1.1582769483177526,0.5713480911962147,1.9910973482635537,-0.4704768380582358,0.9852355429085012,-0.2125005532235727,-0.2742073772751805,0.7402047368943437,0.6049323717260582,0.3493706495040828,-0.2975032622630146,0.6850748974702832,0.4035934711448158,1.7387908291922516,-0.1517244396267932,-0.3258729629789168,-0.2251438040008111,-0.7594172076200713,0.9807148308328216,0.2141961741519714,0.7517730707811895,-0.1574574204272125,0.0938292302094291,-0.7226331717578681
24,2.51,-0.6087587671401452,-0.500786649796183,0.3882214609274695,1.145849696253098,0.1646090008297188,-0.1177427476138582,0.6026781843969427,-1.6170758307039228,-0.3756236929257307,0.4350077367655776,1.622980155462162,-0.7740065836503135,-0.2441190967115212,-0.2495554584263696,1.3218323935739122,-0.0164930731183094,2.5768090014795977,1.4365354770269183,0.0157157587716522,-0.4704768380582358,1.9400163935592412,0.5340997485246077,0.3229509475324046,1.4460407125689414,1.75127177006415,1.2462971632473137,0.9199127449742308,1.8092670187496132,1.2728767298144668,2.760328814146235,1.159121254844678,0.3226336230502832,-0.2251438040008111,0.0651684951437812,0.3205306210894034,2.7168467303849546,0.2259165383469207,-0.2510463202709075,0.1636313504133831,-0.6170597630912925
24,2.51,-0.4980723598861079,-0.5031414191737722,0.3600062043275477,1.2357865896230569,0.237744130951388,-0.3422167484292039,0.6326978713448591,-1.6161440346012752,-0.2197679838667229,0.4881463581480688,1.515048978815386,-0.7851194486370983,-0.2455288994019079,-0.2927611871963045,1.287996564395397,-0.0236461509410563,2.4573451536581445,1.322486600782134,-0.1074492429275936,-0.4704768380582358,1.7874240275691768,0.4864799174287963,0.0658835720966785,1.3163004846039077,1.6390375118970704,1.0181862099317192,0.626168954311139,1.5929922294432346,1.3815752972258304,2.876809305273524,0.8507857756784629,-0.0582327305970111,-0.2251438040008111,0.0676288301030609,0.2994854962337953,2.733350374587602,0.2443516791817004,-0.2510463202709075,0.1636313504133831,-0.6170597630912925
24,2.51,-0.4670231155216286,-0.6051350776362163,0.4892184721511635,1.1083743220881177,0.2168716108871171,-0.1340478219060439,0.6567950330888471,-1.6028870450027637,-0.2184052045305238,0.6176760700822483,1.524724867044481,-0.789904713478774,-0.2392057139891609,-0.2992152650469937,1.3118928318621923,0.0250944121448932,2.2417240599858794,0.901101391021962,-0.3489683357414761,-0.4704768380582358,1.3528911005301143,0.2353827165261879,0.2079719809191352,1.0114454384939968,1.1121305462887945,0.9257400296263908,0.46748292730281,1.1448147500051062,1.2886502049719328,2.677945022428683,0.4570774075832896,-0.0849772195359444,-0.2251438040008111,0.0560384114818808,0.2702479273129183,2.7091884741818464,0.2217865238019881,-0.2510463202709075,0.1636313504133831,-0.6170597630912925
24,2.51,-0.5663354260768613,-0.5664875288075853,0.6317249099793668,1.0630572327818302,0.1536638253006666,0.0355722411155898,0.9254467370533872,-1.52631647310051,-0.3135766821295769,0.5078611585717737,1.945396679170723,-0.791266349525667,-0.1842140062655963,-0.3209567305048095,1.4949807650324776,-0.0719276390804887,2.466627884796828,1.1564255749411037,-0.0079105346946184,-0.4704768380582358,1.664252381386743,0.2458021465603866,-0.0026091841471676,1.2620702946261122,1.5747676659513343,0.946682721394022,0.4922371449676573,1.4866642210553265,1.6443221286607,2.5043479160852224,0.8342496939321037,-0.0038531886980771,-0.2251438040008111,0.0654017287767894,0.2209859447630248,2.692816668306664,0.2465984807623544,-0.2532017200271971,0.1636313504133831,-0.6170597630912925
24,2.51,-0.630736829392684,-0.5346754363461516,0.1119511650304257,1.143093627386161,0.0530660184680923,-0.1799780351344614,0.7208041500279987,-1.4972146332307028,-0.3279728940776424,0.4111798689997082,1.9046636711182496,-0.795691370177688,-0.2052613741436014,-0.2975778555583813,1.410645857971091,0.3226982563981806,2.37574661044035,1.0394600449040892,-0.1780921840709291,-0.4704768380582358,1.4144351832534494,0.1887198324583632,0.0985219633243038,1.1214773005508671,1.3221542550406251,0.9704293277127782,0.3625504985486293,1.4660585517348586,1.7240407825449109,2.24842857371088,0.6713252463093093,-0.0542305896594756,-0.2251438040008111,0.0581881657885844,0.2006439953548166,2.707604953787259,0.2538507354584022,-0.2532017200271971,0.1636313504133831,-0.6170597630912925
24,2.51,-0.4738784852297671,-0.5673976419680761,0.5733190112357769,0.8876828600322582,0.1624385161620906,-0.1632420188962698,0.6986818687623327,-1.4191914303427011,-0.3830193228570435,0.589956483002748,1.8908370710764328,-0.7839485378625257,-0.1800250377113552,-0.2916878116894998,1.438431869171343,0.1180984712812892,2.385064758957953,0.9934189218386704,-0.3585239601960966,-0.4704768380582358,1.4424808984728357,0.3094143932167208,0.1541593428610558,1.191135431492202,1.4499194308941443,1.1497445033289249,0.5749759778371556,0.6516329066566627,1.734883883518146,2.240324722104293,0.7444157751412005,-0.1028388420191098,-0.2251438040008111,0.0460419738741927,0.163522398639894,2.7359527457148167,0.2344038462647698,-0.2532017200271971,0.1636313504133831,-0.6170597630912925
25,2.52,-0.8785055711345128,-0.1202717496023878,1.3095137180871743,0.8875954139861105,-1.3521225361046096,0.2795041520179357,0.0618486852042694,-0.9020865246688796,0.8806485333789791,0.508199332907814,1.3092422235273649,1.180902244184041,-0.3608280755866585,0.5431818622163311,1.0456188436758498,-0.4805325828313904,1.858456570829679,0.5669565489837732,1.7260676952675544,-0.4704768380582358,0.871715649378558,-0.3241929245509105,-0.3339131729574301,0.7707401956997123,0.745827386252495,0.2932734871857102,-0.3528242521538166,0.2565415261500411,0.7611603098011709,1.6687427162053334,0.1295375063423696,-0.7283603463718585,-0.2251438040008111,0.432984539974248,0.5026036993052644,1.3909738510341518,0.0298507058155061,1.9967434015227647,-1.750931096132695,-0.6682833565043326
25,2.52,-0.8137755550502027,-0.4814083715667112,0.96205350232788,0.881176597400481,-1.4060570466340367,-0.0396069935300893,-0.4142953171074734,-1.2793223270533831,0.914402313365322,0.4720542474605415,1.3159040066572476,1.2292474377091034,-0.375660863592019,0.4414316005242121,1.031654453048923,-0.7417508502657347,1.7604569354126354,0.7693244718306754,1.9178460098525407,-0.4704768380582358,0.9762657915427108,-0.56630162428605,-0.693946562779465,0.6285372490816789,0.5675356526260008,-0.0200365299533886,-0.7574872152580673,0.483257477466968,0.4341278209422102,1.8678709456788083,0.0004658484920511,-0.636407686025127,-0.2251438040008111,0.4236866759732035,0.4782981265556986,1.4486862657483728,0.0241893885117539,1.9967434015227647,-1.750931096132695,-0.6682833565043326
25,2.52,-0.962406818945606,-0.1719862299945151,1.527648416064972,0.74788415930693,-1.355381817969563,-0.1589049921197932,0.0270602687667024,-0.9822508286741424,0.6045115572725318,0.3838810955478176,1.4256274890769765,1.1889692612282048,-0.3406763756988356,0.5726094801787524,1.075683027160275,-0.5548157413024835,1.890824065446849,0.779969799084473,1.9239842034951369,-0.4704768380582358,1.0060290247864494,-0.2353796355031755,-0.4134561175772502,0.8047201784847668,0.5573442052277572,0.1609558003609469,-0.3983313461138208,0.6085036974781106,0.1403554641538958,1.8798657574200557,0.1072970218644085,-0.4499421698913191,-0.2251438040008111,0.4005082259175467,0.4534326545359939,1.429428901329859,0.0350958332612882,1.9967434015227647,-1.750931096132695,-0.6682833565043326
25,2.52,-0.9152210991482818,-0.1581248169845084,1.6234851474087533,0.8544029723967206,-1.2857863685558466,-0.0330822855054426,0.1170773274011885,-0.6878645177430702,0.5517951321184688,0.422617863322652,1.3861087485420038,1.2222410415430796,-0.3392780542209157,0.5523864825181607,1.038575672307265,-0.7986683025569362,1.789195844101246,0.4792430493984801,1.7319629045292306,-0.4704768380582358,0.6612072269467925,-0.5074773648562062,-0.5051611138175692,0.6717291947828182,0.6002717186177695,0.1137640054402236,-0.477461569576062,-0.0308715908094523,-0.2766672853751021,1.352217140239942,-0.1162227465175699,-0.575287818246057,-0.2251438040008111,0.397954362395119,0.4226671944468123,1.39991748724238,0.0280714652842837,1.9897890269065253,-1.750931096132695,-0.6682833565043326
25,2.52,-0.9518822272319596,0.3743866445679757,1.3236838684963332,0.8477807487790343,-1.2849428087319128,0.1137853195650144,0.478640080341249,-0.693052472446996,0.7093674266671521,0.5483146110710954,1.4296625970036694,1.1718680760590912,-0.3181837186329945,0.5664526331378429,1.0466008811543277,-0.7205815953430231,1.920727925915754,0.7837677052005649,1.718240146785411,-0.4704768380582358,0.8800383957306678,-0.4446519408473546,-0.3644424190520856,0.7941555930481103,0.247345279326062,0.1271877498148877,-0.4215881519556013,0.105516892291385,0.3976484986340287,1.27074239471574,-0.0364248774613433,-0.5368778116300169,-0.2251438040008111,0.445012899493224,0.4359737731343931,1.4383319403814256,0.0389788544411477,1.9897890269065253,-1.750931096132695,-0.6682833565043326
25,2.52,-0.92587976529816,-0.1296296830342198,1.765143524274357,0.8739720998772882,-1.268691826706782,0.0086496644246495,1.2049858428003104,-0.6202463906718133,0.6829888564103265,0.6446235623403376,1.3694489906253455,1.2248992605894973,-0.3450487393982553,0.6106354839295646,1.05587445102407,-0.66323924925056,1.9237031263975184,0.7053822051104955,1.8032512714385704,-0.4704768380582358,0.9487482444329328,-0.3728067993652353,-0.2345020448897012,0.7827193291735723,0.3388229406954892,0.2454849630251535,-0.6842340376096775,0.0037879409815145,0.5673410932402753,1.4027025712243189,-0.1426717465555691,-0.6721478412856766,-0.2251438040008111,0.4523176896580621,0.4150854692799803,1.4046509761655344,0.0467281522135027,1.9897890269065253,-1.750931096132695,-0.6682833565043326
27,1.87,-0.9160143894812792,-0.6934200298883543,-0.3380460502241497,-0.933658602630446,-0.97342737122944,-0.1665044659225369,2.237934906086701,0.5022406284910166,0.5908821515154321,0.9425532955020604,-0.810823747216649,-0.3972696298508184,-0.7632036107128297,-0.569619605965256,-0.4358420176981585,-0.686993258725575,1.543103753237156,0.8153884041885688,-0.4880224312444377,-0.4704768380582358,0.7403130609704079,-0.44352995703252,-0.2844051009957858,0.6221488945149364,0.4463596927430951,0.5327728886007439,0.5282556546743786,0.1951244348490074,0.0899885529458646,-0.6671834446189706,-0.0821163125670872,-0.377659028490596,-0.2251438040008111,-0.7572817850426348,0.5866468048756749,-0.0758193328202816,0.4675507096964285,0.66037056461741,0.0192020521980931,-1.218181212428467
27,1.87,-0.7118028723854131,-0.9018489110521776,-0.2514492312106017,-1.139461359208256,-0.938775154915088,-0.159227113251678,2.735354536502004,0.3368418862485839,0.7060833626858837,1.0140059458079789,-0.810823747216649,-0.4273258695193704,-0.7632036107128297,-0.5580322453531925,-0.4087411227656614,-0.5235487747801427,1.4876855773578543,0.7787875645550153,-0.481203327042592,-0.4704768380582358,0.6127628910775481,-0.2569328638617013,-0.2172830378903903,0.5548276871659672,0.5995735087778562,0.3746900512087375,0.4895912784594084,0.1553381830699526,0.2661537086695006,-0.5386574195505316,-0.1635661744751864,-0.3457571764908028,-0.2251438040008111,-0.7497483779330847,0.5903277710192286,-0.0742606226264179,0.4736858208750551,0.66037056461741,0.0192020521980931,-1.218181212428467
27,1.87,-0.6945883776372029,-0.802040586105381,-0.2545654799258342,-1.0356256175013,-0.9287782038488004,-0.3210773862414658,2.9928498076189336,0.849859923721149,0.754169808617842,0.8569011723860648,-0.810823747216649,-0.4337922762661956,-0.7632036107128297,-0.56474590886282,-0.397821671929449,-0.6211693365303866,1.4078590853819128,0.8787269587313418,-0.5175685461161236,-0.4704768380582358,0.587664401167066,-0.2345705946347717,-0.2749891467347212,0.4822612728412466,0.6397342271113451,0.2645450557205598,0.4045319605686038,0.0925327856800071,0.1767977781737983,-0.4391626747045424,-0.1923267942387223,-0.5391281215872523,-0.2251438040008111,-0.7732364302447335,0.5897514732774033,-0.0631251695632142,0.4670614137633609,0.66037056461741,0.0192020521980931,-1.218181212428467
27,1.87,-0.8829956760494964,-0.8661756129645677,-0.4158722098673324,-1.3340653329532068,-1.0696903334699936,-0.2123342614921721,2.488088401777952,0.1756242221764176,0.5205112707275085,0.7481027578225872,-0.810823747216649,-0.4100555924790254,-0.7632036107128297,-0.5612587608705081,-0.3848796368328083,-0.7496441874510525,1.4809701546103324,0.8094652287945375,-0.5404866624530664,-0.4704768380582358,0.658344855555836,-0.1733715119547975,-0.4920640524957069,0.4918362880837865,0.2537193176906354,0.2745137085948548,0.5146230309791102,0.3179429839755012,0.1575849073898313,-0.5872736816831818,-0.2554766138995482,-0.5837018286939267,-0.2251438040008111,-0.7411459717206551,0.5849332905543168,-0.0616904995514183,0.5100784873385165,0.658695081631568,0.0192020521980931,-1.218181212428467
27,1.87,-0.7834341731848884,-0.8923850856236388,-0.3144856068586169,-0.984199787122153,-1.0306220117389806,-0.1969689107809759,2.445574682231048,0.0759003190793597,0.8520802066407385,0.6906282593656062,-0.810823747216649,-0.3973007596173224,-0.7632036107128297,-0.5638526541579012,-0.3508142650839882,-0.7233822101516506,1.2833381960711,0.4380527408304171,-0.6243222923218478,-0.4704768380582358,0.3413987451336451,-0.1131373017360099,-0.1787347710717356,0.2707210643588015,0.305291447756658,0.2605007047307508,0.3613188916635453,-0.0793360733145203,0.0724995378782724,-0.552028383471898,-0.3571659935240173,-0.5201215888967511,-0.2251438040008111,-0.8216601040685783,0.565677115901984,-0.0706415298660797,0.5040622155374826,0.658695081631568,0.0192020521980931,-1.218181212428467
27,1.87,-0.8547633547681606,-0.9498746247641184,-0.2852127643155908,-1.1525076984398714,-1.0414849169262577,-0.2356329956484236,1.973968980461961,0.0858398255415162,0.7689425380502124,0.6697828390993816,-0.810823747216649,-0.4784528868404724,-0.7632036107128297,-0.5662349624192913,-0.4286811297104359,-0.7483617933315302,1.5500328397474443,0.6675198104220204,-0.6436547365977153,-0.4704768380582358,0.6351834058205401,-0.1619750666436325,-0.0838914467746671,0.5789442076026552,0.3833650599904388,0.4136837589034027,0.4015272599045285,0.4185496962802627,0.543378025078175,-0.5175479215125535,-0.2149878219139901,-0.1130928513993214,-0.2251438040008111,-0.7832499681534575,0.557880726169806,-0.0658384489174986,0.4703691038786897,0.658695081631568,0.0192020521980931,-1.218181212428467
28,1.81,-0.3150269852668443,-1.046876544687174,-0.6890892686773933,-0.5220235732160593,-0.5929255360474214,-0.0416054787168688,0.2328275607336082,-0.8622508733964084,0.7490163249830875,0.730448810487782,-0.810823747216649,-1.0408902925998318,-0.7632036107128297,-0.6495544495377004,-0.961531763224434,-0.3378769873545951,-0.1764295148818637,1.1122753301728805,-0.3075614937864702,-0.4704768380582358,1.2976000064402335,0.5566045102839456,0.1837550163447091,1.1641214314594353,1.4656579526455815,0.6076958238694502,0.7653925942203218,0.923211066245884,1.1675831023442504,1.3818670768650514,0.095860766773573,0.0576738776208297,-0.2251438040008111,-0.1381069739218718,0.7718362570821152,0.0149802268646764,0.8339087789140501,0.8670902043004205,0.2192426254799623,-0.4604694480143167
28,1.81,-0.4424062656928199,-1.0471830184989916,-0.6605642717668934,-0.8695106592009262,-0.4640410641084803,-0.1324378025975381,0.3441594818392639,-0.9370221483789531,0.2830508007959218,0.7040356410685349,-0.810823747216649,-1.0397162021950297,-0.7632036107128297,-0.6495544495377004,-0.9630220888419736,-0.353579215275566,-0.0340712539250522,1.155984900218841,-0.2100839884763075,-0.4704768380582358,1.518349124967607,0.3755765178072622,0.1025984168138863,1.4331630563240856,1.4863074317780944,1.006401630795164,0.9205976486251496,0.9312077934322748,1.2009835958165795,1.773479135859117,0.4742387499356545,0.1317800703078013,-0.2251438040008111,-0.1336541050384777,0.7798453276049504,0.0165910166502797,0.8310938318355682,0.8670902043004205,0.2192426254799623,-0.4604694480143167
28,1.81,-0.4188263497352762,-1.0081549566188794,-0.6743901882440984,-0.7167728692587858,-0.4856085248656302,-0.0548231338848992,0.1794942828789529,-0.8062635308766912,0.2629331267621798,0.6752032409032908,-0.810823747216649,-1.058211260581967,-0.7632036107128297,-0.6495544495377004,-0.9644768244280972,-0.5882495853113423,-0.0800487269243919,1.1207442515044812,-0.3003762685360628,-0.4704768380582358,1.4205458215072009,0.34528991531181,0.0797878478745231,1.3781262248815558,1.6428170500267718,0.9390799243357684,0.8648641031206865,0.8920329485965783,0.6894761826603214,1.551123404599153,0.4868726547551218,0.1277285690642063,-0.2251438040008111,-0.1909880876025382,0.7386415947589512,0.0172784899705592,0.8264539834348489,0.8670902043004205,0.2192426254799623,-0.4604694480143167
28,1.81,-0.4861332346334434,-0.952961852103237,-0.6984585499652013,-0.91014020699194,-0.5378526804358591,-0.1040087194632898,0.3562255552993288,-0.8409596406593609,0.4523092939608796,0.6765571383439186,-0.810823747216649,-1.058041206799479,-0.7632036107128297,-0.6495544495377004,-0.9747829459378048,-0.0896132831677591,0.0643019119358133,0.979992204257442,-0.3406376046150158,-0.4704768380582358,1.5789205537839437,0.2157653203095845,0.1731998322529504,1.6665558761794594,1.3629334049752173,0.935399079577429,0.6435943608031293,1.019713278109433,1.3696460451096752,1.636820594443398,0.1521235305154913,0.0394745946953138,-0.2251438040008111,-0.1902887013196494,0.743268796386022,0.0176126389127158,0.8368526576330768,0.8655077525916062,0.2192426254799623,-0.4604694480143167
28,1.81,-0.5592645743082476,-1.0253834773683508,-0.7457536073721421,-0.8497593917254721,-0.5942441487227863,-0.1999628628988123,0.3180819775669212,-0.5776370692261266,0.3174825272537162,0.870524116224727,-0.810823747216649,-1.0648180439541173,-0.7632036107128297,-0.6495544495377004,-0.9747265599919324,-0.3209992735010046,0.0471737862337847,0.976085561722152,-0.3069613504491845,-0.4704768380582358,1.635586839798499,0.1767658219298757,0.1864932999314713,1.616155616744012,1.164725640059579,0.9574547986017574,0.6637030414388432,0.7963387226812277,1.0710792752853164,1.660291025547855,0.176834632305324,-0.0865316835461344,-0.2251438040008111,-0.1908289230247382,0.7296700258228631,0.0226039806900003,0.8428204176488899,0.8655077525916062,0.2192426254799623,-0.4604694480143167
28,1.81,-0.4571688490548409,-1.1171021171570572,-0.6890416314250558,-0.8291036155976562,-0.5219844578092733,-0.2347107842488686,0.3598020109429719,-0.7707615880216221,0.2413184734698125,0.8338109339525269,-0.810823747216649,-1.0634180982432526,-0.7632036107128297,-0.6495544495377004,-0.975144116055243,-0.1460783380612151,0.1092835472707601,1.0498771449780466,-0.1904982826568992,-0.4704768380582358,1.7185791150902283,0.1436736784232175,0.1305513970919727,1.6868326278766417,1.2606151146331828,0.9913680297981756,0.7209164706282996,0.8444363890485069,1.4031244077446177,1.6722075644366845,0.217233383673585,-0.1250732051021262,-0.2251438040008111,-0.1834708529488372,0.7350901712800382,0.011226542325549,0.839640800136462,0.8655077525916062,0.2192426254799623,-0.4604694480143167
30,2.04,-0.6076811956430451,0.6314709325211829,0.551270364966427,0.5117639721669864,-1.3002428458510782,0.4468306007480571,-0.0369710440818113,-0.2108876399608086,0.2438861496392992,0.7853452082357141,-0.4085418058754593,1.0342595537460448,1.3431169416098134,1.1482237793251535,1.0382628940323333,-0.6649898426413245,0.4720018847919135,0.1380236265305086,1.2100659942961534,-0.4704768380582358,0.6746023190138943,-0.4474979811245509,-0.648547150488695,0.3774814255887012,0.1165532040200657,-0.1557986315516397,-0.7432815600955613,-0.0783431808478857,0.0215283143102482,-0.0412479652693062,0.0170562910110799,-0.643473286492083,-0.2251438040008111,-1.770901488220423,0.1904427469934418,0.4799298142352142,-0.0054805131232603,-0.3471195352448115,0.2162658300667202,-2.797181924735469
30,2.04,-0.7309413284963242,0.1461570824009555,0.4240695064175106,0.3606189075158745,-1.350176554828071,0.231601464583263,-0.5899993341606526,-0.412638568679067,0.1014093150327313,0.7562050921584375,-0.4130837339693356,1.0261049898367771,1.232664325216178,1.11547788882629,1.0501042280217754,-0.6807148043444683,0.7424115617424055,0.4562188456872426,1.2975740309253223,-0.4704768380582358,0.8284607920199929,-0.4160059895300584,-0.7733047048350835,0.7089810322751248,0.2482514986587643,-0.0575658225843763,-0.521009536986526,0.3742386251199411,0.1857108800434687,0.1795269039330289,0.2622846067359199,-0.6083251841862353,-0.2251438040008111,-1.765753928692102,0.1844820608236834,0.4780672736148403,0.0249669267870534,-0.3471195352448115,0.2162658300667202,-2.797181924735469
30,2.04,-0.7306609196104321,0.4195684457507266,0.4344149155017446,0.6625679608078148,-1.2965754061047945,0.4438140980078743,-0.0989479213769924,-0.2639642493606449,0.1554815345492836,0.6988603000310815,-0.4281470954755981,0.9443096198561894,1.1971402966425535,1.0293464888955612,0.9515503782728768,-0.6590215568644675,0.6052354458195923,0.3506470231334899,1.2403109293236374,-0.4704768380582358,0.6768333839188809,-0.3912959058340691,-0.4852092551817655,0.6565098510586398,0.3803025834512091,0.0477132320601721,-0.6861686138152964,0.3378999954160642,0.1815704927333389,0.0429036640009046,0.1628435639046551,-0.6171769585590379,-0.2251438040008111,-1.7417348741572458,0.1893455625082181,0.4954056550620953,-0.0078193878849431,-0.3471195352448115,0.2162658300667202,-2.797181924735469
30,2.04,-0.5818643833349455,0.2317147244948593,0.3874667410082316,0.6905421847636125,-1.353426900900695,0.4793949771643108,-0.2047560275574596,-0.0669237461368808,0.017317926209549,0.5543812590833999,-0.4230702905814886,0.9817979414372788,1.1268017420934946,1.1013945136122223,0.9726379729814876,-0.7781646732386114,0.7367974827217522,0.5605926892915241,1.17039929947526,-0.4704768380582358,0.866494796560652,-0.929966131792623,-0.6236577511904565,0.7638026773732897,0.2934787149139283,-0.0255381660284711,-0.552253279810794,0.2008881508805503,0.6652052595003387,0.0885070203257609,0.3631330915083164,-0.7901300557277472,-0.2251438040008111,-1.7592605863312636,0.1600524655412395,0.46216439643696,-0.013533799085064,-0.349332930936834,0.2162658300667202,-2.797181924735469
30,2.04,-0.8036801881418921,0.2768354222922911,0.4575128111016557,0.634217124979458,-1.2640406601914005,0.4800528189456308,0.0876675393771351,0.1792319551483711,0.2080464594625961,0.6106700892304486,-0.417149366443417,0.878257069180797,1.0808218014689948,0.9811602488736104,0.9440388085273256,-0.6267953613224042,0.8162780793908399,0.6913638031591187,1.1759484634170805,-0.4704768380582358,0.9886597294180453,-0.40272840224531,-0.5227155187135797,0.892039786917018,0.4938443693727462,0.1630448694323816,-0.4067482700996448,0.2478008978682242,0.4320674549871126,0.1158329400430242,0.1142711585217192,-0.6529661803977245,-0.2251438040008111,-1.7956162275267278,0.1583759363361924,0.4952274699951832,0.0039939752873936,-0.349332930936834,0.2162658300667202,-2.797181924735469
30,2.04,-0.734477791235195,0.3761005554426563,0.6856943934939574,0.7367443687250327,-1.305392728809251,0.4066985088456168,-0.2231833367275859,0.2690004648364242,0.1767680997149653,0.6962177810921821,-0.4089748108659897,0.9637716804626346,1.0200040559208892,1.0354379414801884,0.955722640620954,-0.6024184401336432,0.8421163282841707,0.7569883208024923,1.40329966293503,-0.4704768380582358,1.0536978495950982,-0.3525330771435012,-0.5294382029041681,0.910661263141528,0.6771444945308643,0.0956890737235726,-0.1404235210784156,0.3227027666054139,0.7787258523589977,0.3293371449076382,0.3342492960987686,-0.4130350782246955,-0.2251438040008111,-1.7711818052870711,0.1633608400458668,0.4807060948700474,0.0101159930965377,-0.349332930936834,0.2162658300667202,-2.797181924735469
32,3.02,-1.1093540387225864,-1.2389063559153022,-0.7584793244801942,-2.0132719543196487,-1.6070405862655062,-1.1781402245562318,-1.859489974644781,-0.8521830821458042,-1.2145742410848024,0.4219020742137663,-0.6069976352178854,-0.4517245045751554,-0.7632036107128297,-0.6495544495377004,1.185805646523544,-1.6376535152206273,-0.963681102627693,-2.239867093470997,-1.012412418116669,-0.4704768380582358,-0.8005833119020984,-2.341732924101543,-2.2078088395674222,-1.967056568761525,-1.4535178524662982,-1.990829276855174,-1.161999583461889,-2.205697527534839,-2.427983857880202,-0.5907334471104051,-1.4095664754557502,-2.100036416302592,2.2061705070545075,2.2412956478449706,-2.953059708391535,-1.7186170412471269,-2.4401873418907924,2.3263394837022457,-0.1496724458070721,1.8454027374502295
32,3.02,-0.996619108006606,-1.2389063559153022,-0.7961055217614498,-1.567685470955736,-1.6195820401364658,-1.0449733573481554,-1.893981767349057,-0.9441390238690792,-1.212684487825156,0.3852508784444211,-0.5947450370367046,-0.4739990732665622,-0.7632036107128297,-0.6495544495377004,1.1797150884220102,-1.6376535152206273,-0.9612523587048402,-2.3061609586363945,-0.9270125992111397,-0.4704768380582358,-0.7488660734893821,-2.3170264955176987,-2.240755175180575,-1.9509320020847896,-1.483292428510697,-2.0149481848692807,-1.2694944994795268,-2.1082368694627784,-2.4061365527771725,-0.5054921608805955,-1.3948052155503945,-2.0861336225452387,2.509728410992329,2.255271331926971,-2.904856434367856,-1.71741164867255,-2.441483663123851,2.3263394837022457,-0.1496724458070721,1.8454027374502295
32,3.02,-1.150985975341024,-1.2389063559153022,-0.8135922386237017,-1.882396904401034,-1.6259911702494678,-1.099676606099796,-1.9512737645588447,-1.1355968261596792,-1.2161264168857808,0.3445641907225468,-0.591432029779537,-0.4686057215017584,-0.7632036107128297,-0.6495544495377004,1.1938927467797331,-1.6376535152206273,-1.0328957669692604,-2.1922167951482576,-1.0100943582110085,-0.4704768380582358,-0.8702360697029183,-2.3640285811248622,-2.392311383093847,-2.038520727361531,-1.5351789325617065,-1.9861448476389665,-1.1594206531081224,-2.205043401568625,-2.5188071197895816,-0.6472659136936495,-1.5141862903826495,-2.1041429878866085,2.404909225857462,2.2343723761323626,-2.900042713972252,-1.7238697997766352,-2.439074249875734,2.3263394837022457,-0.1496724458070721,1.8454027374502295
32,3.02,-0.9987336789408954,-1.2389063559153022,-0.8552100994115241,-1.75984451344967,-1.6444542940077265,-1.1042554012806571,-1.9262739300235576,-1.1609780779091496,-1.214897092164312,0.3050393659830642,-0.5883488609629913,-0.4855403098372202,-0.7632036107128297,-0.6495544495377004,1.1926899506560698,-1.6376535152206273,-0.980008950760333,-1.9585981434314788,-1.0128578012606928,-0.4704768380582358,-0.8386125571701765,-2.381601896187594,-2.234065903068116,-2.059130952727471,-1.6298001390086394,-2.003378828404019,-1.354609312274203,-2.0412025058331635,-2.479115597146737,-0.5864748962282699,-1.4624894835138835,-2.157153539930315,2.0763990340630407,2.214101285312516,-2.887129864448103,-1.7218749894982426,-2.438844345078391,2.3252821651345283,-0.1496724458070721,1.8454027374502295
32,3.02,-1.1369072417391826,-1.2389063559153022,-0.8214171516401599,-1.9838130534148244,-1.6505454138106104,-1.1002144091157051,-1.9037905381636688,-1.0420707890063636,-1.2156917894630337,0.5115338267716449,-0.5852652536412751,-0.4695807853889373,-0.7632036107128297,-0.6495544495377004,1.309568082106777,-1.6376535152206273,-1.104050731355538,-1.93122904069624,-1.1720137181480728,-0.4704768380582358,-0.9951385082110318,-2.4550584447822588,-2.3652683213356114,-2.114976582153279,-1.68275576507252,-2.1885135879411317,-1.5075108518205764,-2.102679881572779,-2.581617712983802,-0.6326699213214301,-1.3891589667454864,-2.185078149131593,2.0890093416493225,2.2370822203858687,-2.888601873966522,-1.7230437417494802,-2.438567813239709,2.3252821651345283,-0.1496724458070721,1.8454027374502295
32,3.02,-0.9869027141917234,-1.2389063559153022,-0.7765841471243726,-1.7726119533246616,-1.6040406434187853,-1.067922141315346,-1.8992044027563324,-0.974248266050398,-1.2173460852617397,0.3112775445772214,-0.5723635291370155,-0.4612336480947631,-0.7632036107128297,-0.6495544495377004,1.2453899926556624,-1.6376535152206273,-1.0486522849142443,-2.04429987892543,-1.058518005942861,-0.4704768380582358,-0.8799939103760125,-2.328819195183099,-2.1957058861450025,-2.0627559006561533,-1.5493400101768784,-2.0905948034903155,-1.3754609081164697,-1.9717801358398,-2.45371691989871,-0.5433658635820034,-1.491735574072399,-2.182808962414559,2.052188649520103,2.276758857705927,-2.882011765506313,-1.723541488729303,-2.439680105485972,2.3252821651345283,-0.1496724458070721,1.8454027374502295
33,3.27,-0.5470048151414021,-1.2389063559153022,-0.1602485961975607,-0.4523840217297064,-0.9367222792501928,-0.8932716136398839,-1.0669295455267709,0.2620077915774368,-1.2037912283675791,0.371881949168643,-0.810823747216649,0.4142171162672491,-0.7632036107128297,-0.6495544495377004,-0.1703731320134762,-0.9750703294324766,0.3413648666394043,-0.9569794365812896,0.1872502965681137,-0.4704768380582358,0.8515896214004414,-0.7703008719889125,-0.5157074239767279,-1.2886300827032346,0.9180986245990672,0.2916854932406443,1.55348577063463,0.1993407097251858,-0.2688322890033484,1.990150938992114,-0.4147251859024599,-1.0567090833806916,6.605621035796103,1.6368749188206,-2.691810893783644,-1.4982140130951556,-1.9899261486107955,0.6953776857866961,-0.3552765024523616,1.357062577540496
33,3.27,-0.4986304611496064,-1.2389063559153022,-0.0300808230218859,-0.4504242395036623,-0.8745106977388956,-0.824057851874204,-1.1783546986365616,0.3929022602035685,-1.2023732729701118,0.3381700020215358,-0.810823747216649,0.3997671768676427,-0.7632036107128297,-0.6495544495377004,-0.2210337058979442,-1.0334454178085029,0.3516620455609864,-0.983014990514136,0.1754209977873574,-0.4704768380582358,0.81054458560261,-0.8101205920991948,-0.6286447394808193,-1.3078070013303702,0.8813465956657426,0.1920657768111899,1.5462966863211949,-0.185584680056399,-0.336773707825891,1.8700666781341813,-0.4347708697414104,-1.0459637806183382,6.838184357873664,1.6602459775956413,-2.698800563305459,-1.4898356411141946,-1.9903990113988017,0.6953776857866961,-0.3552765024523616,1.357062577540496
33,3.27,-0.5535978770158322,-1.2389063559153022,-0.0802742428562324,-0.4362753175096149,-0.9875394165991712,-0.8485659364895355,-1.1325562323711396,0.266637472786712,-1.200833813162877,0.3632437062029323,-0.810823747216649,0.4229050275073267,-0.7632036107128297,-0.6495544495377004,-0.2243215874508941,-0.9413506940392228,0.2578683233626095,-0.9203620729342692,0.0547214382936001,-0.4704768380582358,0.7728732054709796,-0.7689103595156536,-0.6409372827042585,-1.3309605348585534,0.4482659358723446,0.0759555187155711,1.4962564837518202,0.1473865910349937,-0.3540626353257283,1.8163790837312328,-0.5322492138842337,-1.1180306909319435,6.2850566489681166,1.7092464307842308,-2.704630361434701,-1.494043228359849,-1.9863991968613912,0.6953776857866961,-0.3552765024523616,1.357062577540496
33,3.27,-0.3930369397713973,-1.2389063559153022,-0.3137339214036796,-0.5119823362299245,-0.990426460280181,-0.8780354305938709,-1.1767746654158315,0.3353851233101437,-1.204363969203631,0.4254585911251429,-0.810823747216649,0.365548006067236,-0.7632036107128297,-0.6495544495377004,-0.3036383200927872,-0.8687595031519767,0.38461984117305,-0.5214293818263541,0.2436905614562231,-0.4704768380582358,0.8451817741064871,-0.9071469399392144,-0.5299509481664924,-1.219783121548832,0.6477885972117571,0.0201187147314571,1.4105043909296056,0.1203260427061174,-0.3620595014672825,1.9251192542631,-0.4236072004992048,-1.0000822505425464,6.257092980352912,1.6690141230788096,-2.702368077429892,-1.4909715790874811,-1.9869769850990624,0.6970362749289647,-0.3552765024523616,1.357062577540496
33,3.27,-0.408091951463694,-1.2389063559153022,-0.0199528870101519,-0.4034514066861075,-0.8636251521634818,-0.8227833850578994,-1.0562953754735251,0.8107831049067598,-1.2058388292088984,0.399321923648984,-0.810823747216649,0.3982424990334622,-0.7632036107128297,-0.6495544495377004,-0.3224205325993398,-1.0573172245457507,0.2508616937456899,-0.8219486400920066,0.0943798812945194,-0.4704768380582358,0.7484061261538572,-0.8345358833418506,-0.4866693891004472,-1.2917103895422548,0.5822387375494684,0.0865962940405861,1.4917108378427957,-0.3373451570048013,-0.5621746039784931,1.7806710138237802,-0.4668071507662841,-1.0016412606403862,6.149556382201549,1.6594126052034726,-2.704944425317622,-1.4926385789241183,-1.9875326574592156,0.6970362749289647,-0.3552765024523616,1.357062577540496
33,3.27,-0.5730245967435134,-1.2389063559153022,-0.03830456493615,-0.336000645356205,-0.7010227141494932,-0.9318284432461302,-0.7544793130538365,1.750558783893092,-1.209122854050083,0.4313946069826214,-0.810823747216649,0.3822451299942053,-0.7632036107128297,-0.6495544495377004,-0.3383752722484857,-1.0225897331616514,0.3018801325389578,-1.1560184293834743,0.0216101046170892,-0.4704768380582358,0.642335634626242,-0.8965995238459058,-0.6331258653643598,-1.2381905560427944,0.6148635623284476,0.1852363197645797,1.429013034503053,0.1464631784959054,-0.5957376312806164,1.878860366458686,-0.3088096735759981,-0.994295938277868,5.65977351762044,1.6765464827656338,-2.705239125037914,-1.495508170841094,-1.9815989600026709,0.6970362749289647,-0.3552765024523616,1.357062577540496
34,2.66,-0.9588814861011228,-0.9251222902014624,-0.9478694321808928,-1.0658362465097646,0.0756271213673255,-0.1720457500619977,-0.3377559846764694,-1.1156494838123154,-0.850901108541586,0.4005883488203043,-0.810823747216649,-1.1584032998417888,-0.7632036107128297,-0.6495544495377004,-1.1158036398575617,-0.3726713003587519,1.6999174024433483,1.0075057053668826,-0.3581161736570397,-0.4704768380582358,1.646816349922008,0.1831678804062321,0.1930928684806016,1.101790388408015,1.3964610585076735,1.0396316466975126,0.552847173279046,0.4991359103501017,1.195919527147716,2.725836281855728,-0.0273347796261538,-0.0071345051807784,-0.2251438040008111,0.14151291685779,0.5470455031453815,0.3800187414978083,0.6947467889482001,-2.3493244582632657,-1.3078636565224866,0.0371506134813497
34,2.66,-1.008132980802262,-0.9718825937431084,-0.9395071460405215,-0.893347645777286,0.2768330855950715,-0.0312310240091435,0.1684015258018578,-1.1026317575267344,-0.7948277962703026,0.3289351216490723,-0.810823747216649,-1.1584032998417888,-0.7632036107128297,-0.6495544495377004,-1.1158036398575617,-0.5996852219890294,1.8668558505376027,0.9306435572744104,-0.2528661139118672,-0.4704768380582358,1.5767563826961208,0.3000782006327859,0.0598155329979133,1.2004410188364765,0.9009759728049952,0.9175709979100964,0.1870680368091452,0.5393377652314365,1.3236591907654178,2.6835413446001146,0.0092829606411661,-0.2091191740737363,-0.2251438040008111,0.1978334332060698,0.5850075889229374,0.3709890941149672,0.7048508658709025,-2.3493244582632657,-1.3078636565224866,0.0371506134813497
34,2.66,-0.9591322112422304,-0.8829874933682276,-0.9365616431201284,-1.117433541612681,0.2935411358764043,-0.2679749688869169,-0.0779999617412614,-0.7950367296576657,-0.8666633480724912,0.4929058101970252,-0.810823747216649,-1.1584032998417888,-0.7632036107128297,-0.6495544495377004,-1.1158036398575617,-0.6233270632271645,1.8936343395146773,0.7302047592473707,-0.262596363765427,-0.4704768380582358,1.6716638994989914,0.3122366432955001,-0.1195099157820488,1.2916834954196963,1.4100426672043604,0.8330523981863124,0.4995527950375618,0.4152409915377612,1.1667807215935369,2.6920367241316883,0.0093051316764763,-0.325868226217174,-0.2251438040008111,0.1595371782831377,0.5606969668149318,0.3797743015786463,0.6886090836941995,-2.3493244582632657,-1.3078636565224866,0.0371506134813497
34,2.66,-0.9182281450017022,-0.8711891323110824,-0.954510501383393,-0.7476819793536791,0.0894995529554367,-0.012898806488584,-0.319783752898189,-1.0717847840447667,-0.8396055547809543,0.60784762249345,-0.810823747216649,-1.1584032998417888,-0.7632036107128297,-0.6495544495377004,-1.1158036398575617,-0.362934965695893,1.9302677842756608,0.8755243300365945,-0.2683393192238183,-0.4704768380582358,1.568697617915935,-0.0141862353465671,-0.1318260015208597,1.3197699853500713,0.9909600830326905,0.8356348318038905,0.2453830443327932,0.3300539195856002,0.8727576909874606,2.7088416421536032,-0.0433486264791564,-0.1335903374398898,-0.2251438040008111,0.1476141960381883,0.5469142412283815,0.3663560829068183,0.6957703547236582,-2.3493244582632657,-1.3078636565224866,0.0371506134813497
34,2.66,-0.9218246982746666,-0.8922609798435543,-0.9646082035430028,-0.9099022077442388,0.0855901059398656,-0.1453554042029586,-0.3017431329397447,-0.7798519130543535,-0.8201087801094163,0.4426443435845343,-0.810823747216649,-1.1584032998417888,-0.7632036107128297,-0.6495544495377004,-1.1158036398575617,-0.622429837732419,1.7827736013703452,0.9884343708952956,-0.4129458561279627,-0.4704768380582358,1.4493508584475892,-0.0913424241995758,-0.2592052253671356,1.06542328159433,0.8152385867608886,0.5522317140952714,0.1044710479054467,0.3424010905059836,0.515118676281114,2.1579543282086617,0.0140198227201206,-0.5641325194979554,-0.2251438040008111,0.1268399778379945,0.5475044073774178,0.3797754042335092,0.7005423872916048,-2.3493244582632657,-1.3078636565224866,0.0371506134813497
34,2.66,-0.9006991925180787,-0.978729421966287,-0.9412507160302654,-0.7865417332030019,0.1912488180705508,-0.0537789886848884,-0.0890336371988322,-0.5258131378373537,-0.8379338273726197,0.4787527815628515,-0.810823747216649,-1.1584032998417888,-0.7632036107128297,-0.6495544495377004,-1.1158036398575617,-0.4686176482837236,1.8213762879421551,0.7830224198402059,-0.3758075400363336,-0.4704768380582358,1.4634933901847196,0.055611727805962,-0.0073244162774773,1.230090323360342,1.0920970394036844,0.8474714828328056,0.5934399990452753,0.418270922843111,0.8631480926990379,2.5390186428474104,-0.0287975594319619,-0.0137251647949266,-0.2251438040008111,0.1188228105355678,0.5195202350042194,0.3754841412600645,0.6983547166938288,-2.3493244582632657,-1.3078636565224866,0.0371506134813497
35,3.23,-1.7124337711426538,-1.2389063559153022,-0.9706581246842048,-0.8239417633157066,-1.554012978229105,-1.3160512285850778,-1.9329858130821485,-1.3964110600427244,-1.15066403473018,0.3945690596716673,-0.810823747216649,0.9749813325555284,-0.7632036107128297,-0.6495544495377004,-0.0933932421987584,-1.6376535152206273,-1.3833616054291882,-3.614637317009101,-0.1399180591626484,-0.4704768380582358,-1.6800152965967976,-3.0224173857633554,-3.091520129496806,-2.1363104827048174,-2.478659678089172,-3.188317051489085,-3.56035703697156,-2.99577045429804,-3.1010368062983806,-1.25384062552112,-2.3319742436404844,-2.4786937738705768,-0.2251438040008111,1.6084852066484474,-2.8594245928474264,-1.9882858769357727,-2.454135924389074,0.1115604473916238,1.0549349922260185,1.2828325695658085
35,3.23,-1.653810108403295,-1.2389063559153022,-0.9935309134561374,-0.7603504971910616,-1.5623261440914986,-1.3938925615510451,-1.9053662669369216,-1.191003578667359,-1.1642696222715585,0.4426965975787874,-0.810823747216649,0.9919502745588704,-0.7632036107128297,-0.6495544495377004,-0.0916855914228108,-1.6376535152206273,-1.37732946051932,-3.614637317009101,0.0364223297956727,-0.4704768380582358,-1.683985070212881,-3.007950473625338,-3.1007681883218465,-2.126999335587567,-2.516685966990771,-3.227578788811752,-3.5590379712379066,-2.9913034902102025,-3.1010368062983806,-1.25384062552112,-2.3319742436404844,-2.471609524432586,-0.2251438040008111,1.5896831162137206,-2.8284160164241743,-1.9895531794690404,-2.4528919301602587,0.1115604473916238,1.0549349922260185,1.2828325695658085
35,3.23,-1.6919869191193206,-1.2389063559153022,-0.9721255850996884,-0.9284630110978124,-1.582726697105042,-1.3797446254777863,-1.92636743246398,-1.357648020710796,-1.1644598343054553,0.593412237200114,-0.810823747216649,0.987538090420124,-0.7632036107128297,-0.6495544495377004,-0.098064360660457,-1.6376535152206273,-1.4057352094938032,-3.614637317009101,-0.0502809746183617,-0.4704768380582358,-1.7217601872292976,-3.0130296399436483,-3.1106135855276653,-2.2322244360513355,-2.477131190714585,-3.205428433541456,-3.557467002655084,-2.9867289509426955,-3.1010368062983806,-1.25384062552112,-2.3319742436404844,-2.469375455422524,-0.2251438040008111,1.5445016975851948,-2.82021268135618,-1.9811140553119555,-2.4558970271221883,0.1115604473916238,1.0549349922260185,1.2828325695658085
35,3.23,-1.651747488812536,-1.2389063559153022,-0.9854589348536484,-0.5981953569680525,-1.563383953276669,-1.3127202608749002,-1.9239499563145088,-1.2116225206261946,-1.1666195776392456,0.5031272266831581,-0.810823747216649,0.987693917152006,-0.7632036107128297,-0.6495544495377004,-0.0323628898045898,-1.6376535152206273,-1.428679932528012,-3.614637317009101,0.0035127426399965,-0.4704768380582358,-1.783391992996217,-3.0268302671382434,-3.112994911968197,-2.2330028463346245,-2.5331043877806603,-3.205038050026888,-3.563386958425681,-3.066146581935589,-3.1010368062983806,-1.25384062552112,-2.3319742436404844,-2.483067830320771,-0.2251438040008111,1.6044278799817802,-2.820010505431392,-1.9878107753575285,-2.4562728300804277,0.109610572949246,1.0549349922260185,1.2828325695658085
35,3.23,-1.6767937831264383,-1.2389063559153022,-1.0065397867166213,-0.868096797495682,-1.5962917700223755,-1.366377821665715,-1.9887120908224056,-1.66911770628903,-1.1560774025588547,0.4026449629705783,-0.810823747216649,1.0144456882178898,-0.7632036107128297,-0.6495544495377004,-0.0377247362306252,-1.6376535152206273,-1.4069471703310572,-3.614637317009101,0.0895222640358831,-0.4704768380582358,-1.7512232907598475,-3.0170561375857288,-3.0842530192597586,-2.2279535317097023,-2.4915145761719124,-3.233721640182522,-3.569969698436589,-3.071905003587267,-3.1010368062983806,-1.25384062552112,-2.3319742436404844,-2.475675103480973,-0.2251438040008111,1.5639591348688833,-2.822391786216948,-1.9889104915791465,-2.4592659583421166,0.109610572949246,1.0549349922260185,1.2828325695658085
35,3.23,-1.6587770792266892,-1.2389063559153022,-0.9703793331132864,-0.8778676556791746,-1.579799136898517,-1.2996194437959958,-1.961015247698156,-1.4068212511288851,-1.1871434967975043,0.3366437100069153,-0.810823747216649,1.0548438258747033,-0.7632036107128297,-0.6495544495377004,-0.0504049247223199,-1.6376535152206273,-1.4146353648337822,-3.614637317009101,0.0571092206832384,-0.4704768380582358,-1.766416294934338,-3.0247221280674594,-3.0790987959254514,-2.232375995655799,-2.506262468290091,-3.189073155054218,-3.569088941536927,-3.0777586321004087,-3.1010368062983806,-1.25384062552112,-2.3319742436404844,-2.493984042900034,-0.2251438040008111,1.5350414853934553,-2.821114233220279,-1.991084898548405,-2.454055173064191,0.109610572949246,1.0549349922260185,1.2828325695658085
36,2.25,-0.6304251576386771,1.44127918627356,0.6195446199246661,-0.700070191772603,0.4428250916703453,1.1979012496643222,1.1398345907617644,0.1012875290824707,-0.6148329026813341,0.3729976275684145,-0.810823747216649,-1.1584032998417888,-0.4751148187319129,-0.6495544495377004,-1.1158036398575617,-0.1326063236437882,0.2484642336142232,1.4390337101323107,-0.1592025155187077,-0.4704768380582358,1.4937355260604324,0.7789373750112037,0.7005450311882708,1.834657805217268,1.8023611027472668,1.3724493437235246,0.7777601699854451,1.171997097139537,1.6385977670450136,1.1538426089555809,0.634777016255181,-0.0627816065443766,-0.2251438040008111,-0.3614402985774584,1.2572586950599511,0.1869786546318497,1.707085957166978,-0.4344609638780776,0.5009754843760751,-0.9927297100191188
36,2.25,-0.5912490845615617,2.1603925828087025,0.7463532174719378,-0.431204436282197,0.501385269213038,1.4976316054860364,1.1479610232999582,0.2425806160312417,-0.595243542851513,0.4526361866156442,-0.810823747216649,-1.1584032998417888,-0.4591111335814244,-0.6495544495377004,-1.1158036398575617,-0.2629355520412801,0.22076101592357,1.4946773069862864,-0.2142617942659785,-0.4704768380582358,1.5438416661812713,0.7942958120106721,0.6493193309016998,1.8777019319386172,2.026577147920466,1.3696571424296702,0.9868831353862524,1.0306241268559508,1.6345641496687089,1.0545491237357014,0.9849449260645736,-0.056040221133919,-0.2251438040008111,-0.3964827965006838,1.2568022369190888,0.1936328442621664,1.679364351631171,-0.4344609638780776,0.5009754843760751,-0.9927297100191188
36,2.25,-0.7636837462319219,2.223187183602548,0.8696434082381391,-0.6954419439677055,0.4659351862733412,0.927165250140686,0.9485504762006696,0.0536148248213769,-0.7297672288266144,0.5327771498056338,-0.810823747216649,-1.1584032998417888,-0.4583459947901183,-0.6495544495377004,-1.1158036398575617,-0.2081851992854812,0.2577190565016286,1.4929762112319411,-0.1855340173478603,-0.4704768380582358,1.561424640729085,0.8172388643204292,0.2988253069682385,1.9195600226226344,1.7021806346856034,1.0990004581587065,1.1267921787465638,1.090114245151138,1.6975767090524607,0.9141814949019064,0.9186801444314486,-0.073221417877528,-0.2251438040008111,-0.395420231445503,1.374400089424982,0.2005024768603927,1.6642378522364625,-0.4344609638780776,0.5009754843760751,-0.9927297100191188
36,2.25,-0.6847359583295944,1.1424028793374776,0.8092490901124657,-0.6128044671139153,0.4879672580472757,1.0763767538896185,0.814583694412175,-0.1210600057441624,-0.6445119884908783,0.7804006169588178,-0.810823747216649,-1.1584032998417888,-0.4516176393039662,-0.6495544495377004,-1.1158036398575617,-0.1946862686991043,0.3095549950129624,1.4574881343340118,-0.1239550919480876,-0.4704768380582358,1.584919015919844,0.6402080716966493,0.4537487671962587,2.007406251130119,1.7385119307390635,1.238792570695796,1.1599430516130589,1.3047003507558603,1.325425632746427,1.3401389926437668,0.9280419302161036,0.058238571365142,-0.2251438040008111,-0.3580538257507652,1.334010140093182,0.1822152776972942,1.6822669314273828,-0.4367284372565675,0.5009754843760751,-0.9927297100191188
36,2.25,-0.7816809303442497,1.3985645338386925,1.1660692633587848,-0.9247958694736294,0.6834026724466536,0.969811073823906,1.3482409057414102,0.562782807492562,-0.6707166289051054,0.7616629237725644,-0.810823747216649,-1.1584032998417888,-0.4565153685949967,-0.6495544495377004,-1.1158036398575617,-0.1098786278682636,0.2757462675420832,1.454071509378854,-0.1160464912032986,-0.4704768380582358,1.5139255297459078,0.6661770171314734,0.6774552500647819,1.9724585819192215,1.63968545342379,1.3542450378279949,1.00921098844776,1.2609987954897728,1.6327416637116212,1.225744211416574,1.2150323068709925,0.2348680036120281,-0.2251438040008111,-0.3673370415429899,1.270305987865067,0.2073602828334896,1.6897379523988107,-0.4367284372565675,0.5009754843760751,-0.9927297100191188
36,2.25,-0.6933268618137344,1.5430819598559575,1.0350396655680851,-0.8412239440069872,0.6126930549746121,1.1199498591406682,1.107112465430991,0.5377736316094107,-0.6054440389410753,0.6271672634682895,-0.810823747216649,-1.1584032998417888,-0.4322539687653126,-0.6495544495377004,-1.1158036398575617,-0.3266123492756698,0.2565346322491686,1.243068904693638,-0.3110357156698277,-0.4704768380582358,1.4410368604592183,0.6550581091077374,0.3480140015332267,1.826198671009109,1.7326670477409192,1.351943342005527,0.770181729097638,0.7633031856821577,1.657002532574761,1.4271313801625511,0.5876273923501003,-0.080293194659809,-0.2251438040008111,-0.3745140613060639,1.2407055234436086,0.2059982211210779,1.6920544073922972,-0.4367284372565675,0.5009754843760751,-0.9927297100191188
37,2.19,-0.4353203683847867,-0.168821130997932,-0.6843624247734775,-0.896915414464452,0.7117829225214979,0.317919911063639,0.9990730989358548,-0.2168138853229708,-1.0497387207979532,-1.0866332404998302,-0.7109348552270781,-1.0577397477338382,-0.5254118918776315,-0.6495544495377004,-1.1158036398575617,-0.6501871969504825,0.145184799570132,0.8543648978440379,-0.4320748858025268,-0.4704768380582358,1.277384639578863,-0.2449972122406529,-0.1684903064358394,1.2103661191627826,1.0199797091627614,0.695516459610335,0.0614373402823766,0.2661895247451868,0.9325571967917052,0.6477613364799505,0.3726358592698245,-0.4729213500926609,-0.2251438040008111,0.7908292580088583,1.107675925306587,0.488775741293051,0.9927903667391068,-0.2965814771084406,-1.086272608631154,-0.6331929945719972
37,2.19,-0.3383972366761264,0.1157769481511744,-0.7091132410638201,-0.727853148135537,0.8603136832224816,0.4630634982238204,0.838529335321188,-0.2683851121369626,-1.0149250291606138,-1.0866332404998302,-0.7114614832937883,-1.0687074226515207,-0.5426614733228196,-0.6495544495377004,-1.1158036398575617,-0.5405167383151128,0.092758809393042,0.9915263118124236,-0.4191344054201726,-0.4704768380582358,1.2953926929639863,-0.1382109001169801,-0.2169974941774926,1.2593893317168718,0.8839869572863396,0.5240575876449142,0.1824011820065345,0.2243771682568061,1.0410020854299362,0.6089325058862567,0.3662044537396402,-0.4015078508193511,-0.2251438040008111,0.8210159871653859,1.1303077464862286,0.5145078648225013,1.0265506240336195,-0.2965814771084406,-1.086272608631154,-0.6331929945719972
37,2.19,-0.4592969623016154,-0.1123568229161825,-0.7025673605071221,-0.9617466097541274,0.8318165771142768,0.1526538207106169,1.3421053110235155,-0.1749501390820723,-1.069477841259754,-1.0866332404998302,-0.7067364143628824,-1.0732381772354669,-0.5474989706421849,-0.6495544495377004,-1.1158036398575617,-0.7149796551437619,0.0408471877073942,0.9187876055859464,-0.5158698146937325,-0.4704768380582358,1.1450679357668676,-0.249376277979602,-0.0248106702370033,1.0888353196343368,0.9572218111580572,0.5470137300271121,0.0628666302644244,0.3628421773607702,0.6640285067981585,0.5056711535503279,0.2152823548657154,-0.4082251720422491,-0.2251438040008111,0.8021333674150293,1.1171267054490568,0.4969278922339865,1.0261170850232846,-0.2965814771084406,-1.086272608631154,-0.6331929945719972
37,2.19,-0.5574592556833409,-0.2847593382016601,-0.765491462210255,-0.8443636447027459,0.6854192948846355,0.3873134693473829,0.7654678273532806,-0.8998631961821115,-1.046781807393543,-1.0866332404998302,-0.6664062587058234,-1.0762420065688894,-0.512859648178681,-0.6495544495377004,-1.1158036398575617,-0.7267337304410793,0.3025319692494359,0.6695571707718723,-0.539094172432967,-0.4704768380582358,1.3392049764981169,0.2877017034438363,0.2835219676958351,1.4602148836902626,1.4123918163674722,0.7210495924460331,0.0403690658715762,0.1911825405178388,0.6666180300789258,0.6939776860109161,0.4272942568964996,-0.4153333451263633,-0.2251438040008111,0.8063965238799216,1.1303047066271927,0.5033864461376096,1.0331825599046711,-0.3031335168481723,-1.086272608631154,-0.6331929945719972
37,2.19,-0.4001799755251779,-0.0192732032313447,-0.7130759832779958,-0.9543219889190636,0.892089266136243,0.1406918121542235,1.3426935965057722,-0.8331958414782233,-1.0526584731989297,-1.0866332404998302,-0.6646930929747726,-1.0820555960371587,-0.4985698084733843,-0.6495544495377004,-1.1158036398575617,-0.7007124893236771,0.3297019166700343,0.8124234177221737,-0.5003110640261047,-0.4704768380582358,1.3922379043073676,0.35534082410864,0.0290357575102865,1.56843115646733,1.1824582031605546,0.807471972781212,0.3407220469969774,0.2954349630148583,0.6337055952012538,0.6683549146692027,0.5449842837778595,-0.339059138069902,-0.2251438040008111,0.7764666860437347,1.105377428092143,0.5103658899391672,1.033785066008173,-0.3031335168481723,-1.086272608631154,-0.6331929945719972
37,2.19,-0.3778168126940326,-0.0666206109094073,-0.7276282040258812,-0.8171480718586378,0.772255791909983,0.1412951853489243,1.0388289711164524,-0.2807557777928853,-1.0578669925552588,-1.0866332404998302,-0.6626267977630788,-1.0799994061245064,-0.5189630108466383,-0.6495544495377004,-1.1158036398575617,-0.8037183672715092,0.2245076229776106,0.8266420559940169,-0.519708218383665,-0.4704768380582358,1.2852718210687069,0.1390584344515941,-0.1649592477834259,1.453169119318634,1.0819102049153229,0.7001127953444775,0.1793031986722343,-0.0789741728411348,0.4851991645201745,0.5895991507031649,0.5236804738897121,-0.5767196659115769,-0.2251438040008111,0.7944299973072846,1.1122618194499847,0.5071080555006998,1.0411556480527098,-0.3031335168481723,-1.086272608631154,-0.6331929945719972
38,2.83,-0.721698659735547,-0.1183321664931257,-1.0235242397226083,0.0638748724965488,0.1011537630917307,-0.7744495387344452,-1.576664486131973,-0.635015298426144,-1.130619360198519,-1.0866332404998302,-0.7248604811463595,0.2366447861740617,-0.5389032113271833,-0.6495544495377004,-0.3457262481961087,-1.3279283231323769,-1.2825795716753068,-0.873817161304114,0.7060847202590776,-0.4704768380582358,-0.3511687202261668,-1.8709192101333272,-1.8761927347539695,-0.6155499677631743,-1.3370058235749478,-1.5316331737800335,-2.1887783587566543,-1.5984446881911651,-1.67983755445268,-1.25384062552112,-1.171524089932229,-1.83834120148002,-0.2251438040008111,0.9300020718116756,-1.6962005485278184,-1.560388000451349,-1.6746547221704131,1.2538529399277056,0.1511973420794339,1.26262716803571
38,2.83,-0.4559882793025359,0.0616532798540318,-1.0190676184296064,0.3483678133095634,-0.0445580711345626,-0.7043705747406329,-1.6177105018530074,-0.5104126066973557,-1.1299028480026474,-1.0866332404998302,-0.7239074328198751,0.2813185102849871,-0.5871720233823166,-0.6495544495377004,-0.349062688628353,-1.3422442780508903,-1.3318995522262227,-0.897593449054337,0.5809323059003141,-0.4704768380582358,-0.3827410670597543,-1.8923337649068348,-1.9711706305819203,-0.7316148288619402,-1.4371934354083653,-1.618190695088287,-2.0354466064636902,-1.7435804380541975,-1.481474967839732,-1.25384062552112,-1.3400288448766795,-1.6952744416989065,-0.2251438040008111,0.878046247548834,-1.7044391830140622,-1.5709561185926155,-1.6828505924124408,1.2538529399277056,0.1511973420794339,1.26262716803571
38,2.83,-0.5762398142780479,-0.3850506446232803,-1.0206275008953507,0.1837679494763193,-0.0687724316138554,-0.9098414720794904,-1.6212426418446098,-0.635056392416068,-1.1420395927850868,-1.0866332404998302,-0.7174920031672736,0.2558263163809618,-0.5508631014409094,-0.6495544495377004,-0.3463148659778317,-1.3325210511307526,-1.3513464237123096,-0.9143946686359864,0.6492739267923751,-0.4704768380582358,-0.5212730115315837,-1.876083870536932,-1.8604524115908776,-0.8484835685327677,-1.472983096569653,-1.642968104012654,-2.2635524223118555,-1.752885013557068,-1.8399281335198832,-1.25384062552112,-1.1463153730915383,-1.874744083205428,-0.2251438040008111,0.8992958722981468,-1.7052080634491342,-1.569703591319377,-1.6842894501923564,1.2538529399277056,0.1511973420794339,1.26262716803571
38,2.83,-0.578206121966547,-0.0368352929010036,-1.0271410726426051,0.0938052445887756,-0.2404802381120242,-0.7407317035301517,-1.6438945776310545,-0.8908731693928622,-1.1240910577847267,-1.0866332404998302,-0.7128347652570154,0.2834683433200006,-0.563459721171228,-0.6495544495377004,-0.3349920594022639,-1.4852656878796862,-1.5322037729530236,-0.9946433287715112,0.1074592528708787,-0.4704768380582358,-0.906226888210838,-1.7648220766303793,-1.7594874939142562,-1.4272489125290628,-1.427938732828024,-1.6928606120675962,-1.9575520728000364,-2.164954621175552,-1.7801979891220188,-1.25384062552112,-1.052748042273895,-1.7336567056134875,-0.2251438040008111,0.8815027802753675,-1.6927804123178014,-1.5650457372381956,-1.676517911572681,1.2524308959019244,0.1511973420794339,1.26262716803571
38,2.83,-0.7297521624485962,-0.3634476009633843,-1.023022726554873,0.0604394132964537,0.1611956265089209,-0.8038176969982135,-1.5542617888462935,-0.5788510988536791,-1.1412507636955862,-1.0866332404998302,-0.7325633524971087,0.2516300960262541,-0.54319019375926,-0.6495544495377004,-0.3200160691100321,-1.5062212959503596,-1.5395162549965724,-1.176582660060914,0.0079286240415828,-0.4704768380582358,-0.990358183107879,-1.829489097237331,-1.7838358559811085,-1.6009853531132316,-1.4450553081780042,-1.6557679698378718,-2.0714340561442195,-2.3193474542696286,-1.7101665311564,-1.25384062552112,-1.254474009175459,-1.841197817717343,-0.2251438040008111,0.848816366387031,-1.694575613845541,-1.5675329372247848,-1.6733287456107726,1.2524308959019244,0.1511973420794339,1.26262716803571
38,2.83,-0.5087313645949173,-0.4363747335936098,-1.0235698884577458,0.0927510053567627,0.0044907048359857,-0.7510990981510755,-1.681336469183997,-0.4591957254288806,-1.1434996662296932,-1.0866332404998302,-0.728514039543286,0.3230080459644164,-0.5376199046516273,-0.6495544495377004,-0.3470579797402574,-1.4708677283956897,-1.5452623705979749,-1.0047175839863216,0.1402707733540401,-0.4704768380582358,-1.0002719299508094,-1.8834514270377904,-1.83574858711537,-1.59008271719136,-1.534105485994354,-1.619286863689733,-2.0912764844803915,-2.171989370405332,-1.934301325333207,-1.25384062552112,-1.2468643704463915,-1.8989163325147376,-0.2251438040008111,0.8724431595463894,-1.6988190584449403,-1.5645319207753057,-1.6860753352418505,1.2524308959019244,0.1511973420794339,1.26262716803571
39,2.69,-0.8777728107396329,0.9455380817434988,0.1891147986026318,0.6738956339267113,-0.6514800945309146,0.5922663569068415,-0.5651667992348368,0.9039742993973506,0.5890484378974621,0.7386263398729684,-0.108487769918424,1.2902513154151372,-0.0055480033623994,0.0303878023112408,1.3929923707434395,-0.8296924324189594,1.2524033982609382,1.045779127171776,1.5357179609888862,-0.4704768380582358,1.1390617561164833,-0.2433002649228083,-0.4934629714463168,1.0632193524953402,0.6383497284682524,0.4242086441684727,-0.5449522122391464,0.54417893458083,0.3012131111010075,0.7439729725928169,0.7632097808229203,-0.7671254122100993,-0.2251438040008111,0.6832896801716655,0.5973662372584694,0.8115762015344107,0.5474504926486327,1.1014015523218756,0.2727196935224329,0.1265917771605161
39,2.69,-0.8821065894973885,1.1759030873641172,0.0217927187814198,0.6353206328606945,-0.7306813125760916,0.7758533995010165,0.0468800306755637,0.7640307615320675,0.4506435696601348,0.3070027446966206,-0.125675734379905,1.2255630400850817,-0.0394370882880851,-0.0077462383499414,1.3570341761214302,-1.238635889498941,1.464386032526369,0.970069430132239,1.487078495247973,-0.4704768380582358,1.4021876772372786,0.0637037366488901,-0.2051366154325824,1.3721560624939042,0.946877697408723,0.4745333486579707,-0.2714084356194278,0.5646661542254072,0.6690108139250366,0.9211384974676244,0.8914442674407126,-0.5274609306538082,-0.2251438040008111,0.6802810077180765,0.5906482022233926,0.8033771635188743,0.5603964158055521,1.1014015523218756,0.2727196935224329,0.1265917771605161
39,2.69,-0.8777465840082774,0.4283629760402387,0.0476830317126273,0.6260359107595044,-0.6656169967597245,0.5606452000781047,0.0941392559708208,0.9346870656444364,0.3688841620656501,0.4376791759080681,-0.1253217821969945,1.2232473292090478,0.0058725989114255,0.0026593349174037,1.3396909381066386,-0.8420159654580698,1.184132158636947,0.493152881486,1.3586403972114656,-0.4704768380582358,1.0203953107863997,-0.3221074728798622,-0.4027771798591827,0.9667613914024304,0.7240952824680119,0.3483427349442666,-0.2726854594426374,-0.0954437014680582,0.5825433295644956,0.606226580757968,0.6323628675364951,-0.6328034519510506,-0.2251438040008111,0.6546206320328967,0.5978510356648861,0.8447944289295232,0.5473650965576858,1.1014015523218756,0.2727196935224329,0.1265917771605161
39,2.69,-0.967874678051272,0.5841628925483184,0.0516980595608072,0.8774011922994963,-0.7340788850312044,0.6411478520549407,-0.3415752226406882,0.3327375558800207,0.5459903139844492,0.6337374120687618,-0.1406077862542512,1.2508930567172505,0.0528637462844017,0.004508564536598,1.4138624541745628,-0.9911368526931384,1.2852071391082542,0.5359078214020074,1.430593691776728,-0.4704768380582358,1.3415379694649916,-0.3759114033470374,-0.4877597960396588,1.1668641916146811,0.7579926851384813,0.4248245276369939,-0.4501169538821368,-0.200071177287153,0.2716702588542483,0.7621138570251537,0.5215835302803244,-0.8891465575866498,-0.2251438040008111,0.6148735418877069,0.5878490556831795,0.8254613664103347,0.5192024436304928,1.0999183177111238,0.2727196935224329,0.1265917771605161
39,2.69,-1.0605904160556572,0.7135710745409061,-0.0172615789646349,0.519631569107547,-0.7050034018251085,0.334385597477011,-0.1383466116622366,0.6136602972905346,0.20101662763775,0.6413256885185675,-0.1350153142718813,1.1576375752257144,0.0340466484063483,-0.0495824627885038,1.335268134448607,-0.9525735330191688,1.2473461033811168,0.5874020909805038,1.4315420181885177,-0.4704768380582358,1.0968586146923858,-0.2895806309984445,-0.4464756038994183,1.031933621419469,1.0452533662417047,0.4189625448103061,-0.2381986320921573,-0.2264057074209389,0.5310098599561182,0.9481887139974376,1.0135412653887064,-0.5066504057013858,-0.2251438040008111,0.6424833911540696,0.5878224510565324,0.7979432473276449,0.5508812944756353,1.0999183177111238,0.2727196935224329,0.1265917771605161
39,2.69,-1.0350681336690393,0.830867141664118,-0.0090349087043235,0.6348265722375396,-0.6304967802424223,0.7058823497716472,-0.2990680700989823,0.0974452732408644,0.3400588452855873,0.4853815376183559,-0.1172621475175066,1.2347934164596035,0.0311096908978635,-0.0174166526912438,1.378877871112394,-0.7707485909837917,1.2908055430586958,0.6343882706511729,1.3941814971812827,-0.4704768380582358,1.285231261419108,0.1351724757415725,-0.2863153978290881,1.1395476794111823,0.8817249358958312,0.4499318843428673,0.0079455274092859,-0.1723297474763788,0.4369860638712854,0.9899099900776482,0.942443854605152,-0.4281366609739247,-0.2251438040008111,0.6125607801835021,0.5791947600674042,0.8157916111383929,0.5457185349165098,1.0999183177111238,0.2727196935224329,0.1265917771605161
40,2.35,-0.6660390331532099,1.3984927694299365,0.760158084632255,-0.9926159818162742,0.2142311061965859,0.7699026443866525,0.2804805459681285,0.0709071096874128,-0.4677413577655782,-1.0866332404998302,-0.810823747216649,-1.1584032998417888,-0.3397082757849897,-0.6495544495377004,-1.1158036398575617,-0.9147310887385104,0.356547708038621,0.8137909109658463,-0.6798643023239451,-0.4704768380582358,0.9289724944931356,-0.1612816980918022,-0.3248521010488709,1.2642092533787588,1.2161198908353392,0.6071241313521534,1.2063161040380304,-0.2809334828100677,0.5519160840894533,-0.3329809449536162,1.423094698419188,-0.3707869553164583,-0.2251438040008111,-0.4996059522287226,1.3045414416773795,0.5299707005234062,1.624217370578494,-0.905890663053352,0.1142846621472872,0.1265917771605161
40,2.35,-0.652279277806118,1.50953263732325,0.5984634450986277,-0.8328320044340989,0.1011092419766232,0.8202401600650218,0.2887254025092843,0.1429318607041964,-0.4794873026447858,-1.0866332404998302,-0.810823747216649,-1.1584032998417888,-0.3390785976303961,-0.6495544495377004,-1.1158036398575617,-0.815173950345473,0.6417576373868525,1.25229440502192,-0.436310330419535,-0.4704768380582358,1.534838992013061,0.0858360933743601,-0.2726374834625903,1.7542209111333134,1.440978098747209,0.9470985864051364,0.6951516570542213,0.3080228288879227,0.5286903499997263,-0.2854190789532263,1.0799370390628669,-0.5084224016947168,-0.2251438040008111,-0.493037729523414,1.3057079316988545,0.5218122557059619,1.635659370889542,-0.905890663053352,0.1142846621472872,0.1265917771605161
40,2.35,-0.7545485232075186,1.027476267765746,0.6512548291143913,-1.0348782726987598,0.0281986773133098,0.8103670293847026,0.900841007290063,-0.1227235798330771,-0.5116942708146398,-1.0866332404998302,-0.810823747216649,-1.1584032998417888,-0.3249609515730478,-0.6495544495377004,-1.1158036398575617,-0.9240123472505548,0.4469895776424715,0.7958875881367028,-0.4593167947726637,-0.4704768380582358,1.0879133944262032,-0.0915201638786157,-0.3011570523805396,1.3947279632834624,1.4245121345131215,0.6210281254156991,1.1000406186159482,0.5259879494975837,0.5811228476955487,-0.312185649498939,0.6872752441866952,-0.0401481188822602,-0.2251438040008111,-0.5318634508602342,1.2905207304761412,0.522431986035285,1.643803197999854,-0.905890663053352,0.1142846621472872,0.1265917771605161
40,2.35,-0.7826955946992427,1.1880289666213544,1.1909205285996534,-0.9579997083476074,0.3259439218398701,0.7076496669171499,0.3976172294942073,0.2700529199543314,-0.6029460135076649,-1.0866332404998302,-0.810823747216649,-1.1584032998417888,-0.4335889974963204,-0.6495544495377004,-1.1158036398575617,-1.1207569246807667,0.765658032074802,1.2912912564950438,-0.3472861151914589,-0.4704768380582358,1.4228282346218473,-0.2093926531707841,-0.4712446930035455,2.079341668770395,0.9298988419293276,0.6307499542060294,0.4040247392239605,0.8161236873452237,0.5453208107696764,-0.2954258813146551,0.5262349312982166,-0.6969211529553353,-0.2251438040008111,-0.5416680801528343,1.2862777000366572,0.5157144870293272,1.6429619041620749,-0.9084736800196804,0.1142846621472872,0.1265917771605161
40,2.35,-0.7189227780383414,1.5770047816687498,0.7341694518837446,-0.7876415950252602,0.1282664927398165,0.8434821993968299,0.2780247282412765,0.2830485914054668,-0.5080239897375121,-1.0866332404998302,-0.810823747216649,-1.1584032998417888,-0.430235586291109,-0.6495544495377004,-1.1158036398575617,-1.123258695844645,0.4250270941244529,0.9764298350136844,-0.5089344305212388,-0.4704768380582358,1.1642620419200846,-0.1880395239623611,-0.1835073589978117,1.5774481033468013,0.8358249990887904,0.6417137836579496,0.0722350418137753,-0.113244662647339,0.4172015671961679,-0.3330245952053845,0.4139503406499223,-0.7885562550015918,-0.2251438040008111,-0.5653244646389581,1.2810779010507929,0.5089680746150751,1.6322381709303817,-0.9084736800196804,0.1142846621472872,0.1265917771605161
40,2.35,-0.6655302001493035,1.1559390103037492,0.842495376202067,-0.7006066376380851,0.2360332560746178,0.6982275300090182,0.4327775838932127,0.0661647182294637,-0.4798328249816131,-1.0866332404998302,-0.810823747216649,-1.1584032998417888,-0.4327198596915773,-0.6495544495377004,-1.1158036398575617,-1.214531565996516,0.6276394026708885,1.0094368739808506,-0.6673276410491893,-0.4704768380582358,1.1673870323385802,-0.1920487592226503,-0.3355409872101128,1.6631564680541524,0.8939457137446806,0.6080655768651289,0.1538322217154384,-0.5394722040932648,0.3440818472501592,-0.4023045270849222,0.1211908121337195,-0.8383520008842362,-0.2251438040008111,-0.6633867749871419,1.2532385889518822,0.5210612290623311,1.63947550534858,-0.9084736800196804,0.1142846621472872,0.1265917771605161
41,2.61,-0.344025821412262,0.0479884748628464,-0.048708068363357,0.833595722023613,-1.022723231734729,0.628612346707716,-0.2454944581383557,-0.6680372113385329,0.3175850696092701,0.3780970734651767,0.2764932739530936,0.9825102016872962,-0.4278360463833932,-0.4532364515104192,1.2420661087936768,-1.1521830877153645,0.4571282329022232,0.2481981475647869,1.33730667191454,-0.4704768380582358,0.7831074683723586,-0.9801215635031556,-0.6806114352322262,0.5297651256492126,0.5886888941091672,-0.0594561282496452,-0.7154893370540978,-0.6860797884207231,0.0358211668009693,0.5042343489625593,0.7155639343758611,-0.9089193607476124,-0.2251438040008111,1.0018662050269014,0.3209934608027878,0.3770913931590462,0.0387918605621674,0.4588788651984033,0.3010466007703777,-0.1129881246847695
41,2.61,-0.5117369651437714,0.0815595498557757,0.2207288243171233,0.6140330304565911,-0.9212264778148382,0.2927420220387726,-0.1750313257197635,-0.1117399158279378,-0.0218210940684827,0.6401696125615295,0.2541551836815112,0.9831259558528525,-0.4345895537625457,-0.4497769577017546,1.2456887914849233,-1.394067100800665,0.6087289348736217,0.6157093406090204,1.4630245117835003,-0.4704768380582358,0.772126203994947,-1.1209443602982192,-0.5958270774157194,0.7103994163289408,0.0122790172075888,0.1390998181883173,-1.110121072786137,-0.0999791900945721,-0.577293129941442,0.5791936867631068,0.2778982347587851,-1.328298152319443,-0.2251438040008111,1.0071946234297753,0.328625692050727,0.4149818888518944,0.0357859352978828,0.4588788651984033,0.3010466007703777,-0.1129881246847695
41,2.61,-0.2892352396462543,0.1109491045630903,0.1279007168654629,0.9349854206744096,-0.8856852856644769,0.362456578164131,-0.1576486732505299,0.1365452259772239,0.2349369935767391,0.5742218955657036,0.3555144780236239,0.9851278890570764,-0.4387949264300619,-0.4339139411241154,1.3286454539899328,-1.1628045662408564,0.5078267643683043,0.703250283641053,1.2151456555238918,-0.4704768380582358,0.7348663319217086,-0.9216645845284932,-0.6706655969275767,0.4827798922206249,-0.0586535257022039,-0.047706473591327,-0.5783461440516415,-0.4154616823406619,0.0743399669812733,0.2500608638666164,0.6128909364491363,-1.0313050184822323,-0.2251438040008111,1.010683956358097,0.3154667127717521,0.4511156619000966,0.0655608303609202,0.4588788651984033,0.3010466007703777,-0.1129881246847695
41,2.61,-0.5177039597825195,0.0833122527987249,0.044583044260812,0.7185913646018545,-0.9044712940322248,0.6279034153262243,-0.2793804014094602,0.5756673698824453,0.2038796510463813,0.4661222295195841,0.4474576237586285,1.1300430377788708,-0.4191311645736427,-0.4540338285739309,1.3335240003466715,-1.063263999440306,0.5966832879511572,0.4142129293201824,1.4174401527630631,-0.4704768380582358,0.6609540210833794,-0.5302601357150809,-0.8028338346526098,0.7690503984712038,0.1801224955429216,0.0540294360481128,-0.6414228568650061,-0.1366179769436535,0.2489856001623074,0.337556281135399,0.8748097071305453,-0.9247005415627114,-0.2251438040008111,0.9808839621626012,0.3176005516564468,0.4074371657891233,0.046077302718837,0.4553351533048259,0.3010466007703777,-0.1129881246847695
41,2.61,-0.5707765505943376,-0.0395903994934153,0.2148504642218618,0.7281854021623585,-0.9389288936519026,0.7302796245851814,-0.2357184785029318,-0.1210307487027111,0.3585146185591078,0.5525441121469644,0.372614955414784,1.0845049391102082,-0.4245284095930044,-0.4505910854354351,1.2883709562873984,-1.1444126141379176,0.6785883407995107,0.6723908747851852,1.48774982077987,-0.4704768380582358,0.9766483587085928,-0.5793074274126384,-0.5831736056583802,0.9114371162654188,0.5493261306839808,0.0827716583964198,-0.5753485600850934,-0.121914589994591,0.368277212719783,0.4945781146350974,0.9518321943162884,-0.8931007112990021,-0.2251438040008111,1.0074962569839714,0.3127144213567619,0.3906984703784735,0.0173099180417796,0.4553351533048259,0.3010466007703777,-0.1129881246847695
41,2.61,-0.5384362062615302,0.2258003872019741,0.2946902647048802,0.6163840125336063,-0.8774503748367223,0.0428609323428018,-0.2443253294775165,0.8754083236949208,-0.1342372014368779,0.6031813770856093,0.31908297892067,1.0409783866307585,-0.444458838218514,-0.4586058246307701,1.3005116999516844,-1.0852102111237467,0.7980030658412136,0.4726553969114441,1.3265644708606883,-0.4704768380582358,0.8581324666328656,-0.5691090528911232,-0.683822151834485,0.8427003681116401,0.5134606328513842,-0.0837956279982173,-0.4998347265392256,-0.4772233310358652,0.1491874718251695,0.4210998043192745,1.023543149628138,-0.7851854483917879,-0.2251438040008111,1.0138981982802693,0.3001741895959237,0.4389663149552109,0.0342004739052462,0.4553351533048259,0.3010466007703777,-0.1129881246847695
42,2.56,-0.9809910203473904,-0.6547156156345201,-0.3782365385708544,1.3430563282815011,-0.543518944693155,-0.4473291068493357,-0.3517324567605268,0.2174231448247288,0.114701059665043,0.6788466863951401,1.989825367160543,1.5717794504978182,0.1444436722061857,0.3399443510921398,0.3581378248442911,-1.216946422462129,0.2297387925475108,-0.3449959118077963,1.745887574116385,-0.4704768380582358,-0.1734840089039632,-1.1297649749093883,-1.1908168522427405,0.0514992934470662,-0.4380164156884119,-0.7411523310457689,-1.4856749049253384,-1.0264949586270655,-0.782782277030227,-0.6210281562562836,-0.6058924238732055,-1.2964437402496969,-0.2251438040008111,1.1593687810476585,-0.3788261766919024,-0.4939293445141356,-0.7849501223491946,0.626712685733044,0.4887755011016874,-0.0633873686744744
42,2.56,-0.9761084967994174,-0.3463451887343426,-0.3614354184821764,1.348484840524793,-0.6042134149392108,-0.3201378725992918,-0.0270714159127377,-0.1798879686355136,0.0781675461883453,0.7443317620848768,1.9547344193251244,1.581271199673414,0.1294826657433305,0.2771536141823441,0.3394933719170059,-1.0405085911128684,0.3231623847554583,-0.1448816717516898,1.712042001461935,-0.4704768380582358,-0.0145970550012551,-1.2525607866467006,-1.2282560658641388,0.1122242295747518,-0.4213085154355538,-0.625166198260525,-1.183168669749737,-0.973695430278937,-0.5278477447744716,-0.5733661530672174,-0.4703616134299493,-1.1771905542931342,-0.2251438040008111,1.1373049863099685,-0.3676102881854364,-0.4845412468243133,-0.8007847971734092,0.626712685733044,0.4887755011016874,-0.0633873686744744
42,2.56,-0.889937377802769,-0.4576263561427713,-0.4021395459237821,1.4245571471964398,-0.4207829453331942,-0.466215820602251,0.0457820201622485,0.3015016795148682,0.1779150635155708,0.9406668360955568,1.9100748953833864,1.5286159432799626,0.1277068473567597,0.3128694112996622,0.3305221851937214,-1.0361128271438922,0.2870707531460088,-0.0860217803545115,1.812735776563076,-0.4704768380582358,-0.0288490363700505,-1.037378854657062,-1.1845222078633264,0.1622818487418745,-0.3928872043100424,-0.5680923316357069,-1.3046132257938494,-0.9493370954692284,-0.6182997205256067,-0.5863555839463312,-0.3870235457938328,-1.379215240684442,-0.2251438040008111,1.1464736232175072,-0.3641874434671939,-0.5178814979082338,-0.8045005783208025,0.626712685733044,0.4887755011016874,-0.0633873686744744
42,2.56,-1.0089216706781787,-0.1541873726500149,-0.3626726486949234,1.1075319094568774,-0.497905153336556,-0.3116281311525779,-0.066239057471431,-0.0417702124437388,0.0290827228881077,0.5128419173962854,1.5935512121954665,1.615077335244502,0.1149415436301829,0.304927691548674,0.4119276797017771,-1.1968523885173652,0.2046314343168334,-0.0636169255579682,1.7653771992411678,-0.4704768380582358,-0.1643407270101402,-1.3598044502203828,-1.260496187272405,-0.0084836340224893,-0.4922244362956002,-0.7706003655188366,-1.064945331011489,-1.0018937011974178,-0.4372403370271448,-0.6129023481470641,-0.4113788414533369,-1.342249360452994,-0.2251438040008111,1.1379084558924553,-0.3794690251643972,-0.4909723245121636,-0.7966207330481234,0.6250215458999866,0.4887755011016874,-0.0633873686744744
42,2.56,-1.0204494401399875,-0.4451391008357281,-0.2840431809643686,1.3009542369637022,-0.5516364598535552,-0.3028287787397358,-0.147607910271735,0.3011700284657293,0.0840682047276243,0.9384779704952808,1.9236142327595436,1.5672730562497117,0.175439409203821,0.3635645117097727,0.3992156095966265,-1.339928844152584,0.1998386371719536,-0.0583601283345114,1.7715124204153676,-0.4704768380582358,-0.0807125286078641,-1.105079166536467,-1.4584916129477636,0.0583845732054007,-0.73397250175873,-0.8633523510657238,-1.4558940942517478,-1.0309298833147609,-0.5041025112427296,-0.5555798688302815,-0.5071900516524105,-1.468100658173424,-0.2251438040008111,1.1131413019592158,-0.4014330923834887,-0.5134140590064735,-0.8041483126733583,0.6250215458999866,0.4887755011016874,-0.0633873686744744
42,2.56,-1.125631114944243,-0.4782819408247861,-0.3449941691459906,1.0365685367526387,-0.5298583889862044,-0.5724009980009772,-0.1602318857191639,-0.5595280976442435,-0.2080193205743565,0.919377995203564,1.841037118728181,1.5402665348145612,0.1449116408424047,0.3510729609677922,0.3237820668654949,-1.0947215207738163,0.3608275204529114,-0.0928738780211807,1.921027188747648,-0.4704768380582358,0.0159044625879111,-0.996996624285348,-1.0687018834914646,0.286135039844231,-0.3079009457934513,-0.6379895089156622,-1.1456917752394375,-0.9591482335553588,-0.4068314472413456,-0.466119220744067,-0.2898886678535836,-1.3041469706061022,-0.2251438040008111,1.10476689208043,-0.411721205323271,-0.4820116006672942,-0.8154754368631875,0.6250215458999866,0.4887755011016874,-0.0633873686744744
43,2.57,0.0368410964872973,-0.6174793632532705,-0.5405112627888632,-0.2366229642316125,0.3184347098871549,-0.0866995163158599,-0.9555785401084218,2.2968764032648714,-0.4374823528065655,-1.0866332404998302,-0.810823747216649,-1.1584032998417888,-0.3582830088515227,-0.6495544495377004,-1.1158036398575617,-1.1583156555785568,-0.7806917425406305,-0.4669228026995942,0.0292937774768922,-0.4704768380582358,-0.1931356573370073,-1.165901409373824,-1.2950807371922348,-0.2117137905510454,-0.975803616142314,-0.8998674942177415,-1.6278403278298994,-0.966096984409476,-0.6692139833608972,-1.25384062552112,1.549193625971647,-1.3728223600102314,-0.2251438040008111,1.1253243209009356,-0.426382523084708,-1.2084575963637658,-0.7535565481817745,-0.2575163743606976,0.4354878300407007,0.960405968458767
43,2.57,-0.0224412251745873,-0.7851767919727178,-0.5076369848721887,-0.3246883547544306,0.1268496261713986,-0.292115823175803,-0.8727547565385998,2.055946064522424,-0.3850893704951406,-1.0866332404998302,-0.810823747216649,-1.1584032998417888,-0.4046930768570154,-0.6495544495377004,-1.1158036398575617,-1.1458000218592814,-0.7172547311582789,-0.3812472547473678,0.1110732663403326,-0.4704768380582358,-0.1263538694627884,-1.189894302601739,-1.184836265545988,-0.070824237446235,-0.7540428982632,-0.762925069964312,-1.4487095115174442,-0.8919503832527328,-0.6253819664386704,-1.25384062552112,1.3120178586856923,-1.335963537981545,-0.2251438040008111,1.127659516410795,-0.4420101390414379,-1.1910616798327025,-0.7522148388163119,-0.2575163743606976,0.4354878300407007,0.960405968458767
43,2.57,0.0822965613211924,-0.6251870030001181,-0.587777736665288,-0.2688474893182148,0.304466383497406,-0.0754427323760553,-1.010278574006076,1.791670493567834,-0.2959987435598372,-1.0866332404998302,-0.810823747216649,-1.1584032998417888,-0.3883255133305839,-0.6495544495377004,-1.1158036398575617,-1.1058904850695954,-0.6566804919171603,-0.4062372125202697,0.0796845738660435,-0.4704768380582358,-0.1501234629976914,-1.175769563779095,-1.1459912486958637,-0.068610871433402,-0.7579897333803154,-0.8530108181369281,-1.4022988591881127,-0.903129167034233,-0.5936275652864442,-1.25384062552112,1.5318619084517944,-1.362781759227445,-0.2251438040008111,1.1211932958705026,-0.4475851198999467,-1.2032012871289808,-0.7533950774251641,-0.2575163743606976,0.4354878300407007,0.960405968458767
43,2.57,0.103650987706536,-0.7221449491456341,-0.4153474631751319,-0.4648039472027528,0.2523693907152071,-0.2979828411137155,-1.1161884113816332,2.590800699972264,-0.4151370942333838,-1.0866332404998302,-0.810823747216649,-1.1584032998417888,-0.4309169802127296,-0.6495544495377004,-1.1158036398575617,-1.3317164353694568,-0.8828249592727075,-0.2544831971459917,0.0492334497460051,-0.4704768380582358,-0.0329687804249361,-1.24232350355651,-1.2591912775380891,-0.2188744493524466,-0.7673338580401162,-0.9159296978207224,-1.6839118814751737,-1.20155168561512,-1.1960126448458273,-1.25384062552112,1.228500190728273,-1.4152669472714368,-0.2251438040008111,1.1106230739206835,-0.4368735329448908,-1.1932661356083174,-0.7415387109071656,-0.26183617819734,0.4354878300407007,0.960405968458767
43,2.57,-0.1983140128228524,-0.5465079505946627,-0.6822664265834703,-0.372809707081747,0.0128653746853893,-0.4905997603454439,-1.1823436133832652,1.7237412698302466,-0.4901920923931645,-1.0866332404998302,-0.810823747216649,-1.1584032998417888,-0.4234222675735799,-0.6495544495377004,-1.1158036398575617,-1.3962583944711822,-0.853612044980012,-0.295688589194307,-0.0146527489837923,-0.4704768380582358,-0.2619376104406383,-1.3567699182319766,-1.3658716754433111,-0.2157855556588551,-0.7635771001198561,-0.9898541376495122,-1.752873311491514,-1.254047280769353,-1.1765363389999746,-1.25384062552112,0.985571342106434,-1.5957827940897609,-0.2251438040008111,1.1134689619375695,-0.4486337246706829,-1.188361147150068,-0.7528298808013116,-0.26183617819734,0.4354878300407007,0.960405968458767
43,2.57,-0.0826082987861306,-0.7477529155218092,-0.4910419712844314,-0.4958171407762217,0.211935149090031,-0.2804631878400597,-0.8682609118871379,2.5061065734886108,-0.4703676675389627,-1.0866332404998302,-0.810823747216649,-1.1584032998417888,-0.448300892166298,-0.6495544495377004,-1.1158036398575617,-1.3574991337618088,-0.8339732024022017,-0.3098058514136435,0.0556687878885868,-0.4704768380582358,-0.1760167161353895,-1.2134618371061006,-1.3858514293961466,-0.1648788827388226,-0.711644121130382,-0.9040020558414216,-1.6808711253077149,-1.1989784393793674,-1.2379858245896682,-1.25384062552112,1.27579681266369,-1.480335533538976,-0.2251438040008111,1.0975152703586024,-0.4493734544606274,-1.204350111265291,-0.7383470033487624,-0.26183617819734,0.4354878300407007,0.960405968458767
44,2.99,-0.5729534251535044,2.7326729935663927,0.9351784113628566,0.901595272837418,-1.20206308402871,0.7253665430279094,-0.5666818415477497,0.4135167326745274,0.1496653864752188,0.6338508994492449,-0.4240342063012678,1.1683036969308491,-0.7632036107128297,-0.6067534361857474,1.5061716991720124,-1.0697789249346403,0.8291758646823548,0.8781557357416365,1.4837698699169255,-0.4704768380582358,0.9515117027003256,-0.24746047440535,-0.4462266120744096,0.996381046543008,0.7074110079280599,0.315604521278975,-0.2647781556351424,-0.0824320839271662,0.3754137285540403,-0.1923798332553409,1.320696401277012,-0.6308312679277526,-0.2251438040008111,1.0483861313581428,0.8171903186381958,0.636433779117606,0.636662712514676,-1.696321081201893,0.3596190390737683,0.5340313447095089
44,2.99,-0.2248691434444703,3.1769768766617075,0.5648125529566342,1.120309958988107,-1.231321465738965,0.8292936645321564,-0.5452042208346164,0.4804074771323951,0.3453695207162438,0.5444074132839823,-0.4171656127062034,1.1890196919373552,-0.7632036107128297,-0.6064943875200747,1.6172433403466857,-0.9587163331462484,0.8159836618625921,0.7663377144189292,1.480571135752219,-0.4704768380582358,0.9430917884969064,-0.2278569488388796,-0.3244857169453586,1.039667318594541,0.7279781477149423,0.2965855399846766,-0.0384371809739116,-0.2272773103695163,0.3291760934322367,-0.010024224629524,1.435539380490015,-0.5920340489818483,-0.2251438040008111,1.0162283907491565,0.8118908725275578,0.6442841324860938,0.6141769094929714,-1.696321081201893,0.3596190390737683,0.5340313447095089
44,2.99,-0.5542685781960043,2.7500296939999758,0.5116425620881468,0.969946258717326,-1.210420532083457,0.6589517520933278,-0.7034577006852107,0.6275366904628921,0.3555635252326724,0.450761459813254,-0.437776779425569,1.1384807254437204,-0.7632036107128297,-0.6125715823029452,1.5247031050283628,-1.0384360587003,0.7606930375147363,0.8207707758875141,1.499566960633145,-0.4704768380582358,0.8798977016136977,-0.2856955442895845,-0.562716174822599,0.9143453662437036,0.4106961313178112,0.2238320372391755,-0.4680031178445469,0.1689498546523459,0.5704950695390215,-0.0870570592826643,1.295013766781981,-0.8354540336535328,-0.2251438040008111,1.0158753871045585,0.7993450872837309,0.6349664583386929,0.6492138913911576,-1.696321081201893,0.3596190390737683,0.5340313447095089
44,2.99,-0.5810085067179254,3.231121651850241,0.8628660707128937,0.931276522328148,-1.1486837862392514,0.5294275641936168,-0.4809215324830369,0.98529111456121,0.0975405183252008,0.5867009176985145,-0.4389891030426104,1.1890680875318065,-0.7632036107128297,-0.6192472199107175,1.5446734285512065,-1.072608981993407,0.7138676697708837,0.6565004886774093,1.3069899327556496,-0.4704768380582358,0.9622732036947116,-0.1402233436036345,-0.3233340310727649,0.8885380544083599,0.5767124805701388,0.2709686430664028,-0.4830624814228743,-0.1448098301621338,0.1732100026322919,-0.0524624151443737,1.093861344653384,-0.7463355543741421,-0.2251438040008111,1.0022209262179682,0.8093458730986419,0.6384615578182126,0.6548965903749133,-1.6995347982520654,0.3596190390737683,0.5340313447095089
44,2.99,-0.4658253142910958,2.775871214949599,1.3142840395651956,0.9655770634726392,-1.0827254856814317,0.6084482797053494,-0.4102983709390611,1.522842297122519,0.0312609502567004,0.656074031070517,-0.4036464555911604,1.2793897622109118,-0.7632036107128297,-0.6192091597720358,1.593049287306855,-1.0584173830467698,0.9320680731525428,0.7541551654060227,1.4516107660452444,-0.4704768380582358,0.9756599742636072,-0.3351174084848535,-0.4421636737685072,1.0618319802187388,0.3929770133936006,0.3140761469965948,-0.2139004486672553,-0.1526289511331777,0.1550013236883709,0.0854878105216681,1.2522148986489,-0.8710611505510091,-0.2251438040008111,0.9975862214589198,0.8011658175277758,0.6642598567429097,0.6355244967533864,-1.6995347982520654,0.3596190390737683,0.5340313447095089
44,2.99,-0.3935441268903523,3.248314464553759,0.8776037731639933,0.758339906836062,-1.2050871191272854,0.4531699288363487,-0.6737468461664332,1.0823088889239625,-0.0150980847330734,0.6480648155520532,-0.4068596570820174,1.2777812005293794,-0.7632036107128297,-0.6153236768381118,1.6585834385658331,-1.1754296674219595,0.6094360843261192,0.5114361219314331,1.3205880292893988,-0.4704768380582358,0.7578421378341831,-0.6086346562132979,-0.4816560429376044,0.8288068019395904,0.2557630750369645,0.2124826287198579,-0.1239129128435388,-0.4758234295649792,-0.0590539285440972,0.0136999772215333,1.1180405758943026,-0.8887641891245843,-0.2251438040008111,0.9942634972258276,0.7978534940948055,0.6345777390983377,0.6270947911228139,-1.6995347982520654,0.3596190390737683,0.5340313447095089
45,2.93,-0.3102443511479872,1.272579314875158,0.7552546617110308,-0.6076418259715844,-0.743858530673357,0.8163676269559017,0.6288946559533036,1.5504996369886912,0.8392064550672734,0.8518205663949074,2.3269533570148995,1.9031330489521616,3.163050415478172,3.267986692063414,1.6001808874111076,-1.0024380045741386,1.1834917471778847,0.5745052946393813,-0.4329176326120182,-0.4704768380582358,1.5103952600917376,-0.0842066776286803,-0.1535540863498632,1.463958643656186,1.4830592441030994,0.6720722781189173,0.0884660408956788,-0.0582169388840035,0.5171146923585122,0.6336992575235493,0.9202951453317714,-0.5036870023955421,-0.2251438040008111,0.1737758612939154,1.150930361060079,1.2199205178359966,0.8816500210788271,0.0466533653929782,0.6137088979615154,0.3555099806289089
45,2.93,-0.3985360466971998,0.8452016723477689,0.8153908676528989,-0.6018967366223706,-0.6917013726010397,0.5484493878140161,0.3402599193784993,1.2143976088206971,0.8617331678692828,0.9561879727468184,2.157186526530268,1.8851254498021148,3.2363190762451746,3.116009648541562,1.571736495224913,-1.018419016229814,1.019889573167747,0.682227595898853,-0.4095807242465769,-0.4704768380582358,1.4561091693489274,-0.0343413475727806,-0.1867471577031121,1.4279876242772644,1.2847191997643528,0.5003360736506632,-0.2028033968810617,-0.1328645029931866,0.5197813265818649,0.64007276301043,0.7150574685038086,-0.6595893769166826,-0.2251438040008111,0.1711793433243884,1.1424791736106257,1.239217772162157,0.8981101542284344,0.0466533653929782,0.6137088979615154,0.3555099806289089
45,2.93,-0.4485816197489319,1.4087902854545724,0.7096247850585168,-0.6687291505389212,-0.8001548052822118,0.8801835998962253,0.1067690414202584,0.2473230324845782,1.0513251669532202,0.5468408601815129,2.340828335745581,1.8913964678422184,3.288743675979468,3.188414406827804,1.586364773905396,-0.9518731451767052,1.0121973183960586,0.4829474519895326,-0.4397851341069664,-0.4704768380582358,1.2071419947171491,-0.1459931864055547,-0.2617313713296746,1.2430771800361713,1.0915681565759827,0.5382345399101244,-0.1918437501751486,-0.222102098199706,0.2177332114675726,0.5857403963346527,0.7448229351867882,-0.5649999830810597,-0.2251438040008111,0.1625988862944373,1.1373755158431111,1.2369335274323678,0.9141560123813476,0.0466533653929782,0.6137088979615154,0.3555099806289089
45,2.93,-0.458239182090695,0.965732544768557,0.5733204186397306,-0.7715367497387163,-0.7576440604637416,0.6786790336392011,0.3742309001620533,0.7374578331820965,0.5090665055840092,0.7721636042141004,2.34773342840786,1.9516642298585003,3.019954569861852,3.414604368557705,1.6779196760548536,-1.0127381905853348,1.043821586582323,0.8191399202373228,-0.3586373096846438,-0.4704768380582358,1.3341101845922112,0.191961677677375,-0.2378321234382606,1.4618868368824616,1.2183477816002488,0.5059047677756089,-0.2230503549648413,0.0344893451257369,0.4551549168041098,0.7283439409616705,0.4134037304429435,-0.755402640712203,-0.2251438040008111,0.1733238907031301,1.1381434591968962,1.2637439939522237,0.8982863553895927,0.0426819403194021,0.6137088979615154,0.3555099806289089
45,2.93,-0.3701604008194037,1.1065179370755238,0.8238801327364721,-0.4264250680604658,-0.7516050641394945,0.79128898729625,0.3921698017245907,0.9028334407915568,0.7940619743833286,0.6121327294523544,2.141425824914714,1.8914877122878084,3.091797378213898,3.1707234977107004,1.5787266346375608,-1.151301893462711,1.0180564771398375,0.6112228515116902,-0.4259015466834618,-0.4704768380582358,1.228131970781159,-0.1487437155757785,-0.2617464178661672,1.3076948448537358,1.2708779249392743,0.6092946442575875,0.0359153006490683,-0.1792194340869448,0.3608906230187025,0.6268377393503798,0.8496988584013555,-0.4397841098662092,-0.2251438040008111,0.1606657246959311,1.1363868766368763,1.256135745400046,0.8987121232476958,0.0426819403194021,0.6137088979615154,0.3555099806289089
45,2.93,-0.5896462071621391,0.6866031752853547,0.8008478598480082,-0.7672778912480795,-0.828265375181803,0.521753550266214,0.5109759828600108,0.8075276417141526,0.7942514703316602,0.7815159284389581,2.230723814614711,1.9071404515277357,3.122237230634996,3.31098040812446,1.6234153832998666,-0.9866611049573452,0.8804729358737755,0.5461403621391155,-0.5026542103909457,-0.4704768380582358,1.049990305419946,0.2300695114704412,-0.1685232277465588,1.1664309462601858,0.6089693639367021,0.5693151754246212,-0.4962990837244728,-0.2792386124906544,0.0781715495628522,0.6584816808962975,0.3672276716372014,-0.7314396800467762,-0.2251438040008111,0.1415758799039584,1.1312842463366597,1.2520394252262483,0.9067362918020846,0.0426819403194021,0.6137088979615154,0.3555099806289089
46,2.11,-0.3621442770051354,1.693351226050766,2.003031747035188,-0.700084117174549,-0.6098356825627307,1.1695676312733412,0.4641215790953011,1.4326904699006695,1.8688117219707812,0.5841645565761043,2.258850170179957,-0.0545723735429516,2.621479449138412,2.3292761804559814,-0.4815689166214172,-0.9460350237599728,1.662234619252745,0.9802886319199118,-0.4565129974874604,-0.4704768380582358,1.4696751614120684,0.1470406258233892,0.0373949404565722,1.497442266592135,1.0496977555988254,0.8314382706265218,-0.0903682126380587,0.1172420058260784,0.4891183321242258,0.4046849763622599,1.1167485192287143,-0.5240975478715436,-0.2251438040008111,-0.8057176128504862,0.941302457964318,1.1921899487358307,0.7672886694772438,0.2921668451444129,-3.2105123993350597,-0.1129881246847695
46,2.11,-0.1604882745579906,1.1811532356116952,1.091107488811384,-0.721256500416519,-1.022786911631254,1.3317119974121077,0.1728379357046128,-0.0036263281460946,1.6742198882238133,0.3936779934141439,2.1932441493099275,-0.1131712028110798,2.6744191621624656,2.134073879001715,-0.5150014848851109,-0.9239705512540892,1.8492840951211984,1.0252900061493204,-0.3408320700542498,-0.4704768380582358,1.696167127242803,0.2018284446690436,0.0205509836434212,1.6542665307619684,1.1054311313852183,0.8790733206460726,0.1488571192616894,0.1261558724226803,0.4988722126706059,0.4863138763201028,1.2586207728679768,-0.5257584460192777,-0.2251438040008111,-0.827869600946659,0.9308932493428644,1.1322408078615471,0.8068418601504851,0.2921668451444129,-3.2105123993350597,-0.1129881246847695
46,2.11,-0.1312548953178812,0.95530247460032,1.3126365546314085,-0.6146989441996756,-0.9698243154846028,0.8236590013351781,0.3276146938975166,-0.1791504013406012,1.8062737182494608,0.7278529528283224,2.156532521954295,-0.2183713506792786,2.545702525527345,2.0615150161035816,-0.5441608489353268,-0.9539899026266764,1.587758216668463,0.7537615389265081,-0.4319092856938388,-0.4704768380582358,1.3189396539565306,0.1430206070372034,-0.2159596524423853,1.3935179093039638,1.1305414371334996,0.788120454535568,0.1658365476649078,-0.066580332791518,0.3630002671795804,0.4755044661544808,1.2942632048589302,-0.4862779320740459,-0.2251438040008111,-0.8544483098018001,0.9149610758385756,1.191973511536672,0.7635546774224287,0.2921668451444129,-3.2105123993350597,-0.1129881246847695
46,2.11,0.0764296137828074,1.873013086492192,0.9743210390561816,-0.4338799965136354,-1.0232461578234897,1.257348961433013,0.0365269219698618,-0.1972208678271189,2.157336067389872,0.5453078671985028,2.3049525994638644,-0.1671436936285239,2.605107521720788,1.8639516650996169,-0.5743179399512374,-1.1430307837938958,1.586085341681077,0.6424521682653787,-0.4300732183711316,-0.4704768380582358,1.4055479038391474,0.2969516039034443,-0.1545077064883281,1.4516065079171827,1.460568103094822,0.6874728293145274,-0.0053721360314212,0.0392411511166108,0.5544690029641663,0.4062763504125997,1.2939943967783936,-0.5421010044211619,-0.2251438040008111,-0.830341899773016,0.9255887173589412,1.1205382535142263,0.774215588815316,0.2903119034433258,-3.2105123993350597,-0.1129881246847695
46,2.11,-0.2294038846018818,1.0796218199995469,0.8121103730735725,-0.5791368670608343,-1.0357275639216064,0.999907982331144,0.2949098323229926,-0.5066608509244507,1.736715526190097,0.8279534564903666,2.263539997127029,-0.1879542391883168,2.5209318737010045,2.1812499816357303,-0.576347274401249,-1.292402961631636,1.544458801333602,0.5821422769694045,-0.4542676320337714,-0.4704768380582358,1.3442156124177458,0.2439308236428718,0.0362446433653287,1.3240711535194645,1.6098274022037815,0.8911525852922151,-0.3094167168001788,-0.4037874659127873,0.4954024011514156,0.3776999195041053,1.226854202361061,-0.5346739558997389,-0.2251438040008111,-0.8246050099785716,0.9268064409605572,1.192687028565107,0.7815679928205175,0.2903119034433258,-3.2105123993350597,-0.1129881246847695
46,2.11,-0.3716375397498637,1.025079164431117,1.1802042498623182,-0.6708659099032974,-0.9064567370926382,0.7077640695399476,0.7603275272560729,-0.0565898528002978,1.7862601583679456,0.5423546955488809,2.2662720090893416,-0.2209383166601024,2.523026162398593,2.0942814653487107,-0.5934807411467238,-1.116159070858055,1.5845462643269306,0.6187093503564906,-0.4805508521245237,-0.4704768380582358,1.3871944436542998,-0.2096447271862593,-0.011122960323621,1.3336208918558694,0.8908316698803934,0.7362364944529255,-0.0250536514161083,-0.1680589925118559,0.2059284999943189,0.1876708082352114,1.3688634584343695,-0.59314603969378,-0.2251438040008111,-0.8389037886078929,0.9288687718043817,1.1593073690753282,0.7702045486491245,0.2903119034433258,-3.2105123993350597,-0.1129881246847695
47,2.17,3.290223020961181,0.4053053390507907,-0.9113973212593892,1.9786817002529136,1.3159577019897883,-0.1269795152532953,-0.7558496054364842,-1.4243775175972615,-1.1162824908830586,-1.0866332404998302,-0.209089702237865,1.4300615297669952,0.2483433991316203,-0.4922303067074408,0.1056515821640276,0.6674347587990919,-0.5746061808801981,-0.4717804755931598,0.7127181638156639,-0.4704768380582358,-0.2236399962593618,0.4827061826798641,0.7736251213908522,-0.6813801446163785,-0.6336258223836185,0.0131255889224053,0.2319121914616345,-0.1878616053518403,-0.1728135017273324,-0.948344805900224,-1.0303621695648253,0.880409298934616,-0.2251438040008111,0.8084824343967764,0.0143883481564396,-0.8381226075225493,-0.8224080743070332,-1.964382147762595,0.5098547466263291,0.5385463077388467
47,2.17,3.314674845207626,0.3044900867915074,-0.8934291494657919,2.086271082265676,1.391369070622782,0.5466924540638524,-0.5643088452652848,-1.1030702158391257,-1.1049763761238656,-1.0866332404998302,-0.207593437328393,1.5373808250658283,0.0735088896324232,-0.5253113747042502,0.1012473455466116,0.7076004422873667,-0.5700670794359105,-0.210238335948032,0.7798179129413325,-0.4704768380582358,-0.2281067973187859,0.6336150109385478,0.662775023257348,-0.6052522858878472,-0.2796464250865648,0.1746133664324718,0.6732528621228855,0.2505256351854448,0.0358469824179545,-0.9224518305868792,-0.907437002736015,1.0609483172786984,-0.2251438040008111,0.8348519606227748,-0.0151351802745067,-0.8330729170201064,-0.8033543585497456,-1.964382147762595,0.5098547466263291,0.5385463077388467
47,2.17,3.806082636322992,0.3737123552428651,-0.8740705424760049,2.092309850384795,1.398473497301596,0.0456336459912597,-0.7678729514811884,-1.2181537276107617,-1.0893931579793634,-1.0866332404998302,-0.2132261512532575,1.5861592298536362,0.028496165539375,-0.5268872329650163,0.2347533523475509,0.759977199663172,-0.526568439538165,-0.2136801466519312,0.8200910933474694,-0.4704768380582358,-0.1965295666615619,0.7205850248516844,0.80482035166324,-0.5154111501836868,-0.2366974948983538,0.2467845720214101,0.663117932108956,0.3585031551236451,-0.0142776573145508,-0.8959856779462867,-0.9580132413771256,1.2754089856258972,-0.2251438040008111,0.8225202944478017,-0.0377521216158688,-0.8395727600719626,-0.799028743503155,-1.964382147762595,0.5098547466263291,0.5385463077388467
47,2.17,3.815565429835078,0.5355294705658408,-0.8300325931705167,2.016613718175897,1.5279990314701726,0.1159167078114022,-0.483316010052638,-1.1685071410850796,-1.0871364882946757,-1.0866332404998302,-0.3402581464001964,1.649846700455562,-0.0143387642773765,-0.5461030410635357,0.2129642761698213,0.5420509302371731,-0.7102772510446057,-0.3869107708285356,0.680820486244823,-0.4704768380582358,-0.4547071037063353,0.6079447344044426,0.6702388574243004,-0.8628739940589571,-0.4728120209062359,0.0926151926046784,0.4339796563290409,-0.0542904927083962,-0.2474297799293733,-0.949676398497699,-1.1017284829191545,0.9987600204396968,-0.2251438040008111,0.8571531891799646,-0.0647169181745316,-0.8296810137072151,-0.7882153154210503,-1.968306480039892,0.5098547466263291,0.5385463077388467
47,2.17,2.9830526959980657,0.3969145634906681,-0.8856748129493186,1.930291083375125,1.567342151536388,-0.1463428804910971,-0.6009108564196348,-1.0716099942732389,-1.1219201736017652,-1.0866332404998302,-0.3485841958038034,1.7867044502666172,0.0133516181191366,-0.5483397831738162,0.2786299576286023,0.6514277400393997,-0.5473522602717673,-0.2577101775770344,0.6257499042334161,-0.4704768380582358,-0.2856891030876125,0.5022218862494522,0.6399134212968726,-0.6606732525353566,-0.6848102471069082,0.1576587799758918,0.2451028417170855,-0.163860549964814,-0.2221663370199811,-0.9675815279286372,-1.0545010535284964,0.8138897651767815,-0.2251438040008111,0.8593843129797241,-0.1004200121946586,-0.8133053945033083,-0.793484343059116,-1.968306480039892,0.5098547466263291,0.5385463077388467
47,2.17,3.5139920325580047,0.5815365338461609,-0.8602489207561393,1.9751119314419507,1.5531688770186176,-0.1960010736808988,-0.6553585222459154,-1.1037712605687244,-1.0804098137982374,-1.0866332404998302,-0.34401602201317,1.795029214885708,-0.040797930668181,-0.5412109426131517,0.269093859739713,0.6420550581939134,-0.5255217384583769,-0.268107689739943,0.6904025516466107,-0.4704768380582358,-0.241589949306355,0.6329170818904007,0.8080876685707347,-0.6317426362745943,-0.5823113045742501,0.3329013699402683,0.4332063288330409,0.2473456567212711,-0.0753191221575806,-0.9056289535841716,-1.028302652105166,1.1077186223824167,-0.2251438040008111,0.8856837774178096,-0.0949053243952099,-0.8155915299745456,-0.7825296757534246,-1.968306480039892,0.5098547466263291,0.5385463077388467
48,2.03,1.984025229914836,-0.8718245034249094,-0.3128494997793868,0.9962236277936604,-0.992021503775472,0.5123265786199187,-1.2237072319488658,-1.855433400458933,-0.5735576976944049,-1.0866332404998302,-0.6124744113672281,0.8046763876048748,-0.2347410065374018,-0.5746626061729024,0.733328702030302,-0.1529586868573962,-0.4381205923147798,-0.8379691578636574,-0.0630100251867791,-0.4704768380582358,-0.6216702870469837,-0.6611673131433499,-0.2354216514362201,-1.2339723556771065,-1.198793855797296,-0.8516041777039185,-0.3910936493349861,-0.8420370746388797,-1.0903502402367893,-0.5500787386864181,-1.0505999918904778,0.115471922533707,-0.2251438040008111,0.4764823347461446,-0.7962108670776171,-0.6068568885251846,-1.3449734762242642,0.0998454064890535,-2.244517634953167,1.4423002630990798
48,2.03,2.029018275024911,-0.9148309087112408,-0.2590988090893145,1.1250074720408307,-0.9738735299316158,0.5704471373426302,-1.0673152986461834,-1.8021573268290356,-0.4624356201128592,-1.0866332404998302,-0.6053456950203852,0.8034946694184814,-0.1841662830798594,-0.581087780547333,0.8052503809314387,-0.1064814321697741,-0.3020277842761868,-0.6621879969529335,0.0573243081272159,-0.4704768380582358,-0.5097949908792762,-0.5009870264584738,-0.1781251645350753,-1.1121991790554306,-1.0802634567555922,-0.7547826048504784,-0.4182416707659777,-0.5766905358876697,-0.852933700187604,-0.5761118668103328,-1.0683062283523626,0.258963639454217,-0.2251438040008111,0.4885139108429587,-0.7932196746905119,-0.6335966656536043,-1.3335772831585109,0.0998454064890535,-2.244517634953167,1.4423002630990798
48,2.03,1.6888307250462395,-0.8677158615579097,-0.2105457742671983,1.0916214494232117,-0.9729285677917152,0.4328749388303234,-1.0762851696957283,-1.7961719313979332,-0.4251456046168702,-1.0866332404998302,-0.5839468378219813,0.8398683378375954,-0.1989214378455298,-0.5864094488108976,0.8393875840952355,-0.1068781619106801,-0.386198026570798,-0.8340542638194566,0.0223208674466918,-0.4704768380582358,-0.545366424069118,-0.8001039158801557,-0.1860491318414542,-1.1980398262384302,-1.08494629131707,-0.8059525747062198,-0.4624625654356661,-0.6232388149970733,-0.910861176195377,-0.5488660147507329,-1.061582483721653,0.168161073053871,-0.2251438040008111,0.4960495580757041,-0.7947041319605916,-0.6191647579720496,-1.3467401035143842,0.0998454064890535,-2.244517634953167,1.4423002630990798
48,2.03,1.6738246856790124,-0.7967807398508937,-0.2497254690064419,1.0570278460613272,-0.9473019849280292,0.7055729026645494,-1.0693711252924625,-1.9121542101803413,-0.5309007765839625,-1.0866332404998302,-0.577367710115052,0.8352429482734461,-0.2296399524498145,-0.5809722540185108,0.8693319446988214,-0.009062089315196,-0.3283357263268637,-0.7029885490595037,0.1199845448046155,-0.4704768380582358,-0.5011848141930054,-0.6655765599261779,-0.2341557049867644,-1.132735449716726,-1.010570911201483,-0.8339092735568296,-0.3196348815387588,-0.4272476000960536,-0.8090426975825887,-0.5384761302390983,-1.0298982945123771,0.010425036738702,-0.2251438040008111,0.5231089161215863,-0.8064286620901703,-0.6265879850622456,-1.322133428015113,0.0900538227488474,-2.244517634953167,1.4423002630990798
48,2.03,1.673006965865106,-0.8188369544137839,-0.2009680357673178,1.1496036159121956,-0.9540366568690326,0.698657709223398,-1.1146477846082337,-1.7379870773816637,-0.4087200359115363,-1.0866332404998302,-0.594405980646069,0.826647082103063,-0.2432220672048027,-0.5860330536778852,0.7980827907421056,-0.038045188364998,-0.2713830781358046,-0.8447613732301665,0.0370626243468046,-0.4704768380582358,-0.4211414867580234,-0.5690889145355192,-0.1863242989705573,-1.0789277733534255,-1.0433877007688652,-0.867726267314054,-0.4902045074110999,-0.6664394755920937,-0.8716056237875981,-0.5573779698272363,-1.0565943989106414,0.0492381231690758,-0.2251438040008111,0.5109321315162361,-0.8213573778150105,-0.606330365031975,-1.323782879291268,0.0900538227488474,-2.244517634953167,1.4423002630990798
48,2.03,1.5463395856635518,-0.9265532805425316,-0.213969914103824,1.1094845330922434,-0.9846583743097554,0.5004362875873926,-1.2034821383085157,-1.9428781088011893,-0.5256320604581215,-1.0866332404998302,-0.6029642435962775,0.8516916634651095,-0.2198549647736511,-0.5883014922590035,0.8135699695105733,-0.2131328752138395,-0.2830418856539211,-0.8480677451367222,0.0692846456400256,-0.4704768380582358,-0.4489411752884722,-0.4748471478215106,-0.1600959790737592,-1.1455672200499925,-0.9920787439349956,-0.908414342873612,-0.482530776324315,-0.6317841469177911,-0.9572374676318606,-0.5837867403126014,-1.0875015177404097,0.0092437715933541,-0.2251438040008111,0.4873269604363663,-0.8486056771972479,-0.6019109954868715,-1.3333381144139749,0.0900538227488474,-2.244517634953167,1.4423002630990798
50,2.03,2.738005109728592,-1.043773771473113,-0.931667329926337,0.889905181612031,2.0645032042869524,-1.2182023665680728,-1.3249096791832646,-1.0875296099367902,1.4097419178530226,-1.0866332404998302,-0.6783391066391119,0.1971529054778126,-0.3919108851138314,-0.5570377451740616,0.2193176102289064,0.4466792453572097,-0.8660779781996121,-1.768007619336566,-0.3105391350784449,-0.4704768380582358,-1.3373710694750045,-0.5564135419907659,-0.1639257994625322,-1.3874993817799297,-1.2456593551170112,-1.2618542332742932,-0.60192197242769,-1.353465392837015,-1.4251022361795924,-0.5949017004809088,-1.5678620636454814,-0.0396872807501508,-0.2251438040008111,0.4951104576958703,-1.4358071909962764,-1.0372548580311107,-1.5239950996277458,0.1638139010187597,-2.7667038611399315,1.4146683822171728
50,2.03,2.9431623990508404,-1.0472297574616043,-0.9556799932306166,0.7960259674642027,2.043194525823957,-1.1186593625093049,-1.448306160109133,-1.2889378760296983,1.2508053363559808,-1.0866332404998302,-0.6822766077971555,0.1643346520979646,-0.3735971768106556,-0.5595679716923873,0.2601622361992334,0.580698799978739,-0.9078180003136422,-1.8387135765070648,-0.3140313867093702,-0.4704768380582358,-1.3754338256005154,-0.4841469247465995,-0.1244963754477703,-1.440319700111818,-1.247520322275019,-1.3219914913196715,-0.6033060418436716,-0.9930396264131696,-1.4500547774265995,-0.5930520635076427,-1.5824488344707832,0.0549140279619066,-0.2251438040008111,0.4847435734700511,-1.398378940633089,-1.0376844776873242,-1.5291943062886415,0.1638139010187597,-2.7667038611399315,1.4146683822171728
50,2.03,2.755882738578184,-1.0786289830299776,-0.9668414287377832,0.7823512546398375,2.066884112829538,-1.1536572814766837,-1.4258097012157511,-1.2727842477006273,1.4368019529610487,-1.0866332404998302,-0.6827256720973514,0.2068915132800631,-0.3960118880753531,-0.5655478942428953,0.2233598364192393,0.3969170975566283,-0.9430054832212056,-1.8240881539321616,-0.3837747425738177,-0.4704768380582358,-1.4491746193265942,-0.686986437638226,-0.2584340408081695,-1.467407313069008,-1.273565837988281,-1.463975238264113,-0.6248203752647252,-1.4108847892231289,-1.2901350978795765,-0.5958074955532728,-1.5759226838458615,-0.2487048448489268,-0.2251438040008111,0.480263800533046,-1.4079259282939556,-1.0489443858811525,-1.5192061758333997,0.1638139010187597,-2.7667038611399315,1.4146683822171728
50,2.03,2.8726583599326743,-0.989488576503712,-0.9404109886357084,0.7593940298494168,2.159500733330641,-1.1832308157677167,-1.2555361965884493,-1.4221743884664937,1.2326283982777195,-1.0866332404998302,-0.6701351558405595,0.1785029391142277,-0.4250060459262377,-0.575519070830675,0.2306434539763404,0.7302381158218912,-1.083524202662081,-1.9029007378299136,-0.3768191423087806,-0.4704768380582358,-1.4938420825216587,-0.702363182273749,-0.2366170799535442,-1.483092132051876,-1.2671366060824534,-1.3690596905066093,-0.6761110095094198,-0.982372212644308,-1.292108586095177,-0.613395173493726,-1.6141560230960008,-0.011693888101545,-0.2251438040008111,0.4840080490391572,-1.3859775720740892,-1.0448901296449775,-1.516396255999632,0.1561200896523372,-2.7667038611399315,1.4146683822171728
50,2.03,3.307438790803572,-1.0367800596965455,-0.9302986888728482,0.8301691589440037,2.2590290399625936,-0.9801686970258756,-1.2337100661823694,-1.2922039798152114,1.3814507358428356,-1.0866332404998302,-0.6855997009417649,0.1679255450182268,-0.396118977993071,-0.5634024482140213,0.2208464395534416,0.8126858262825909,-0.8270083553025684,-1.6314697473499225,-0.2914084294380927,-0.4704768380582358,-1.3057559224416642,-0.5631501387011146,-0.0108870213778052,-1.3707434539276238,-1.2385772743281076,-1.3239733313993978,-0.6000115345758246,-1.1165105216616524,-1.2087076956665324,-0.5742827940554514,-1.55459107596152,0.0222575137997954,-0.2251438040008111,0.4442890726205801,-1.3997895902072053,-1.0306439143829182,-1.5231175243563757,0.1561200896523372,-2.7667038611399315,1.4146683822171728
50,2.03,2.9215389001361376,-0.9342117821133914,-0.9564564187000236,0.8410299072514341,2.1449419064370754,-0.9828927632455352,-1.3478975931881312,-1.586028854751032,1.2462286590908664,-1.0866332404998302,-0.6855163135946711,0.1652061104078196,-0.4499394354340695,-0.5657622915498882,0.1701664280034392,0.5841478679902207,-0.8831556605926286,-1.913748655843153,-0.3428052728087591,-0.4704768380582358,-1.3756650724220434,-0.6506250607336196,-0.0488227399960646,-1.3842975895633485,-1.3131602930993334,-1.2783690205335922,-0.6600042510353059,-1.1992106977792245,-1.208914448129122,-0.5313185702113737,-1.5617402105015292,-0.0431712757747084,-0.2251438040008111,0.4514102742130645,-1.4191345814385132,-1.0456201407461243,-1.5266259322277649,0.1561200896523372,-2.7667038611399315,1.4146683822171728
51,1.63,1.0186358565888844,-0.630265967326445,0.5047431703440113,1.212883456560315,2.026536328561688,0.6973650382939559,-0.0154349903819497,-0.4825007543192177,0.2700292967224551,0.6275217940483183,0.2398025008739721,0.2936056684997387,0.2635082405986799,0.0111475957727485,-0.4856344437467113,0.6767692544375321,-0.7073392987150543,-0.4320884781323796,-0.1217169545794956,-0.4704768380582358,-0.587025217235682,0.1060253203378881,0.5837229232984115,-0.8741634880490533,-0.6740761234712829,-0.1608960629939891,0.0843379014635385,-0.1548974499122472,-0.2813566890598651,-0.0250992872769376,-0.4719820655858898,0.659145216479186,-0.2251438040008111,-1.5172660441140564,-0.0720718303808615,-0.8725599954273479,-0.555173042072525,-1.7027513712898883,1.4287973028442802,-1.31591757682858
51,1.63,1.116128152282621,-0.6869066092428255,0.7788029480925431,1.1934141638378395,1.9778525365138653,0.9046876024446304,0.0158855533248017,-0.6331647726707271,0.2953489750797863,0.6269858276992154,0.2162726747413846,0.3339004675543091,0.3012375953878091,0.1149237683396352,-0.4706836867542209,0.5559526557089463,-0.6293990892540812,-0.553158846466622,-0.1845957301164494,-0.4704768380582358,-0.5106990177190336,0.0163289802944429,0.4657040484086159,-0.8712849584632225,-0.7207695812489121,-0.2165455470821371,-0.1939047286620931,-0.099753859566491,-0.5070779830485781,-0.1246410086895322,-0.7150176161069334,0.5382539113074665,-0.2251438040008111,-1.528292755880729,-0.0735513126763235,-0.8727273651153358,-0.5517479826992215,-1.7027513712898883,1.4287973028442802,-1.31591757682858
51,1.63,1.0307478856430263,-0.6369621222051358,0.6505559313354975,1.2293011650202033,1.9796379542024067,0.6458584507800923,0.137561300998411,-0.797167923465974,0.2142945557647537,0.5700128662148034,0.1830155325793891,0.2897433260531895,0.3723072705614711,0.0205800731823676,-0.4954647038246915,0.294661751937269,-0.7568295826234539,-0.7497168310821777,-0.2044818799197802,-0.4704768380582358,-0.628383415666917,-0.0848488052967584,0.571725823557398,-0.9802186149234912,-0.9230845162158988,-0.185214975211905,-0.0575064355686517,-0.1887391002460106,-0.5396531483656661,-0.0493124403547854,-0.862312926018765,0.5633900705807765,-0.2251438040008111,-1.5336770391957002,-0.0620858289642492,-0.8867567904689165,-0.5325197859318767,-1.7027513712898883,1.4287973028442802,-1.31591757682858
51,1.63,0.7786779451916521,-0.7234684038514677,0.6844827883028637,1.0851241507057514,1.9882725108711663,0.530701679217097,-0.0660751993826346,-0.9171454212718558,0.3322713945346207,0.9939170149593576,0.3474952310415856,0.3714404386458248,0.3414878354635009,0.1214308490226463,-0.4454549088459569,0.6599104676103635,-0.8079513207331231,-0.6135263257855593,-0.1277990296751355,-0.4704768380582358,-0.541275151532137,0.1290617849239057,0.6264948500270627,-0.9491793646242144,-0.9686437518494778,-0.1427653550886511,-0.1025665818379738,-0.0312386644849934,-0.3602710165807739,-0.0906698102076073,-0.7314394312894085,0.6001796088157278,-0.2251438040008111,-1.5026263076968214,-0.0644759657315482,-0.894855129608818,-0.53762670655513,-1.7091931062049006,1.4287973028442802,-1.31591757682858
51,1.63,0.8667084275002894,-0.608865257948394,0.6991475104891192,1.19958500054332,1.9967274837159297,0.3457357784193088,0.1284785668321378,-0.6538163057098739,0.522823079007577,1.3920792672604234,0.3069530794868439,0.3334070725858233,0.2460071757675306,0.1045682351460835,-0.5041147208688443,0.76894059746603,-0.4882692744321564,-0.4419081511967663,-0.0548113313066888,-0.4704768380582358,-0.3264360814770637,0.2071254992759922,0.8240532229701103,-0.736584389832159,-0.7564335502625419,-0.0509853746477162,-0.1919490276925399,0.2170545479031947,-0.5814101524987261,0.0319157701031197,-0.7225628706790198,0.3417917506457195,-0.2251438040008111,-1.51093888339686,-0.0499164156780318,-0.8788882239373105,-0.5429380941476273,-1.7091931062049006,1.4287973028442802,-1.31591757682858
51,1.63,1.0751736911349303,-0.5672159743783796,0.5685588180082536,1.201011986077955,1.806855692581105,0.4571497469591754,0.0410297224147453,-0.7040602361080239,0.1886350014590717,1.2266274182932124,0.3322882606937116,0.349026204214881,0.1869621356180212,0.1543965046746884,-0.4518419887172338,0.5983683903280785,-0.5884913939798372,-0.4463332199664073,-0.4769415335917693,-0.4704768380582358,-0.4566965727815349,0.0241805118334523,0.6525546786912956,-0.8728737799916736,-0.9397251389603036,-0.1803004115030517,-0.043027775614387,-0.0315490343998882,-0.3611693606424619,-0.041988781699749,-0.8290370043052281,0.601648564152427,-0.2251438040008111,-1.5342063025492805,-0.0705724527661855,-0.8722837873088335,-0.5514886711702618,-1.7091931062049006,1.4287973028442802,-1.31591757682858
52,2.39,0.4787751392446215,1.6546764627471633,2.3758449487471096,1.5270926059610068,-0.7671253939372454,2.1147504589209385,1.12550628363147,0.0972199494703601,2.279480546239056,-1.0866332404998302,-0.2623967182744524,1.4988826410460538,0.3251392863850507,-0.1286746134421572,1.2963371970216544,0.6221629530678554,-0.0716431369159319,0.1839705523853221,0.0118751253057183,-0.4704768380582358,-0.0136664302176522,0.891141499540997,1.3181889326612075,-0.499915225022647,-0.3227144808714588,0.7984956175457761,0.7749966497102453,0.4505342198835772,0.228379351207653,0.5640153421646426,-0.9363380940274594,1.1668394377516087,0.5113115200904832,0.4063147920935476,0.663128784866671,0.4160230641029205,0.3691803110654108,0.403557594887911,0.3205383290784445,1.096657606178584
52,2.39,0.4038201490946253,1.358060856305502,1.896566821848378,1.5467935973102498,-0.8032346666070284,2.1710811521264874,1.3160550978639436,0.2452949006968776,2.506807197590976,-1.0866332404998302,-0.2478748672255824,1.598877553845642,0.4956914337091456,-0.0844765115105005,1.3455371458156735,0.6789198772305098,0.2592350739953813,0.3177755724547793,0.112921884242893,-0.4704768380582358,0.4424663810655883,1.3233617915922444,1.4895795751297214,-0.2598133888525856,-0.0941796673264724,0.9015876620854876,0.8599937902278754,0.6640076521220433,0.3122760231304254,0.6382672867994528,-0.8971203691472771,1.4859793606660314,0.7473161247605334,0.3631011308163218,0.654495756311038,0.4188516687027672,0.3757002228661502,0.403557594887911,0.3205383290784445,1.096657606178584
52,2.39,0.5635601346268823,2.021798660786508,2.636598021632002,1.4233280621752056,-0.8038936881030482,2.4398486283360943,1.3878767201276634,0.3492888228433967,2.2279550121127656,-1.0866332404998302,-0.3209527415020622,1.467749951736629,0.3840117895972028,-0.1728498931233435,1.2593856545411188,0.7346788091298044,-0.151116838041847,0.2836707510431243,0.1618895902187961,-0.4704768380582358,0.0796710716239633,1.391417701776136,1.7253958663636222,-0.4847276005818901,-0.1331942519679801,1.1117416463306196,1.104099302848591,0.9325785292092744,0.5057072732169063,0.7966695535436725,-0.8647240871833258,1.6403741233215108,0.7248398217653063,0.3476247379922195,0.6482467676706871,0.4145313117276432,0.3684062922889944,0.403557594887911,0.3205383290784445,1.096657606178584
52,2.39,0.5357502404388429,1.4637003521535477,2.2933944234791803,1.5066733546283697,-0.8941807541879059,2.201919388681731,1.2982790284268515,-0.3467582881248177,2.139491430635739,-1.0866332404998302,-0.3488308331644703,1.4551186079939924,0.4117056786479094,-0.1346809139524669,1.296240441405644,0.7664853298500248,0.2881808412978804,0.2263084653002472,0.1825400497256483,-0.4704768380582358,0.4277204892565667,1.0697345477116391,1.5461651502623557,-0.2429011013572635,-0.2691493410190118,1.027793427115992,0.9663693276538352,0.9166589631105604,0.3866331170435402,0.6673936019364873,-0.9196101663790406,1.2536937496275269,0.7325536927454923,0.3358658984592468,0.6540105884480732,0.4110624974650645,0.3641603884896428,0.3981587763317756,0.3205383290784445,1.096657606178584
52,2.39,0.5694365558838906,1.8513259840581435,2.3614138250850463,1.4115288107297397,-0.8744986510734315,2.3559855544635524,1.3226243431966356,-0.3498253102746078,2.044448739481631,-1.0866332404998302,-0.3136810551102184,1.4416945066484474,0.3804327111943124,-0.1454608619381969,1.2411513706752586,0.9151913286784226,0.2464570726081898,0.3444090514514814,0.16469115392083,-0.4704768380582358,0.4091725650664267,1.0703648300060349,1.496257805885935,-0.2875580517529867,-0.2809573557691923,1.0301841516384431,1.074739940730962,0.9379185368786944,0.6128318734598833,0.5255307026862751,-0.9063378967876128,1.3765114529832572,0.7540281007537455,0.3447982692747389,0.6310638554583514,0.4265646011758088,0.3682737555292717,0.3981587763317756,0.3205383290784445,1.096657606178584
52,2.39,0.3110912191504569,1.4259662815972658,2.539707685573639,1.3866697608097909,-0.8473712204694782,2.062716763813804,1.1542653304046766,-0.4752129474264717,2.495431837803511,-1.0866332404998302,-0.3116724213102304,1.5354119490213856,0.4492391009402464,-0.1491597185035105,1.294289314794168,0.8406193165703573,0.2606464210173507,0.3155993936489397,0.1512533300927393,-0.4704768380582358,0.4039573707261914,1.1852748644193414,1.4444803408993756,-0.315244666875631,-0.359226569458214,1.0282364291554535,1.0960522036058928,0.9883417440903982,0.4236903627632194,0.690949061532706,-0.8696918625866846,1.4550676757001175,0.7022929887518854,0.3418535160005977,0.6379580997905426,0.4454027479514497,0.3712176989133797,0.3981587763317756,0.3205383290784445,1.096657606178584
53,2.03,0.6080050097195219,-0.8270318327574679,-0.216323404023622,0.3272493557484729,-0.7973280914667981,0.2705135738719537,-1.1310221223468655,-1.821318589167276,-0.5943496427889644,-1.0866332404998302,-0.694955355646304,-0.3083135381338526,-0.3635825545615399,-0.6495544495377004,-0.2745576186407282,-0.1438240028458839,-0.8210285845876962,-0.8438814339160443,-0.6743518607998316,-0.4704768380582358,-0.8278649805178634,-0.4880507773566502,0.0101009531760478,-1.284257200443582,-1.4093045169753735,-0.6664067734434327,-0.4996584233268291,-0.5704041257048269,-1.1986239449737324,-0.7097397584045434,-1.4292601743960816,0.0227323110975024,-0.2251438040008111,-0.0991808554029487,-0.8825344455853821,-0.4711745823416899,-1.1636760337065186,1.0671324636105397,-0.4772192632802045,0.5046090322577851
53,2.03,0.7115220498138897,-0.6738290125178702,-0.3714175035257959,0.4317090232841483,-0.9143431640842372,0.2922310073963461,-1.0640589034387522,-1.4731666565846375,-0.4716414602027736,-1.0866332404998302,-0.7102216323757444,-0.295656912216878,-0.3183588295173972,-0.6495544495377004,-0.2293555107296167,-0.1043599967417363,-0.9173330302443276,-0.7272945106729555,-0.6157990671495785,-0.4704768380582358,-0.9418412412116156,-0.420407392872412,-0.0527985275906948,-1.3273451510976668,-1.3373772197716665,-0.5797286867815479,-0.4593600584754809,-0.3612279178532504,-1.1367142596610134,-0.7554735941712717,-1.422463715049179,0.1515288168794508,-0.2251438040008111,-0.0878681992387317,-0.8763212993819705,-0.450893992427386,-1.1614163722231092,1.0671324636105397,-0.4772192632802045,0.5046090322577851
53,2.03,0.6936698468700827,-0.5982803983337492,-0.1292575663533156,0.4161073850705042,-0.8251160695489165,0.6156587944362963,-0.8921650375598212,-1.6250513989085331,-0.3690432442310903,-1.0866332404998302,-0.6996202065111196,-0.2381804359017459,-0.3272314911597074,-0.6495544495377004,-0.1733500900521139,-0.2921924492157168,-0.7911129072860983,-0.7100389226945713,-0.6171592767672323,-0.4704768380582358,-0.7854980950439301,-0.6565927310765874,0.0810025056880883,-1.265777211277219,-1.400803719597367,-0.6447558238855549,-0.3443754371986225,-0.2967836505829316,-1.018734628806981,-0.6972219483255429,-1.3290604026772377,0.0688990181533805,-0.2251438040008111,0.0116423586151215,-0.8657511099814174,-0.4451366905855536,-1.1592450454048686,1.0671324636105397,-0.4772192632802045,0.5046090322577851
53,2.03,0.8605045461129653,-0.708204148256625,-0.1189291720063162,0.4957590319488793,-0.8219832761287056,0.4608180144242828,-1.016417299179545,-1.5996914348165,-0.3863476777952309,-1.0866332404998302,-0.699737088482108,-0.2802563979860542,-0.3638751920581718,-0.6495544495377004,-0.1930193068722513,-0.1110318392728146,-0.8608592514090745,-0.8058362209381473,-0.6603147060266485,-0.4704768380582358,-0.8761752370524137,-0.6574186899648435,0.0151178000181372,-1.312549716717175,-1.376726777919244,-0.5501829854992816,-0.4184104788477611,-0.4431595145732268,-1.066474511298785,-0.6577445108682896,-1.4325356183632718,0.1060811187782167,-0.2251438040008111,0.0234760582217361,-0.8587093017283418,-0.4461339548597736,-1.1613949863521222,1.0626385666120053,-0.4772192632802045,0.5046090322577851
53,2.03,0.5849779669681071,-0.808501792137966,-0.176979028838881,0.4407713251375931,-0.7979806902982585,0.3147624610488356,-0.9365098810569514,-1.6726802360436568,-0.4976764811462245,-1.0866332404998302,-0.6944117367615019,-0.3181194095509888,-0.3876504348219892,-0.6495544495377004,-0.2324540114294408,0.0253374507569721,-0.8694801416499396,-0.6728481291875299,-0.6270094894165102,-0.4704768380582358,-0.8703037221578277,-0.4633312928932381,-0.0522535225816616,-1.3246738177868778,-1.4755921310912017,-0.6005082547386188,-0.4958332216116078,-0.4646375314528572,-1.1029612616012816,-0.7484137247450986,-1.4333947875696518,0.0360371319421766,-0.2251438040008111,-0.0163209679131615,-0.8645724238964697,-0.4450791105221112,-1.1545849337968752,1.0626385666120053,-0.4772192632802045,0.5046090322577851
53,2.03,0.6733035981287805,-0.611168969254593,-0.190352256849848,0.3962765241928351,-0.7861091649779779,0.2628779564102666,-0.971776656013194,-1.5029756941800747,-0.4167093826338788,-1.0866332404998302,-0.7084327397576001,-0.3871663564664028,-0.3326143842934274,-0.6495544495377004,-0.2955205762626087,-0.0557743509936872,-0.8338868142169974,-0.6683511419791658,-0.6121331458647378,-0.4704768380582358,-0.8052341304940082,-0.4946773942816488,0.2809177391469381,-1.2659196938633803,-1.3574683337882965,-0.5030627216719004,-0.3544165879167701,-0.4914981408592653,-0.9370034184149936,-0.6457485714442605,-1.2961379576737098,0.1301545994029215,-0.2251438040008111,0.0134452640922527,-0.896429360441663,-0.478299271016618,-1.148068269516985,1.0626385666120053,-0.4772192632802045,0.5046090322577851
54,2.03,0.8684746782471142,1.6634148909014783,3.3811215050500354,0.0185760324114957,-0.5470698162190467,3.7521228293943993,1.6154463400576946,0.5234473325770008,2.6588047064473894,-1.0866332404998302,0.7470765311457609,-0.134736466948937,1.573550290487015,1.272338559731031,-0.6736099107272764,1.0949334111814677,0.1478893179563173,0.4515461819224423,-1.2606779516395137,-0.4704768380582358,0.5444466733023755,1.506999142808097,1.583049832983316,-0.1079900811039462,-0.1150153802640743,1.1577367409250172,1.2290251448632137,0.9535849689949292,0.7489590069418108,0.1908516378527444,-0.7603857924482145,1.7084781611540931,0.6066191194937829,-1.446021970267365,0.6906658891308671,0.9928442524151004,0.7407265449284317,0.4571074444287097,0.8374724063820844,0.6437738542895389
54,2.03,0.78674991418799,1.519183012924533,3.407038261869861,0.018694943221689,-0.4839158375562371,3.3829522185120977,1.3366044882527186,-0.257212236541154,2.1007864857774687,-1.0866332404998302,0.6650127226371302,-0.2012138499227411,1.7364824611088403,1.3867868558828502,-0.7048445549346687,1.0175981256022042,0.0639748272120371,0.425101975032912,-1.284224958973076,2.589402187179872,0.4666563957537942,1.3089101360584168,1.5440197202876202,-0.1521124393532524,-0.1508613628062239,1.2729654100969896,1.1843145591213438,1.3475437594759012,0.6456218529915172,0.1480384894124528,-0.6901842163804915,1.6687940959103345,0.8652111896263237,-1.4295942201421028,0.706749880491455,0.9759915815900992,0.733723773336549,0.4571074444287097,0.8374724063820844,0.6437738542895389
54,2.03,1.1000001552194585,1.852144983926528,3.0412996969684314,0.0948687218969626,-0.5375791989184352,3.3948097175605905,1.5838312506926762,-0.1552268323681388,2.5515354634526206,-1.0866332404998302,0.763070651624541,-0.1924690580167087,1.6603083223842383,1.3433078331031336,-0.7037000255392888,1.1947202473500962,0.1391543767937902,0.4768619995742249,-1.2212357034660386,2.0652576398351634,0.6266593760960169,1.4431067907279322,1.6709065935134657,-0.1232484720533822,-0.050340744222315,1.2931307819182989,1.2787727552079182,1.5446485658387306,0.6681634127776362,0.1448269578993518,-0.6726006462514764,1.6221456554974556,0.7947891861604667,-1.441378689836044,0.7030876885189622,1.022331831910159,0.7124328944078017,0.4571074444287097,0.8374724063820844,0.6437738542895389
54,2.03,1.1589499673403665,1.4063186960883096,3.164953922017304,0.0768484734695426,-0.4238941789199231,3.62886150433413,1.882553189693629,0.6763111270527244,2.799209947826111,-1.0866332404998302,0.9753207623367244,-0.1234031077663947,1.810029884624136,1.732623275959164,-0.6813953013082618,0.9287389815930348,0.1113545801895232,0.4832114332518187,-1.2719907978372156,2.353141821656872,0.5724178551688207,1.4500710835935198,1.5001337041210834,-0.2049877222231206,-0.1838892827646378,1.1793637630591938,1.2015366201563062,1.111410285351315,0.798686088279909,0.1255542437620085,-0.8636298763281197,1.6495744320556558,0.4826457262665903,-1.455094664934211,0.678364269813043,0.9990728951733674,0.7236600484549157,0.451787971442761,0.8374724063820844,0.6437738542895389
54,2.03,1.0766570862905611,1.970430936076671,3.510783191564644,0.1729430828051163,-0.4271354756779351,3.480712133325242,1.8364163489292904,0.5300859140843884,2.58779743155772,-1.0866332404998302,1.0842402885542357,-0.0553793535234687,2.037377679540941,1.681694327612114,-0.6482435333706367,1.088271394671776,0.0838206800560407,0.4264344668245381,-1.2475615684369084,1.6221369991221184,0.5407704538683304,1.0954926679225638,1.42640016171205,-0.2035355596288133,-0.2802449613648533,1.2069577994728038,1.2350396003259954,1.2520885571659428,0.7383468315567909,0.0959200224232343,-0.6745700103830619,1.7467112591858005,0.7265608367921345,-1.4656888657268656,0.6774178854494315,0.9780561991947732,0.7553806637424092,0.451787971442761,0.8374724063820844,0.6437738542895389
54,2.03,1.044222237508815,1.962154243750476,3.326292222136708,0.026967312852047,-0.4461369557952271,3.463406416163696,1.5385852255046952,0.6863540122777075,2.484609555434357,-1.0866332404998302,0.8710155287222454,-0.1466278420356156,1.926859144658858,1.6396550379657788,-0.693306665411362,0.9579582686456684,0.0541672996301817,0.5000891638497152,-1.264389792739544,2.196778188271002,0.5509942321611915,1.2835824705875187,1.6211800044972555,-0.2298187551538607,-0.1793066154265107,1.2570703178822855,1.2613073001988018,1.001222761535958,0.504132758692164,0.2150183499005369,-0.6025391316863881,1.736976851365808,0.6561058570578576,-1.42294103554178,0.7068474950437625,0.9398113762818648,0.7525726786665187,0.451787971442761,0.8374724063820844,0.6437738542895389
55,2.49,0.6337380670797947,-0.2059392180078642,-0.6738816916745552,1.521601585947895,1.6624106863069783,-0.583440124274367,1.4032365767355437,0.0912800052220362,-0.8009038428193578,-1.0866332404998302,1.198507666508224,-0.3947663814103452,0.2482717661091794,0.5035097718019302,1.996306271565293,0.9045804272762308,-0.9168016365008992,-0.0875137202848529,0.1907587011752695,2.6430944064500803,-0.7739512189384467,0.5429683087404714,1.084851243027202,-0.6539164222613143,-0.5583080986195766,0.4461814799389141,0.983861865068962,0.6280052452598214,-0.0683219535093114,0.2837189170460539,-1.265781340215392,0.9711466809644496,-0.2251438040008111,-0.2993261905263157,0.1042496628359624,-0.6790753177346432,-0.0633946531314862,-0.5943476356465393,-0.027334353455421,0.8234627588780314
55,2.49,0.634001493414762,-0.1459378521783943,-0.6493252691051004,1.2949003578840037,1.8060093838530296,-0.6897915598950587,1.806890167133009,-0.1642425931876643,-0.8524744381097338,-1.0866332404998302,1.2040799025157194,-0.3618209156159376,0.2522576753243525,0.3909382476029425,1.9849327456044563,0.7265692560601464,-1.0160008873189956,-0.1245646833391331,0.1969647219935024,2.581161575804529,-0.859905704760183,0.4618059893060861,0.9404056990890648,-0.6528696129621315,-0.4442020393741952,0.3789381985021633,0.8933739998408369,0.3662905504602039,-0.2370171823406371,0.3511500250580945,-1.2458757049232376,0.9160157773927472,-0.2251438040008111,-0.2972006846356587,0.1083193560203641,-0.7056273935732104,-0.0693536790538712,-0.5943476356465393,-0.027334353455421,0.8234627588780314
55,2.49,0.6095477556654044,-0.0159310486226122,-0.6225617791323405,1.5642312260152618,1.801483847003476,-0.6293699060304778,2.064081613828461,-0.0029386012253415,-0.8568987709321854,-1.0866332404998302,1.0922331588257368,-0.3936581649935479,0.210514357706236,0.3429821389890658,1.974719801774488,0.5878441395321057,-0.9711469113967248,-0.0605108061885695,0.2231056135655741,1.6619956226281576,-0.9022486912680208,0.5083713699809895,0.9604734848974444,-0.60256073512762,-0.4050072992996827,0.5147846774280501,0.9532898963160912,0.7185030646799946,-0.144169758173647,0.4054778996108461,-1.1950818682682758,0.9180818981381916,-0.2251438040008111,-0.304683083112934,0.0955834095480093,-0.7194896886533356,-0.054514849250379,-0.5943476356465393,-0.027334353455421,0.8234627588780314
55,2.49,0.6074051368281927,-0.2754434592112664,-0.7029756793014084,1.543446649349486,1.6902376727608297,-0.3071695311574738,1.8688230014361489,-0.2724265625709769,-0.7956235960994905,-1.0866332404998302,1.0700345885029474,-0.4115671444278545,0.2725380432461241,0.3493826581817762,1.892046853636799,0.8271336526432524,-0.8509710706403941,-0.0720213630940664,0.2506620766114198,2.1242381793252583,-0.7908227985193691,0.6344934597769003,1.1515749938634532,-0.5424752076280286,-0.3353017677472438,0.4850487513066414,1.1461344568920913,0.965048926331085,-0.083347330142122,0.4191441796766738,-1.1559655705611134,1.0810911439732005,-0.2251438040008111,-0.2863953407545436,0.1003187675200725,-0.7070515972740125,-0.0758861477053431,-0.6014620435208319,-0.027334353455421,0.8234627588780314
55,2.49,0.6651406106082312,-0.2355588854667625,-0.6610053136832131,1.5263596279577658,1.852955454894549,-0.6239892208296781,2.0651449908083186,-0.1841473676578335,-0.7526713124855297,-1.0866332404998302,1.2123822025391375,-0.421554656719149,0.2137308979109655,0.3823926145201938,1.9372049472106136,0.3313415041523333,-0.9518662360991988,-0.1367733796346471,0.117209133435566,2.359162509199347,-0.9397394024311296,0.2071934022552781,0.9879917980508952,-0.6778126919348607,-0.6309102057883227,0.3795908915991487,0.6928118549866118,0.3650765604318972,-0.1502759863880766,0.2021976010244402,-1.1981736953570037,0.6794757718192945,-0.2251438040008111,-0.2951786814184772,0.1017237492106609,-0.7141813276063802,-0.0557282694371624,-0.6014620435208319,-0.027334353455421,0.8234627588780314
55,2.49,0.7373784485016104,-0.0358772726664021,-0.6795144301692766,1.480427302189404,1.4338491965488234,-0.6804177081403654,1.7341736230291216,-0.3289842017846677,-0.8740595066533473,-1.0866332404998302,1.2067466064281125,-0.4136855438474279,0.2862533137344558,0.441311536653642,1.9399251127982344,0.5574335321948571,-0.9795515349819516,-0.1663225593713666,0.143429235399891,2.1364368122765742,-0.970203558657055,0.5167762453647916,0.9682358220611962,-0.7132253728538972,-0.4471874199205524,0.5195895542917048,0.7737435457195796,0.5648707040505943,-0.2580228566002445,0.2912456173836438,-1.1742621204571728,0.8355061533761672,-0.2251438040008111,-0.2624049183156237,0.1205773659982717,-0.692606090651165,-0.0289832379404026,-0.6014620435208319,-0.027334353455421,0.8234627588780314
56,2.31,0.4973441526871469,1.381561006035077,2.529240313780575,1.5809702476891676,-0.5139861800882749,2.790745247065741,1.4780204806004753,0.1383211384312528,2.276530258800833,-1.0866332404998302,-0.2540098370880941,1.1978229863540952,0.4262238673363309,-0.1000855181662002,1.2119640013640682,0.7461530530237829,0.2750173211986881,0.5365075371858786,0.3278126045915048,2.1917621136454573,0.5279052310036924,1.2872921918323108,1.7702017473611344,-0.108479147153396,0.2480544650375677,1.2876268087044704,1.2062945657695916,1.2089114316066054,0.5778890309663884,0.5537726850400071,-0.223486162360017,1.463741005352869,-0.2251438040008111,-0.0070013381322681,0.5274644050511397,0.4666740323166907,0.3560376106884432,0.2605027969774995,0.3488225807697264,1.0717129370037417
56,2.31,0.6830434697673948,1.3731373529963178,2.688692419324898,1.5539340506864392,-0.4878103771727892,2.949983501834703,1.692273194498926,0.2690732381292794,2.163814852154994,-1.0866332404998302,-0.2527424170407314,1.161088226546209,0.2894373342992121,-0.1586432884381144,1.1363830658964031,0.7530052293478064,0.2792954738895979,0.3410077431158436,0.2400368846912935,2.105066330565311,0.4315157872991723,1.1788716677381108,1.5204141825724302,-0.162814978887356,0.291174784467144,1.2023370058067362,1.0222544038208925,1.1354753795517434,0.4004300636646017,0.5527508712153535,-0.3841069291092747,1.3411963474179578,-0.2251438040008111,0.018503129759163,0.560315293961868,0.4773764081539453,0.3471690472078379,0.2605027969774995,0.3488225807697264,1.0717129370037417
56,2.31,0.5757118469368123,1.2132924367519566,2.7509212216228702,1.406085605284635,-0.5223443113596663,2.675413850793513,1.809350229475648,0.3769222150920432,2.104917551000888,-1.0866332404998302,-0.2558622176177771,1.095684767921988,0.2831171628773165,-0.1275011861204383,1.08285358191189,0.9274018088876036,0.242240413145627,0.3685876671052353,0.3051714143024511,1.687290890798149,0.5235457802457547,1.289978339409858,1.48200556004417,-0.163571665706963,0.3175022797028035,1.343752897039748,1.1422192542289074,1.0725983946264,0.6099831356400234,0.5411097004814535,-0.333929078270394,1.5364279334666804,-0.2251438040008111,0.0103154416184192,0.5406040989232489,0.4975127470406074,0.3416046479778402,0.2605027969774995,0.3488225807697264,1.0717129370037417
56,2.31,0.5207125388118182,1.4871121234594913,3.051641511161544,1.5297406426228677,-0.5214624805015242,2.639801514407366,1.4895810969729162,0.2958571790109096,2.2041195575427066,-1.0866332404998302,-0.2757865750313452,1.2320325108014982,0.2682790977327746,-0.0973896346272833,1.1458872801784017,0.3433531433695578,0.2766263475700135,0.3527465798784339,0.2969003006603796,2.4796190336123667,0.57906027969368,1.217442736679935,1.6020322793856645,-0.1397228334131958,0.4700114047665339,1.2115950520364362,1.030454347129859,1.155848215534141,0.4613583309231527,0.5853993308249135,-0.3441659792714196,1.470519052518242,-0.2251438040008111,0.0026424527498756,0.5487793862023463,0.4885273404484836,0.3581292656173238,0.2548861552184768,0.3488225807697264,1.0717129370037417
56,2.31,0.7511579151880673,1.891729097030112,2.7195437627667656,1.5816503359954088,-0.5497543095671564,2.8570830729799352,1.4193677576438608,0.1651030424440177,2.453904190266821,-1.0866332404998302,-0.2633302357226592,1.2316680073598412,0.2321220305916734,-0.048462797287992,1.1949000782058248,0.5380685324150598,0.1701434996864637,0.3512754989819969,0.1855300408033544,2.382418233536727,0.3049853787820362,1.0244002834227488,1.399562342333461,-0.2616974451531169,0.2907248426312987,1.0051489301229224,0.8541930598285914,0.941377035408973,0.3419158902186219,0.3625092644980587,-0.4255964832413186,1.2067011153476748,-0.2251438040008111,-0.0318218262802992,0.5135823031276595,0.4658406655316187,0.374443591492062,0.2548861552184768,0.3488225807697264,1.0717129370037417
56,2.31,0.7210437878756268,1.861152685350288,2.962170408449746,1.5762988704760392,-0.4390253090260446,2.2793250738674646,1.4622216703984252,0.3074735017710909,2.17095102973079,-1.0866332404998302,-0.273549668662622,1.1963801743454603,0.1446465153961191,-0.1150830675167004,1.162946335465953,0.3483067658174364,0.1706460546521857,0.357809997758606,0.2229372669953854,2.2933944851097685,0.4043713497404175,1.0783166133554294,1.5221877309668317,-0.2992843680096855,0.3481653951700484,1.3566137630202513,0.878795326420171,0.7920037092718696,0.0829851191210644,0.5074583491765823,-0.2880263078914848,1.33854363480892,-0.2251438040008111,-0.0234279373472442,0.5318355380333664,0.4681141717412385,0.3613370379931223,0.2548861552184768,0.3488225807697264,1.0717129370037417
