ID,咸味评分,丙酮酸,酒石酸,L-苹果酸,焦谷氨酸,乳酸,富马酸,琥珀酸,草酸,柠檬酸,维生素C,5'-AMP,5'-GMP,5'-CMP,5'-UMP,5'-IMP,Ala丙氨酸,Arg精氨酸,Asp天冬氨酸,Glu谷氨酸,Gly甘氨酸,His组氨酸,Ile异亮氨酸,Leu亮氨酸,Lys赖氨酸,Met蛋氨酸,Phe苯丙氨酸,Pro脯氨酸,Ser丝氨酸,Thr苏氨酸,Trp色氨酸,Tyr酪氨酸,Val缬氨酸,cys胱氨酸,Na+,K+,Ca2+,Mg2+,Cl-,NSSS,NaCl
1,2.16,0.0844674906360622,0.0122776216000566,0.0182788365243314,2.8972112766388856,2.1768916379561065,0.0359409724094233,0.4832844937242116,0.1041253850980212,0.0665260624805547,0.0,0.07085446165225,0.2688135255116819,0.1113320755505028,0.2232242512578817,0.2789183903224396,2.270714615909893,0.6236952928483064,2.7915543302153583,2.5605263279643733,1.468650005967726,0.2638043723987244,1.710019905597291,2.0778850087857927,2.0007761796135326,0.735971662523236,1.6773464194103058,1.90589228574797,1.7178281472143682,1.2907875063513128,0.1800390221258894,0.6000202254851843,1.705946774804067,0.0,3.900533217899383,1.971908734832807,0.1906612645571548,0.5595976420565015,4.4679533186800535,3.012589390620414,3.261935314328648
1,2.16,0.0829357366727838,0.0132114422977535,0.0166883515972269,2.7064981326001183,2.178137145373542,0.0375190247563535,0.5018302585079957,0.100904335117039,0.0693843930990281,0.0,0.0691984576859938,0.2781104704717784,0.1143071680437369,0.2253006574869127,0.2758539299634088,2.282592479013539,0.6025690517212817,2.813556074395104,2.500801012503032,1.490130762805859,0.2620938802246583,1.7267078089904655,2.064522406399645,1.9995228840096964,0.747053697654839,1.6411445661960709,1.954346483474677,1.772368645849002,1.2904081559948308,0.1664492166904887,0.6193634609076217,1.78068313920903,0.0,3.903709550424441,1.9791777464816,0.1933931202170289,0.5608697140128467,4.4679533186800535,3.012589390620414,3.261935314328648
1,2.16,0.0841687484634358,0.0131294878156864,0.0153471605464913,2.741404796024314,2.0659145446162888,0.0334170776704337,0.4366233574128643,0.0994816072903615,0.0561390784385403,0.0,0.0707078565922902,0.2772967971790008,0.119892689659555,0.2244487160160911,0.2866649751336214,2.319817716933401,0.6379308352717151,2.751843584670304,2.5218117039032792,1.4092929794679558,0.2549680366068844,1.784305474104498,2.0273581922546624,2.03160610726088,0.7241556751788507,1.6133587098525386,1.989936925058856,1.7673090483735638,1.2725960877636378,0.178187083291913,0.6038541214213307,1.7821649087860885,0.0,3.899654091627751,1.9755379742961303,0.1934595846959315,0.5599058698575933,4.4679533186800535,3.012589390620414,3.261935314328648
1,2.16,0.0829963521371786,0.0140920845121097,0.0177243436698998,2.748065782238577,2.324636815257357,0.0329000935171479,0.5551980302838684,0.1177587589172613,0.0694241488734883,0.0,0.0767783939015821,0.303756837100168,0.1157813518456016,0.2459537071453451,0.2838601233501524,2.2811785465569807,0.6700491496107446,2.818814392570709,2.5422147678846705,1.219268152318189,0.258710530781487,1.696339770810119,2.045049433149089,2.1028578125315414,0.6942366668541607,1.6812129697569294,1.8485282050144831,1.699354175736435,1.2609463020699572,0.1757642369879238,0.5822787424413967,1.6641801298432168,0.0,3.900122051975108,1.978551067566801,0.1889179311340024,0.5606441401428535,4.466583226465141,3.012589390620414,3.261935314328648
1,2.16,0.0680143319399224,0.0125430589062906,0.0174880703825549,2.6807367182966404,2.1603924991926635,0.0314791029145059,0.4683499032193098,0.1163267144018429,0.0546112288502632,0.0,0.0727204495607371,0.3001997205181126,0.1123733961278421,0.2450082244651011,0.2732813578627382,2.074774876591825,0.5722452999840741,2.781866869926475,2.360850171016347,1.114431587479192,0.2815294269368436,1.7630307004400811,2.0570243511676383,1.9510491702085813,0.6758008221339834,1.6096962488623716,1.8076602325426945,1.6408250610662205,1.175408989140557,0.164164041508652,0.5250191020991264,1.6651307381353395,0.0,3.895355609282371,1.9679613170762211,0.188573438822232,0.5627415365464766,4.466583226465141,3.012589390620414,3.261935314328648
1,2.16,0.0837209975402238,0.0082402467201551,0.0165952086317765,2.6764277097049223,2.1435894906946698,0.0324616112255211,0.4887139328451167,0.1203502451080507,0.0722029700030814,0.0,0.0750952098884289,0.3040435563879098,0.1099315474556616,0.2432458011700473,0.2804485127266494,2.342307184762983,0.6799405841037653,2.864248893177113,2.563849431225941,1.1273557845276807,0.2777902770603792,1.7798447663872865,2.0644311397844324,2.1421254346823653,0.7451559850590735,1.6527867877961857,1.950705000360996,1.692371777911006,1.3745651632305045,0.173807757876198,0.6107627286423672,1.783634515672924,0.0,3.901307372556078,1.975639692475648,0.1925795944259482,0.5607756162173488,4.466583226465141,3.012589390620414,3.261935314328648
2,2.03,0.1217384719273487,0.0032521948766243,0.0079086688711041,2.025524510935954,2.329094798353869,0.009958328840986,0.1452125849446423,0.0904912236274343,0.0163719098935993,0.0,0.0216228813927577,0.1674448570709133,0.0231605683902395,0.0168851815693662,0.1339084903892223,2.155264638032876,0.2461149285016336,0.9687303680408283,1.0736171551145524,1.3724780730120332,0.1526833815857929,1.283515834535325,1.4398766179454965,1.6281285880155612,0.484510397910449,0.7544887777586806,1.6643146366210932,0.3348217710662369,0.4905683110800742,0.0767485769005343,0.3054726710928062,1.384426461681426,0.0,3.944779416273608,1.8783712279781732,0.2240400964974438,0.4806282141741715,4.561970929163441,2.829087196145044,3.261935314328648
2,2.03,0.0922220154203288,0.0032276894017045,0.0070260563569256,1.8102142711318767,2.2175075878137984,0.0097773089550496,0.1249022303898712,0.0844317123474217,0.0142760406734847,0.0,0.021805154233382,0.168581388202648,0.0231390395912766,0.0168294047847027,0.1374804548040009,2.060288229855232,0.2506947256382148,0.9348181695988572,1.0689835383202535,1.3455153151564996,0.1385523328315503,1.254958673598228,1.3959571174591547,1.7243847706499855,0.486723892675757,0.7397569054890208,1.7532712262996166,0.3121651030813875,0.5885329624639154,0.0724891692418776,0.2994813508682372,1.3738849501385348,0.0,3.938899550525296,1.8680245762829184,0.2256086935527941,0.4827067888736535,4.561970929163441,2.829087196145044,3.261935314328648
2,2.035,0.1151300761136046,0.0035616059449864,0.0079395105083488,1.910873600361425,2.3289995615587418,0.0094667882226969,0.1595018856948037,0.0931970705789637,0.01573360809375,0.0,0.0217333866898951,0.1662638508183236,0.0224108572190719,0.0165286511313266,0.1380013299279812,2.1392536377218843,0.2621442179513398,0.9142918390182858,1.0245308667260304,1.0811424487663834,0.1528537906584981,1.2526607095528148,1.4414108066302738,1.7363960578773672,0.4991898432742319,0.7529769467976598,1.729646477713754,0.3555256575620795,0.5960139990472871,0.0762078788769225,0.3118024435383316,1.402470996465314,0.0,3.94164959508081,1.8701474544493704,0.2271050765012165,0.4794357484989781,4.561970929163441,2.829087196145044,3.261935314328648
2,2.03,0.1071428459630919,0.0030568341183169,0.0078843794325255,1.8794852874576415,2.253744357885925,0.0110619958928752,0.1365540853076225,0.107487639924066,0.0152156516214623,0.0,0.0167844959438306,0.1374887188200814,0.0134190178974642,0.0093067842174854,0.1201046701318127,2.103863221961608,0.2620186939956621,0.9354857193004984,1.1395394712559062,1.192899676508103,0.1591050199342584,1.2448159112633224,1.4051267472961082,1.766808974801521,0.4898879933974459,0.7217781510423856,1.695960044029384,0.3388229287212319,0.5942791828205701,0.0714402722902149,0.3204635355624101,1.345315411314049,0.0,3.9398957781884207,1.8722243771471387,0.2268519682284072,0.4806861597970508,4.560723856493407,2.829087196145044,3.261935314328648
2,2.03,0.1119007663157504,0.0037027025284761,0.008302849748655,1.8962003892373835,2.2527286349152686,0.0087899529245325,0.1331624386943913,0.1003945388807666,0.0173936437100622,0.0,0.0167946716555885,0.1361121962341102,0.0129767199816202,0.0104186063435994,0.1214450237192929,2.04684969989064,0.2483206264360949,1.0180270329531094,1.1543254241518253,1.021617503882671,0.1404209121633897,1.2173736290357555,1.45446263134999,1.7689751668133686,0.4691678263097519,0.7276559599688777,1.6318506289133785,0.3386645018508173,0.5955517208916034,0.0714547435249629,0.2880263566791643,1.3093056722215664,0.0,3.936874448721327,1.860495801278245,0.2303798150903784,0.4815238713263151,4.560723856493407,2.829087196145044,3.261935314328648
2,2.03,0.1056064976017871,0.0037543904479286,0.0062365333352188,1.9525393106717768,2.0559773720818084,0.0104342632439481,0.14121010284964,0.0832434874007105,0.0180206228218653,0.0,0.0163485629959587,0.1366026335321994,0.0129244483324406,0.0098487583681252,0.1241905056839307,2.344943753693829,0.2697449890160543,0.9990361147363112,1.228720629538404,1.0431688871182103,0.157990521618257,1.271419870511255,1.4403927076426128,1.8142234938559332,0.4847441944509779,0.7743666071665789,1.6870969377003993,0.3584728820788553,0.6598002989918716,0.0783496312281386,0.3241470085235739,1.3279863062546913,0.0,3.936613494169909,1.8671816684664408,0.2286801082578461,0.483394093597936,4.560723856493407,2.829087196145044,3.261935314328648
3,2.91,0.0604076316875442,0.0067730818081592,0.0072530121993238,3.470288619688738,1.7112980962319777,0.0288850665947812,0.3531360016630045,0.0891821800907085,0.0364197132438285,0.0,0.1913847426001324,0.2701567005750905,0.0498723650454353,0.1316855349519635,2.855652116503913,1.533203870410066,0.4545792096454912,2.643095010770085,4.300219431902408,1.1302393153830843,0.4997074185489635,1.4556690837257564,1.6919645687973297,1.70192100232843,0.5968155405427205,1.365415388451803,1.609035246375003,1.5354736464464604,1.0081146070290972,0.1946462390847486,0.5231806084470525,1.3384660588129862,0.0,3.9293309315826783,1.785787631749138,0.1840934377519906,0.5219888451066537,4.379992791691702,2.018895041811802,3.2003044392827653
3,2.91,0.0584884142194292,0.0042218544176289,0.009754855313426,3.5307340910280978,1.7725001604776198,0.024640398544315,0.4022909424368762,0.092906869621109,0.0288339376489239,0.0,0.1928275245064939,0.2706470091748701,0.0509988698488994,0.1435893684263396,2.89463036381478,1.567064964974552,0.4952739517588583,2.762421855606933,4.362987394398671,1.2028703261201137,0.5027174249851926,1.4642130121198194,1.736449300095806,1.8027670228723944,0.6034967559818785,1.4299479147501908,1.743552948480661,1.5846024873665123,1.0792514829743898,0.2085199181023481,0.5703147951789971,1.428694940778746,0.0,3.9373172352544734,1.7910941637948012,0.1853994726474058,0.5248337441097306,4.379992791691702,2.018895041811802,3.2003044392827653
3,2.91,0.0569681748012056,0.0060173006792652,0.0102496316027842,3.5444355532062537,1.8492615445744376,0.0319125368298177,0.4083034860994679,0.0918917855647941,0.0317250367846485,0.0,0.1928261737711595,0.2691904781511514,0.0478487335436037,0.1398334085170453,2.9020039898420267,1.552540432100984,0.5308644837452681,2.743126242727804,4.481963354381913,1.2074338180024269,0.5030613286865814,1.5305231122170653,1.7336082759220848,1.8846589873876995,0.6694666939971787,1.4601246549566995,1.78755587449043,1.6162813160408835,1.135750387248462,0.2243970565481541,0.539235698705904,1.4682574341724826,0.0,3.933723018411853,1.7835286123035967,0.1845591822750596,0.52189601523582,4.379992791691702,2.018895041811802,3.2003044392827653
3,2.91,0.0563809799387341,0.005050800206683,0.0100361123223475,3.5133946843399877,1.7206807379544635,0.0301491755097621,0.407133777770896,0.0911376934410328,0.0334789820723879,0.0,0.1352397727618184,0.1844977504991551,0.0311085900202219,0.0908309548558015,2.516573972682316,1.5635787836606063,0.5264325076991669,2.8611211828366305,4.452969679519358,1.0552443782748162,0.570796665457224,1.454870197259689,1.7457604274500145,1.8624386719478043,0.6699226652372192,1.393971335846179,1.8164935164071565,1.7309206672371007,1.168639200062587,0.2223282214231092,0.5849190460995788,1.5216195860210706,0.0,3.9321577277707394,1.7884336660372953,0.183057595018017,0.5223909272742678,4.376248187056548,2.018895041811802,3.2003044392827653
3,2.91,0.0568025117921053,0.0038492272104092,0.00906979478019,3.521189374885459,1.6667139026838942,0.0283362144088192,0.3841557546700375,0.0893649308742662,0.0290095893158096,0.0,0.1471230135261218,0.188638689131614,0.0316318297044603,0.100850700913182,2.5773241384288665,1.590993795848237,0.5273685782141695,2.8596203754300973,4.588058746997989,1.1579975768670128,0.5624337503186938,1.4720626058865771,1.751478513736452,1.8416462682228596,0.6690557418158599,1.4306190448556817,1.7216143182291257,1.7345692510588246,1.1813218000268395,0.2284400958251727,0.5717588660013033,1.501611515432773,0.0,3.932749723268168,1.7877462031715154,0.1849210493503239,0.5236668762320186,4.376248187056548,2.018895041811802,3.2003044392827653
3,2.91,0.0561270962703132,0.0048200309645178,0.0100168088414774,3.5609949790255584,1.84496969132679,0.0290936426152675,0.3896924904436205,0.0962374670133475,0.0275771439365637,0.0,0.1445607115813999,0.1880204074537028,0.0323477318893867,0.0934152901798652,2.5799916618197223,1.525915107875243,0.499666341137029,2.801334164060391,4.521112641482144,1.2434550233797224,0.5465469320997093,1.4527173158310656,1.7327361409273938,1.8236754192063376,0.5838051703727307,1.4258014080353627,1.655726059644133,1.7141068247294458,1.1537012561989042,0.2225545122647667,0.5103069556809514,1.3863432786734078,0.0,3.932404155347837,1.7821915198694307,0.1848148476261665,0.5222722988938939,4.376248187056548,2.018895041811802,3.2003044392827653
4,2.54,0.0597524693667359,0.0015169378677609,0.1111815586651879,2.440468083417975,1.590651426087793,0.0172460876219229,0.3581844065266512,0.0720414039862026,0.2026009250062859,0.0,0.0,0.0,0.0,0.0,0.0,2.176265525105068,2.3320523098767305,1.861021674463638,2.663624873060769,1.3041167414969077,1.228007615051116,1.6089442462009746,1.9787204639724871,2.0627404563434544,0.807572606191637,1.6292313767471236,2.0126525220692075,1.8823181835259355,1.33373829319038,0.0792677102097977,0.5454149783310253,1.7120554443894562,0.0,3.9972440947253545,1.8504654382735308,0.3320410878521637,0.6141195764527397,4.70459341378356,2.73046379593911,3.414113606928702
4,2.54,0.0490080347196342,0.0019715891401863,0.1134822869025312,2.564654346257703,1.676864788817194,0.0197548526255765,0.3555649768531218,0.0707343780503928,0.2138503211071171,0.0,0.0,0.0,0.0,0.0,0.0,2.1799676207956464,2.368039644884808,1.812834163737548,2.7005142040050214,1.105947364106225,1.2299762192930368,1.5952611825937553,1.9465147832272265,2.0373023760339786,0.7565988674007771,1.6395518438638916,1.9313599327691071,1.843220987231886,1.264769340399562,0.067672260530703,0.548867413415814,1.5906156029493583,0.0,3.996194517415625,1.8508961394168464,0.3354845182737215,0.6132110476237864,4.70459341378356,2.73046379593911,3.414113606928702
4,2.54,0.0559854492414203,0.0017755397958918,0.098982486805182,2.4993831535670945,1.7286403177308696,0.0196495126335515,0.3413043225528578,0.0803728836209971,0.2342401738348685,0.0,0.0,0.0,0.0,0.0,0.0,2.182138414501241,2.327159005759384,1.74392700084658,2.629140996327024,1.1950992781844243,1.1975161537464338,1.6070898976035146,1.9776718929410495,2.0252974992158324,0.8103252968450486,1.6277961095921778,1.9520453209124584,1.8782079916364267,1.307452282090744,0.0793115413596596,0.5230676563665663,1.5839457571496391,0.0,3.9937660285303815,1.848202921812624,0.3352101297850597,0.6144174175971641,4.70459341378356,2.73046379593911,3.414113606928702
4,2.54,0.0568749388869426,0.0013938181839758,0.1122932699852341,2.553885584400056,1.742165184915662,0.019848985045172,0.3782060482241798,0.0884083743176401,0.1962513074277184,0.0,0.0,0.0,0.0,0.0,0.0,2.380564190364652,2.31053021217915,1.9242448788363573,2.6896579348990963,1.3482874074224898,1.2189639579661045,1.6388231411660328,1.9874065434083,2.0026543221808515,0.7795469099479793,1.660039295736374,1.9122545958387416,1.9322951521887488,1.356332865323179,0.0788517701735277,0.4815726394293835,1.500980738408382,0.0,3.995928709621284,1.8506738353513923,0.3344649970344511,0.6154405552449981,4.702971139420556,2.73046379593911,3.414113606928702
4,2.54,0.0585273926385033,0.0021463519378163,0.1314597605257692,2.608757292083843,1.7715835479463442,0.0175543665568603,0.3990519684848453,0.0856687750194939,0.2387562854109831,0.0,0.0,0.0,0.0,0.0,0.0,2.343296670794599,2.37232392358431,1.9800006163186543,2.789453318997995,1.1445150954142322,1.268623344845352,1.6859584463759945,1.9629315155903344,2.0944106291373603,0.8392971645770568,1.6654446594603338,1.9460818154626496,1.9441158265067235,1.3842843213427718,0.0919496632246294,0.5860489648644445,1.6384433652954318,0.0,4.000352401432317,1.849834931284056,0.333073366285731,0.6177742090934046,4.702971139420556,2.73046379593911,3.414113606928702
4,2.54,0.0513123598058042,0.0015196058140166,0.1343826240991893,2.432509874859857,1.8066754575375608,0.0174087682221067,0.4361077829417096,0.0889566579531572,0.1799619359102933,0.0,0.0,0.0,0.0,0.0,0.0,2.126278263408059,2.2790262956072205,1.8781525104764252,2.6561264237915387,1.171324511717072,1.190947416177639,1.6509066741393612,1.9060829854195347,1.940465262815258,0.7857371421048676,1.5872650883634596,1.9020680811413544,1.803478365280427,1.281489336703788,0.0829958523845577,0.5345714194862125,1.5433991881543128,0.0,3.9955087966040392,1.8412564931957651,0.3314617069995206,0.615360552981096,4.702971139420556,2.73046379593911,3.414113606928702
5,2.26,0.0716325830474137,0.004374081741275,0.0281488067231502,1.8702137384625015,1.3738928877498515,0.024767521979715,0.2820100340624464,0.0759669647985201,0.276373796480845,0.0,0.1777201306182945,0.5773326336576499,0.0332597704448232,0.1678985729825083,0.4794155373288405,1.6223549850842955,1.1474806796190171,2.2758607291968302,1.9160865361502344,0.0,0.7012038834923163,1.2204259501314392,1.4702742839334928,1.6763416788598813,0.496979195498549,1.169928086471432,1.3986727426134942,1.4143651534255066,0.9645399116426722,0.0438797401276216,0.5012289268209807,1.2087070836195533,0.0,4.0062950334484295,1.6908101051198876,0.2017856954367642,0.3733311395435207,4.734926892063675,2.4458192610799534,3.354455119110024
5,2.26,0.0708591885666177,0.0034795463511975,0.0225776048545791,1.852764361477621,1.3944147900103745,0.022533909632683,0.2370775368680511,0.0810176325874563,0.2759012674725908,0.0,0.1771211673449002,0.5633508399362054,0.0335686056219615,0.174289967253779,0.4874998924326496,1.6773603044422882,1.194672958905238,2.185315437985264,1.9556784517440573,0.0,0.728226529609911,1.2126558993074656,1.4742018244417143,1.7243152001799955,0.4900883981087888,1.126831406878586,1.3555743203943456,1.4205934444360646,0.9158535751350702,0.0392342544077519,0.5114693757132353,1.175522681299402,0.0,4.012960569580697,1.7292855043157536,0.200654882973498,0.3725235671987889,4.734926892063675,2.4458192610799534,3.354455119110024
5,2.26,0.0683836342062687,0.0024781917446573,0.0393598140552253,1.928696142402092,1.6288677137687293,0.0249609034264346,0.3572993984264387,0.094802316318039,0.2576752072325111,0.0,0.173397477048266,0.5597306156281852,0.0329038576110998,0.1648691642312245,0.4809715343974935,1.626331749376979,1.1327775705972436,2.280306070502814,2.0256972142528986,0.0,0.7077428890777704,1.1631121559336297,1.4249186308111286,1.7190739206936136,0.4930957122815069,1.1426748094072132,1.3926914810963154,1.4293525141330845,0.9904854112686956,0.0427249239210938,0.5184751986216165,1.1627992673968883,0.0,4.006621445642293,1.6778901659201375,0.200372630590685,0.371859982838662,4.734926892063675,2.4458192610799534,3.354455119110024
5,2.26,0.0678560009611483,0.0031893177151198,0.0253688044089501,2.0466598883734743,1.333891735599391,0.0276206358896144,0.2651438884999794,0.0660859498145149,0.2537232132719869,0.0,0.1564332177116769,0.5569278466558295,0.0295682449154088,0.1602998900498714,0.4223033393849769,1.6281366777575923,0.92959537133289,2.0183765564254657,1.6814777442591606,0.0,0.5511230574322546,1.1892534333510316,1.4630428993548026,1.4770260665974224,0.4525779349048847,1.1480248321352329,1.3084353162891107,1.3092656301228554,0.9112673192377548,0.0352858258592594,0.4967582510185485,1.140622742770422,0.0,4.003687153255917,1.6743335255567389,0.1997604113701804,0.3709978109114196,4.733353126231706,2.4458192610799534,3.354455119110024
5,2.26,0.0673036780026155,0.0028228510044804,0.0311799825639307,1.8405825201582988,1.47533050960469,0.0250499565402944,0.2961423085164195,0.0755796949240003,0.2643601183484911,0.0,0.1579774062752894,0.5679604977955468,0.0307540556027297,0.158967921976777,0.4514997275028151,1.5516708413528495,0.9793135385216634,2.039418977009537,1.683614817011928,0.0,0.5572542496976991,1.2009650270956829,1.4275202414272994,1.5060485696268242,0.4447745288652714,1.1006825625049204,1.3221882971259145,1.248352436956338,0.895931109797179,0.0373710998265199,0.4496968080901912,1.1982958120553333,0.0,4.008078395857682,1.6779152316868342,0.2008240271607908,0.3710865102502516,4.733353126231706,2.4458192610799534,3.354455119110024
5,2.26,0.0699452751399081,0.0027652870670087,0.0291430488377827,1.923694485613464,1.4652135114545912,0.0257548345742567,0.3376815130088451,0.0818370498014822,0.2656120025444351,0.0,0.1585048813752481,0.5626051199982662,0.0312917570890879,0.1580063528718046,0.4659450518513883,1.6329094926482457,0.8989342750379776,2.036764076708241,1.737921976197856,0.0,0.5555501498465194,1.1878345470517886,1.5178587876593506,1.5043780704583007,0.4427918917291303,1.1474196984031215,1.3319144525096902,1.2685079983954723,0.8998410006704419,0.0394998280432499,0.4893606934453806,1.1175084964666977,0.0,4.006524419360414,1.6957512389264957,0.1995737203685575,0.3735769550809803,4.733353126231706,2.4458192610799534,3.354455119110024
7,2.35,0.0564666482363979,0.0030295203655124,0.0107462021823579,2.410033268373075,1.6006588185130952,0.0338162275023442,0.2934644114604287,0.0854351637512896,0.0623157970906891,0.071768783741667,0.0340578198651717,0.3315275632770351,0.0622880986478189,0.5412484105294728,0.4758889871263762,1.0904368997264982,0.903986746135135,2.620826433559304,2.287254616346207,0.0,0.8491453927905307,1.4676294690535432,1.6788312086203805,1.7482480834098275,0.5062634795936721,1.3467940729691614,1.5436436119889811,1.4358040939567291,0.8773095287240629,0.0755010249050222,0.4026647561133359,1.298634782638513,0.0,3.981488755996825,1.923476284585938,0.2349504847424247,0.5476385457074316,5.308576430431327,2.010894999144726,3.420346200500916
7,2.35,0.0472233382909733,0.0025919340349428,0.0112271945235993,2.365590790739101,1.719563031261523,0.0326816211629507,0.331857778509478,0.0842206613960675,0.0721787305776654,0.0,0.0334397886462083,0.3209231160400143,0.0647331865640275,0.53443779786846,0.5185732756505315,1.5834583201855683,1.0111709930949098,2.770306224948599,2.3958264318583624,0.0,0.8531211766350328,1.4785295516232126,1.7240882054613345,1.864998363986252,0.5500510507543157,1.4104442520732698,1.7284292908169407,1.5802806749566327,1.1102503631273142,0.0857847328025007,0.4652586998519965,1.4555014986169077,0.0,3.9819861725326833,1.9275086711735283,0.2321913752285007,0.5507397314657003,5.308576430431327,2.010894999144726,3.420346200500916
7,2.35,0.0568285033143441,0.0025168550614324,0.0108849899628301,2.3916383127864864,1.6261740833471074,0.0348210710214932,0.2963486358160927,0.0864088273263701,0.0690149553764339,0.0,0.0336358873900497,0.3141641030783131,0.0663240994808139,0.5490399760926554,0.5082440922790843,1.3970419599615462,0.9524794176900816,2.6999234839410406,2.277581038450664,0.0,0.8781097912819813,1.4514454737256133,1.7414491177341676,1.804269324836615,0.5299015982904525,1.4201278367284491,1.665763819625422,1.5342127044355416,1.038785733207821,0.0778230630070121,0.4514988896413227,1.4198971496869852,0.0,3.987480154247865,1.939128537391697,0.2313351063284782,0.554202739789274,5.308576430431327,2.010894999144726,3.420346200500916
7,2.35,0.0521841684913485,0.0033814514435763,0.011992145919436,2.525797841914046,1.6514424571301969,0.0314894596526418,0.3101943107283416,0.0863776881679392,0.0857488308969603,0.0,0.0168011558152722,0.1700527586045947,0.0354788605697177,0.3037380995572652,0.2975339444976437,1.5085077980388772,0.8913090704631979,2.694414520321601,2.3804005819486083,0.0,0.8854427593455727,1.4769014005230283,1.663132529896198,1.7180112780377077,0.5303582787405695,1.3488578434627818,1.6265758522096945,1.5608375679577704,1.1192559458596092,0.0741927082063783,0.4371617852780017,1.3436364829168457,0.0,3.9886022364618503,1.948206198116109,0.2307593938241036,0.5475534553473057,5.307098564231285,2.010894999144726,3.420346200500916
7,2.35,0.0505408413157292,0.0036338784587976,0.0115732715879523,2.3686787404830643,1.666306059195081,0.0298439809916946,0.3239673735629162,0.083252575454589,0.0591029997954247,0.0,0.0165663255281245,0.1728774967141088,0.0362608688634517,0.3072703517770756,0.2810150770960538,1.434044747288438,0.8972315985897913,2.7152779042133752,2.293571884996059,0.0,0.8310036268909531,1.5030139670908642,1.78266513972284,1.7070160205437424,0.5292527684607289,1.4532765652025714,1.7058012405738967,1.447854397064789,1.0443367577954876,0.0829863920111285,0.4308023226541457,1.3809226507829568,0.0,3.990137539738857,1.9497901249188008,0.2319929183092231,0.5494210526236323,5.307098564231285,2.010894999144726,3.420346200500916
7,2.35,0.0479058818784949,2.791931025243036e-05,0.0112038458649471,2.41450134378488,1.5689083974292082,0.0324193206471484,0.2818004090816506,0.0868403289450803,0.0672965978946838,0.0,0.0168435673187749,0.1682474580021711,0.0379411284877428,0.2996906297425612,0.3044499591361118,1.524792604058804,0.9085500967082444,2.775195131352576,2.3747263322458902,0.0,0.8980409734527633,1.497539562301856,1.7771904901710944,1.7837456619454972,0.5444418976938445,1.457036723421613,1.727797214905752,1.561714858410059,1.0883957336137569,0.0826612529049322,0.4513113985684839,1.462538720037696,0.0,3.9842406600283167,1.9409217121817304,0.2339083678096181,0.5470737373505125,5.307098564231285,2.010894999144726,3.420346200500916
9,2.2,0.0406095732404524,0.0017811687766635,0.0231430868415259,2.16597535489362,1.1197234346435867,0.0348278440011187,0.3745809890554785,0.0820128720859929,0.0558639657367143,0.1312897448835479,0.0363465405196229,0.4150432891941444,0.0310888466603533,0.0900320120246536,1.2707811112683889,0.7284487083449366,0.8694371010530468,1.7271273374869258,2.917156371511572,0.0,0.3544783526976528,0.6541762088186813,0.8897705048635094,0.7788261460334625,0.2435067453850412,0.6454290424152236,1.0888033765315102,0.7545104292890534,0.4370352810088646,0.0115856019791171,0.2471536379635629,0.7223927478262067,0.0,3.5877933952132626,1.0166370967825198,0.1660880154762556,0.2429168644552436,4.320710749130345,3.3386125064705343,2.968874819384108
9,2.2,0.0546874334252646,0.0012381302003701,0.018281820475105,2.3756177932000377,1.183661893501567,0.031211293407177,0.4144032714470304,0.0878042845553256,0.0508925098341498,0.1180889879593151,0.0360087208013022,0.3950523557479829,0.0315458132347943,0.0893886127908787,1.288247751303713,0.7341335326127612,0.8838688908175685,1.7925680632277958,2.893353852030252,0.0,0.3550228388643904,0.6891806015767501,0.8532449665287266,0.793652100670481,0.2471816270103292,0.6132908185646412,1.0522973130904327,0.766876163477747,0.414717641762106,0.0176160305919447,0.2200513963267363,0.6338710792371459,0.0,3.581176080829465,1.0091437662768188,0.1633354390630951,0.2433379810614702,4.320710749130345,3.3386125064705343,2.968874819384108
9,2.2,0.0519158939821935,0.0013689385758778,0.0239445474935799,2.240603064655585,1.1650507731067643,0.0278004261360374,0.4111656152992573,0.0865374177720358,0.0420989554984327,0.1355993612776424,0.0360252959335466,0.3924067969372273,0.032533502556403,0.0907724617348229,1.2588581115989024,0.7601691343306232,0.9444574172209554,1.8057716488340043,2.87815524367696,0.0,0.3584372958838641,0.6650660005417859,0.8823926934336817,0.8167545277145862,0.252164578689506,0.6615222449090312,1.0965696806306318,0.761007035893106,0.4362234074937641,0.0162672095752173,0.2319432703684229,0.6934898038578791,0.0,3.585727492249186,1.0165047735238422,0.1665346340027985,0.2430228674344323,4.320710749130345,3.3386125064705343,2.968874819384108
9,2.2,0.0528993546320655,0.0014664532316692,0.0191897336328707,2.4254937426632948,1.2208387334479278,0.031244264546757,0.4419037336883709,0.0862844565970085,0.0549802128928732,0.1213454613428977,0.0294031202208148,0.3446713610325257,0.0333537254129388,0.0779051018520265,1.187850882429202,0.776711070204859,0.9849310811257777,1.7324734392643246,2.966023934612392,0.0,0.3434988130255395,0.7063549793069154,0.8572443545993484,0.8102628678111301,0.2312871016150471,0.6295056511383256,1.1299538849299766,0.8202160883018491,0.4843059264173389,0.0072895843034811,0.2166021686450269,0.7068393579060869,0.0,3.583759898311841,1.0129494572547453,0.1649574528814168,0.2434722856819868,4.3199172595706665,3.3386125064705343,2.968874819384108
9,2.2,0.0582312234516532,0.0013597980554257,0.0216558149650378,2.3573471000658106,1.2924827123319031,0.0293518701529648,0.4810012184630758,0.0909416763178868,0.0473847856589437,0.1375011051292851,0.0291409596176668,0.3529597299701188,0.0324360773592155,0.0734361452428383,1.2036892670330366,0.7575898160068806,0.977376706451037,1.7163620244976954,2.964667860804567,0.0,0.3518910674265694,0.6493181883001461,0.9114417509451552,0.8022473691660859,0.258048289416747,0.698638369846014,1.092740219097442,0.7709424014491563,0.4718605372494365,0.005935728655416,0.2302014250236951,0.6780177040457853,0.0,3.5909188630206046,1.0126207118690929,0.1663821060130002,0.2415714631415376,4.3199172595706665,3.3386125064705343,2.968874819384108
9,2.2,0.0499153946695991,0.0013522033608225,0.0206995612051815,2.413360450797289,1.208073579342925,0.0292674908824715,0.3959266378621046,0.0819020245336887,0.0590607426534589,0.1118718147648597,0.0287829022798791,0.3546154584536293,0.0325546161318075,0.0764402990920406,1.216131905040087,0.781042128544065,0.918251416076032,1.6973871724738925,2.8306072287328665,0.0,0.3411278033474424,0.6811357816645249,0.9221764907626814,0.8227202017215194,0.2565828411233357,0.674257351856344,1.102197396814445,0.7464005758689529,0.4749561166597998,0.0106133516003868,0.2200178449799035,0.6667625437160575,0.0,3.591886970554844,1.0188572277313948,0.1671518454998045,0.2426437454311051,4.3199172595706665,3.3386125064705343,2.968874819384108
10,2.17,0.0282341437153133,0.0060528693701388,0.0498805494832396,2.1056670956661563,1.1433975282669793,0.0479890547955606,0.1660135850696245,0.1127247368954425,0.1630449103455929,0.0,0.0,0.2604443163923255,0.0,0.0,1.0471813304193598,0.973191577079484,0.5168327211741295,1.8022130584090037,2.1298146693250417,0.0,0.335758775025149,0.891532277576266,1.0786431326467916,1.0011014637863245,0.0917405553599592,0.7535507111139786,1.0296373505917822,0.9998121911456924,0.6531010532060704,0.0,0.4648607372184298,0.8338739638481153,0.0,4.14113331394876,1.3900214932257258,0.1361623132158536,0.3068963796628091,4.8450066292817695,2.611539300721366,3.117507330479912
10,2.17,0.0268566041050213,0.0050506410127609,0.0539281364405345,1.9705641027799736,1.2332314192827758,0.0391326785091149,0.1880750685564578,0.131788836254667,0.1619569707285191,0.0,0.0,0.2614479486244819,0.0,0.0,1.0642738660609763,0.8875968938671681,0.5487678359466295,1.874035257259144,2.2314229500524734,0.0,0.3524597799038998,0.898699476643443,1.1111000973995089,1.0759479611910747,0.0955211702715434,0.7718217412085556,1.0563985104410836,0.980004671137517,0.6545703554262743,0.0,0.5340435581380985,0.8877966816869042,0.0,4.142395489572518,1.401791649170523,0.1381204393241644,0.3057301643917763,4.8450066292817695,2.611539300721366,3.117507330479912
10,2.17,0.0235368454365569,0.0051873573674166,0.066822824503903,2.015891720550625,1.2421005379908436,0.0460427066956481,0.1839516324983675,0.1295777187712136,0.1646783263213384,0.0,0.0,0.2643527123478368,0.0,0.0,1.0229381316612909,0.9246610393058878,0.5139983367850036,1.9634456041962145,2.2601226021368648,0.0,0.3539157626967341,0.8437508480270834,1.1229359154680194,1.0492411229999896,0.0919188046780435,0.7858336282055406,0.9794459729708808,0.9897977547511688,0.6610279325680544,0.0,0.4641489270001076,0.8482388585095657,0.0,4.137582090270796,1.40342115543862,0.1346194694541728,0.3072486012906779,4.8450066292817695,2.611539300721366,3.117507330479912
10,2.17,0.0236474089943731,0.0073830123669322,0.054916867061148,2.11668618819403,1.1927464378254586,0.0429920063406005,0.1816588906125449,0.125846466200196,0.170214174009449,0.0,0.0,0.1627919324290832,0.0,0.0,0.7596660451473803,1.0341057798181397,0.5704626553933806,2.2221416633755275,2.3091896564698464,0.0,0.3935255605346467,0.9537259639273792,1.119460376469502,1.091148448383497,0.1049340154195285,0.7930764558979728,1.0945909141024353,1.1135299585393623,0.773179059713315,0.0,0.5355127272680166,0.8994285929255225,0.0,4.138323573077943,1.407393266511922,0.1359992060665111,0.3056885442436616,4.843126713438157,2.611539300721366,3.117507330479912
10,2.17,0.0270099888133824,0.0058610076895588,0.0561816851624223,2.016667619787508,1.1276940881651678,0.0466342437469772,0.1773020953484798,0.1145670717612968,0.16892092050183,0.0,0.0,0.160472753907605,0.0,0.0,0.7666510000716354,0.9309034556737252,0.5478637256013157,2.162652403142366,2.331104262869169,0.0,0.3625831029444477,0.8997444541121896,1.0212776954901042,1.0523851532824664,0.0970707545372549,0.7612891449280947,1.0070505924791069,1.022299303618267,0.7052636853455612,0.0,0.5217936583651588,0.9098187678229316,0.0,4.1398785750068186,1.4149214692750869,0.1358426004748466,0.3069647807899904,4.843126713438157,2.611539300721366,3.117507330479912
10,2.17,0.0273769616215153,0.0061437027497307,0.0595625003179811,2.1223699268807863,1.3026075982891698,0.0472947008070154,0.2223315241093411,0.1406657286199115,0.162881088660228,0.0,0.0,0.1557998372193569,0.0,0.0,0.7788914654606776,0.963958459490156,0.6160310778223882,2.1697392353938265,2.4505816429505947,0.0,0.3908149188959908,0.9618907279116872,1.098036565971598,1.1343315468250534,0.1045937519696686,0.8042288660204423,1.0587811870790371,1.1575803347281302,0.7841023177359066,0.0,0.5358526852025991,0.882334759269406,0.0,4.144717528971394,1.4352796436334527,0.1343349253306315,0.3061610262845334,4.843126713438157,2.611539300721366,3.117507330479912
11,2.21,0.0943391903648019,0.0072482657392591,0.0067007517349387,2.514492190345212,2.0697069138136057,0.059230346737113,0.26979441318836,0.1129578272619443,0.0140329371483921,0.0754263056986215,0.0521144089307152,0.1307377491588851,0.0371009227920952,0.0900600547121436,0.1613104198941254,1.3945233809212954,0.6634924596983571,3.045879627752816,2.5697530918017004,1.1901107251215537,0.9603194541586724,1.538496830846234,1.868091438465867,1.9975823150405263,0.6876926541409251,1.5743055027357955,1.82504865734744,1.7451807542513418,1.2090929573421882,0.0847501456653321,0.498007171118946,1.494928169280774,0.0,3.9327233954970575,1.7543079473059533,0.154433390146644,0.5449658847883287,4.802809431518122,2.3350522831315472,3.175968323856924
11,2.21,0.106722098183488,0.008047005827238,0.0076446907482165,2.5726453288959794,2.04465163920119,0.0568696513187311,0.257867786599578,0.1145325443064543,0.0159613177278867,0.070593983822231,0.0492964007719624,0.1285839995581489,0.039142597602341,0.0866440141034802,0.1588308052208683,1.5074597076418006,0.7406777522519309,3.0969118619030573,2.7308388690063183,1.2031876306577518,1.0044494096291576,1.540675053920708,1.8651179969994316,2.132071737884526,0.7190683854387087,1.4666340698380964,1.9534900632126948,1.831345228884779,1.2806920184464907,0.0843106755429864,0.5236791844827781,1.5080514517489605,0.0,3.934278221100521,1.75773190564769,0.1547190040147545,0.5485663002821103,4.802809431518122,2.3350522831315472,3.175968323856924
11,2.21,0.0993312643965397,0.0079134885907029,0.0070401131458666,2.431738832913786,1.945595105577185,0.0615317029997619,0.2482431671163166,0.1053925604443866,0.015867709376607,0.0755458068309846,0.0504791418052613,0.1328635071386572,0.0371169354177763,0.095218050105969,0.1625044749433083,1.475997832669003,0.6861770792428266,3.0634912179325826,2.6377201738780047,1.2430857982161674,1.0329869798573592,1.5327812632220494,1.8726147414508127,2.0526245771884373,0.6790279664208553,1.499097639228273,1.8894335094267705,1.817861582964164,1.2792834342824717,0.0889634317404262,0.5250962382447038,1.4235554347602006,0.0,3.940673934123793,1.762410011894003,0.1526126030219,0.5476235377718083,4.802809431518122,2.3350522831315472,3.175968323856924
11,2.21,0.0942383474153412,0.0087950905526513,0.0081207086097561,2.5745851841795337,2.046843691324785,0.0639158088550164,0.2270896830846251,0.1021573922309399,0.0140766169046917,0.0630288765724183,0.0501633076429354,0.1184155475785359,0.036332089324523,0.0964375204806047,0.1575193534695713,1.391094843842993,0.6699565198749001,3.0726446736923503,2.595778295233732,1.2471142050867332,1.003436086021778,1.4998656272696391,1.8084911090682296,1.982801900082682,0.685402982515256,1.5293451285067692,1.861674149762912,1.8411804529604112,1.2535576606438998,0.0871506539568093,0.5228238386487513,1.5109788618959443,0.0,3.928676470097077,1.7334571517326591,0.1585480071108544,0.5549822663062354,4.80182940303687,2.3350522831315472,3.175968323856924
11,2.21,0.0911188685178511,0.006114494320813,0.0064384764553618,2.6053216476799683,1.9629843136426173,0.0557494416490941,0.2282589103278856,0.0939361207628855,0.0145586664419224,0.069617426944915,0.0548375399723106,0.1172119810801961,0.0370822205146613,0.0967403484436236,0.1540403023073125,1.6553072322305484,0.7634505273322806,3.1736399978719017,2.7969182841791422,1.2961675182842889,1.0184221522108174,1.5585174843127567,1.7556997268851149,2.162561030358373,0.7595311538963664,1.5707819661699722,1.966923583644648,1.941344780601687,1.4433784676435637,0.0949653521762932,0.5860666732308089,1.5380329173289429,0.0,3.937968819165536,1.7366417985956493,0.1601535487892507,0.5526674152365284,4.80182940303687,2.3350522831315472,3.175968323856924
11,2.21,0.0951512953646789,0.0077089545082158,0.006983242307129,2.5401562827865574,1.9904886414713572,0.0592528013007933,0.2503596651952081,0.0985097294184248,0.0147789118955792,0.067180824053533,0.0564947663969132,0.1210064118817302,0.0388475396865697,0.1013401727988364,0.1606003067677316,1.4555475992418412,0.5903360125521955,2.9466587699227245,2.547814780060401,1.2562932300684262,0.9582365086665112,1.549082895533494,1.735819323879954,1.8910259831687009,0.6093747822291874,1.4522155997690962,1.7529566927004274,1.7622310090478523,1.23380067347253,0.0999788581817921,0.4530655909190258,1.4073752218628008,0.0,3.937227563049856,1.7350976050868971,0.1585902059600938,0.5539848438853541,4.80182940303687,2.3350522831315472,3.175968323856924
12,2.49,0.0521523903089513,0.0053065184931684,0.1105562447500582,2.5909876458374854,1.442392326952998,0.08250380714376,0.2786126333919876,0.0913263558139169,0.4333254513086856,0.0,0.0,0.0,0.0,0.0,0.0,1.5389392903019978,2.0992668514393547,3.211092368609655,2.7336842968622475,0.7913269283040671,1.061926754617576,1.6833894187191052,1.9957584822819865,2.0132365284486906,0.7687969178684436,1.642752182033417,1.9961363968010295,1.851735022876686,1.3566896423216972,0.2233039552488107,0.5357270289966861,1.6359643440135505,0.0,3.932421980951801,2.0326789202494893,0.3340789149102604,0.5987516386967843,4.484922942476405,2.494031557565001,3.354455119110024
12,2.49,0.054157073654482,0.0050350428703938,0.1018994500743679,2.6415560915363363,1.505658184672458,0.0791181397769477,0.3544409760896643,0.0915492135013508,0.3686542754721834,0.0,0.0,0.0,0.0,0.0,0.0,1.5017668786950775,1.98155977229656,3.16005424199967,2.626226608983801,0.9525551521890596,0.9496479517614989,1.6977897167994198,2.0421813051557938,1.9016987682398208,0.7623443029196003,1.6766398521463626,2.0513418734205966,1.7831468544086897,1.369333664994092,0.2138690081930661,0.4986621963000643,1.614970991082841,0.0,3.9298587274769465,2.0307226759998565,0.339184326293284,0.5955781699170359,4.484922942476405,2.494031557565001,3.354455119110024
12,2.49,0.05411600808018,0.0069272322284224,0.0936066532629388,2.6546729248021923,1.3729064595122966,0.0825019461891975,0.2729105380466234,0.0818196034433983,0.3783453171855158,0.0,0.0,0.0,0.0,0.0,0.0,1.5389817728924382,2.011691781896762,3.0706165263239344,2.714173284043299,0.9950917129858036,0.98742866155789,1.675885707934333,2.0020378355370085,1.983775098658807,0.7485253896363698,1.6929416287017482,1.9690848026024497,1.8831342838124037,1.4364226044239132,0.2210629435502292,0.5745143635041019,1.518073686802384,0.0,3.940079742658929,2.0403004813841816,0.3390451873143253,0.6032740827504821,4.484922942476405,2.494031557565001,3.354455119110024
12,2.49,0.0537234497665702,0.0055268229383389,0.1108924549276606,2.525658092219515,1.4326170466614812,0.0754129888916927,0.3238236906789308,0.1059191649842292,0.3807640384486986,0.0,0.0,0.0,0.0,0.0,0.0,1.3447549601063744,2.000752035443192,3.1544787111188004,2.696134919911295,1.004800313760802,1.000089221330447,1.6686641397289894,1.9522250948895752,2.00771032541818,0.7354242505043103,1.6769522785370976,1.9913268777474789,1.7725036095971884,1.2328541608422536,0.214458846602288,0.5046271158470097,1.5797444782680852,0.0,3.92265980753669,2.0324647384833883,0.3259155265501789,0.6035345118701281,4.482901727044212,2.494031557565001,3.354455119110024
12,2.49,0.0579095860283532,0.0059753748360381,0.1054514852199702,2.495363769693649,1.4635465712048186,0.0700655439680628,0.2787903779928154,0.0902595084279104,0.3860399283696921,0.0,0.0,0.0,0.0,0.0,0.0,1.3052925196453855,2.006948453226176,2.996795113039949,2.511906205840932,1.0238919842054246,0.987082463375174,1.5487264529848874,1.9960438792151884,1.9191882296138976,0.7380310264215219,1.6091848470157484,1.9644856249696403,1.5793802620465067,1.214079246062473,0.2142400912845134,0.4876738043339542,1.5755124448172628,0.0,3.927842750194991,2.0321731864777703,0.3251407283243189,0.6024880792514165,4.482901727044212,2.494031557565001,3.354455119110024
12,2.49,0.0523972194879584,0.0062562219676857,0.1109704917744578,2.63758589472858,1.4547116687017112,0.0753934807476638,0.2812501156951154,0.0960970192558658,0.3860743255123123,0.0,0.0,0.0,0.0,0.0,0.0,1.555240082912716,2.219847533132594,3.216960003253373,2.772852481827163,1.286009650352514,1.088180280997287,1.679183815468281,1.99287685091106,2.127628097166576,0.7654970886886311,1.7006946716723532,2.0309401519548,1.897296041686973,1.3382547802922922,0.236845599231866,0.5817551428997022,1.5917300485682215,0.0,3.926827891067148,2.038927611551831,0.3254370920489278,0.5994970663838858,4.482901727044212,2.494031557565001,3.354455119110024
13,3.05,0.0499909553120436,0.0026616865673962,0.1693576565568082,3.643907404808339,0.5534271514814121,0.0557419633696807,0.3152497179276074,0.0887551973174432,0.2946907827110167,0.0613704283394797,0.1180672948064783,1.5274905117005144,0.0,0.0488125639185557,2.1706751245791143,1.0025116040638469,1.7332716148971077,2.7042351711207906,4.680906648930607,0.0,0.7315369201849533,1.2624777502511757,1.4983625644066771,1.4936339311321294,0.5111507081203457,1.2544486700446864,1.5265382562502037,1.3886069412938775,1.0173692782527022,0.1241279546844097,0.3683240936549282,1.2191864382802031,0.0,4.1111862325943305,1.681264752382963,0.2785382710262965,0.4425099866183725,5.008786222950734,1.6582280766035324,3.305787196857497
13,3.05,0.0491752528704024,0.002265653467747,0.1502257264080508,3.643335719808921,0.5501807363488025,0.0568391402664539,0.313603041522845,0.0840827372911144,0.3063534395261006,0.0663889848480459,0.1117607504893955,1.5160866262243058,0.0,0.0520604965127232,2.140016129421058,1.01726790498738,1.7293346090899782,2.618176395269228,4.661844927877618,0.0,0.7478769507698753,1.2383883996385454,1.5727525025217803,1.455426295737117,0.5212164605524693,1.244144443474975,1.5127435862009264,1.347069546158197,0.8649968955917209,0.131778053172865,0.4080717631624021,1.2972474058367236,0.0,4.106077780509279,1.678664496661435,0.2814685325830385,0.4396489478701478,5.008786222950734,1.6582280766035324,3.305787196857497
13,3.05,0.052387014407694,0.0022070516686903,0.1627301336925986,3.8274810217755526,0.5387360520688781,0.0583097799302215,0.3324194207608646,0.0826464025010189,0.3407440778723765,0.0598448694179464,0.1163390780957067,1.5473713772600706,0.0,0.0512996651172573,2.217992771982304,0.9807752516786804,1.757893619673666,2.800315773820838,4.906596418021284,0.0,0.7852381415078286,1.2851460231616203,1.5274186509477627,1.5365107313336903,0.5362467430284866,1.2712514940825228,1.5659164102277994,1.4264951796302698,1.0241075414505976,0.1380742207129656,0.4343433234631801,1.255534303653326,0.0,4.106882216662393,1.6816340533311154,0.2811204198176343,0.4396320177955163,5.008786222950734,1.6582280766035324,3.305787196857497
13,3.05,0.0560243107102595,0.0028677351141744,0.1552201771396384,3.670703486723877,0.5402737014311935,0.0576797742413257,0.3254857390398072,0.0861137162127226,0.3208535191406687,0.0654935427717018,0.098745797668396,1.4319313117517187,0.0,0.0466602336675213,2.0533666321664987,0.919201999219984,1.6386140294221478,2.270988705247364,4.487736279716451,0.0,0.6832610993977216,1.2120595377794805,1.4900666896008552,1.3959568433704066,0.5013389096539711,1.240148916227105,1.5494033316592082,1.0935369023238262,0.8687036267588837,0.1216395948961087,0.407354782880962,1.2081307122339306,0.0,4.101790366130036,1.68072293131626,0.2820436956383865,0.4387622222371599,5.0067912144134885,1.6582280766035324,3.305787196857497
13,3.05,0.0539222552895315,0.0030339628765296,0.1407434353359293,3.68409360166979,0.569584056392916,0.0539080009111765,0.3066718371116844,0.0875635465159743,0.3204200018315562,0.0610030367966892,0.0988613206696645,1.424189480677459,0.0,0.0405454938974808,2.024013127218813,1.0675091966146284,1.745985452758642,2.4828584194289376,4.693586451825746,0.0,0.7371726774228946,1.217349840184807,1.4696788193048824,1.5079177923413882,0.4987868292079088,1.278784479172829,1.49985538840662,1.3361384712214903,0.9829654036914028,0.1305795819398147,0.3745120976231637,1.1871265032758198,0.0,4.095522499847757,1.6719518162915827,0.2767681903646852,0.4420501380776057,5.0067912144134885,1.6582280766035324,3.305787196857497
13,3.05,0.0524457249343047,0.0023459550942558,0.146047678720729,3.803913177427864,0.5906331969052613,0.0597938372810994,0.3645369454522721,0.0933032572818699,0.3575295505584455,0.0638877081547371,0.1001826228781339,1.4010152097883832,0.0,0.0422997047285318,2.0411936894139022,1.0723561410937132,1.694375469194278,2.255686813626447,4.609710307720334,0.0,0.7116183522545364,1.2368672987996907,1.5061026920361174,1.4215777608619402,0.4739975416987436,1.2723758363317776,1.512558049942244,1.3327740957142031,0.9334602249248808,0.123366209140931,0.3979276104105078,1.2212581647863106,0.0,4.101053355029006,1.6758478415823583,0.2837042350866514,0.442698411131133,5.0067912144134885,1.6582280766035324,3.305787196857497
14,2.74,0.0722502004926508,0.007814594365033,0.0442850437174963,3.5563158647310247,0.9263144045921984,0.0551137935276898,0.183488469020311,0.0982743368923135,0.1500874598322946,0.0616520044663327,0.0572148358037552,0.8785393938922368,0.0,0.050825541858391,1.4941344351803976,0.8977880843500029,0.8466300867617313,2.6199001491591587,4.498257534501534,0.0,0.7015704579414097,1.270422458335145,1.5394060636828617,1.4070256925760467,0.4938563611862948,1.2567606624864365,1.394685143588625,1.2865082512188355,0.8983056975785824,0.0586279172573898,0.4186431194413847,1.1757173583205225,0.0,4.059878933381356,1.5957345637595872,0.1353765798440455,0.3693595694364938,4.669960411382988,3.2676659890376327,3.420346200500916
14,2.74,0.0691560389744129,0.0117352626567542,0.042217236397463,3.5106332452970355,1.0055353006337986,0.0546093076833042,0.2172813992268208,0.0884733134229492,0.1461524119331337,0.0656950620861846,0.0534810040048211,0.8702840194861307,0.0,0.0478849536375921,1.4939223872067355,0.95255601666363,0.8786670452269045,2.57266405100179,4.557464289712718,0.0,0.7158549969399504,1.2428040850256263,1.5568358230004715,1.4477736089335889,0.4698785514238309,1.2295206392070106,1.3662636244737512,1.2810587948777832,0.9538984009248616,0.0546556116084095,0.4057449609457059,1.1681168800041235,0.0,4.061350254393476,1.6016535612364768,0.1324295818539047,0.3696624608396854,4.669960411382988,3.2676659890376327,3.420346200500916
14,2.74,0.0740445134974068,0.011739189297353,0.05578505515893,3.5616505064372497,1.0978664375903338,0.0501175732482427,0.2662403511897256,0.1083561606296394,0.1639555002357378,0.065705970340979,0.0496299286114085,0.8128297323261003,0.0,0.0408691796470195,1.44980053292759,0.8553114282405604,0.825213884739358,2.574022741075644,4.363006298106003,0.0,0.6468761696826991,1.165864115772048,1.4395494000277658,1.4087414233726308,0.4310402599266891,1.1804336775499376,1.2409379858715042,1.1660340536355285,0.8393488273709202,0.0515122625622698,0.3920179158622637,1.028950830512608,0.0,4.067422524045812,1.597310760075227,0.1347163495356956,0.3701193747936661,4.669960411382988,3.2676659890376327,3.420346200500916
14,2.74,0.0715314292875057,0.0121307786807649,0.0468207012880669,3.5794968448377373,0.9948111350915452,0.0508262328312811,0.1910197153927024,0.1011320371300747,0.1499903318544333,0.0743296088047903,0.0496555067953383,0.8000490082359,0.0,0.0413725386230352,1.420969008963038,0.8296703127778003,0.772899877876851,2.475619897751035,4.47848948103915,0.0,0.675372725710847,1.2028656316363924,1.3846392056054169,1.4036155410922682,0.4522346455190004,1.1858453871035008,1.3290795671023743,1.049191995258942,0.9055000735647488,0.0518561886328551,0.4080492130977376,1.132560060808942,0.0,4.0591774445382445,1.5928333005271662,0.1349581111274862,0.3691212128898488,4.668280920510789,3.2676659890376327,3.420346200500916
14,2.74,0.0759488790728854,0.0110520415687685,0.0496047646732843,3.6896534524998894,0.9966370383799786,0.0594283884969216,0.2000945702611669,0.1090437197263277,0.1503811213893157,0.0651975945259831,0.0498174258792124,0.7930570858431439,0.0,0.0458938615504245,1.442904742053346,0.729114018097143,0.7331844698395593,2.3511226631690625,4.31583720794128,0.0,0.5922770480245334,1.1775148395329045,1.4433659581774827,1.2978729017038844,0.4584715604356316,1.1427275950786997,1.2052268437896578,1.065655788221842,0.7649120854098237,0.0490228370989864,0.3515889293658805,1.0263114013679713,0.0,4.069210530341401,1.612444856642634,0.1335922891452918,0.3710440387479165,4.668280920510789,3.2676659890376327,3.420346200500916
14,2.74,0.0738774779491163,0.0105856171349109,0.049489770816193,3.5028547691968006,1.0416272159213729,0.054531922963927,0.2006730287321563,0.1051551747768305,0.1294479696644779,0.0631382956542633,0.0477039249013024,0.7572667575464195,0.0,0.0398795883550285,1.4275649490070943,0.7545192702467735,0.8313237760670115,2.5062047155480305,4.348354174728824,0.0,0.7052467886749851,1.1093539383591258,1.446665609663558,1.453929080569091,0.4550535935343676,1.2066145775681665,1.3313257449513831,1.20459584119815,0.9188381169320138,0.0476799357128827,0.4035798240765077,1.1065316922472888,0.0,4.068792330352422,1.6164699873372392,0.1349430335404827,0.3714824593511002,4.668280920510789,3.2676659890376327,3.420346200500916
16,2.23,0.0548222525834358,0.0088178938487532,0.1188649079991752,2.2668378003653578,1.879149607992276,0.0513669955715515,0.4742856514141345,0.1111790327085598,0.0437384686719985,0.0963127579639315,0.0180357064261701,0.0,0.0240352678061332,0.0159518647746457,0.0,1.2401479101875,1.0275598799324142,2.862495538656473,2.566345614548469,0.0,0.8699173196257939,1.4304512061198558,1.6693939086996945,1.8848177252026372,0.6903458329471086,1.4439623007267584,1.904015171803251,1.53793808257992,1.1163031963498145,0.1027547473906485,0.516514065857477,1.2659077980065063,0.0,3.879198956486115,1.903763559193485,0.3102297074411435,0.6107897773778498,4.840300197401052,2.009555414215669,3.261935314328648
16,2.23,0.0582194361455406,0.0119793541607606,0.112984001803326,2.35708952246436,1.81625083685457,0.0578935471188095,0.4390564070826755,0.1106969494332088,0.068104010967458,0.1042238492973133,0.0183220720109887,0.0,0.0239874157048039,0.0154102311069075,0.0,0.9561146273071928,0.877323199275972,2.8168726617073667,2.322483710683,0.0,0.74063125931389,1.362913380888589,1.689904722655744,1.6648211807239517,0.5361133655732976,1.4528748222501606,1.5073203500478158,1.4377248688932538,0.9577813882942062,0.0896655259513437,0.4154852761266212,1.1384158248957403,0.0,3.8790808036360698,1.9102059372089828,0.3062368472390577,0.6173739710524178,4.840300197401052,2.009555414215669,3.261935314328648
16,2.23,0.0576559099015918,0.0084060430146725,0.0964977262100647,2.349320814240083,1.704709305486229,0.0602329140501401,0.4118418586823263,0.1064582170631325,0.0498431296066979,0.1017834935354294,0.017643926428124,0.0,0.0231759918828599,0.0163297351538359,0.0,1.210356359016682,1.0174596690479074,2.877133356219149,2.572494272868733,0.0,0.8802837250065706,1.4263356413620478,1.6705583269955862,1.761490208650744,0.6744357999474645,1.4555872879190774,1.848181476654013,1.5917279157304156,1.135049206296666,0.1065852259938686,0.4942203530092235,1.3216359223924927,0.0,3.8747491685367934,1.9091574326795784,0.3077807088741126,0.612169809558028,4.840300197401052,2.009555414215669,3.261935314328648
16,2.23,0.0656047556324923,0.0090354491101277,0.1169448115558114,2.4734869028132254,1.6902794817941915,0.0668759899400638,0.3531304183232777,0.0978484121290845,0.0630206300360204,0.0878756621375961,0.0104384532861856,0.0,0.0169148538460339,0.0083530410131989,0.0,1.30652119424197,1.122740106344703,3.1077870830935383,2.764291688100605,0.0,1.0307943498916017,1.5249565037195365,1.7494001992607082,2.012096418917948,0.7522672395597692,1.499509868147474,1.9764476282695675,1.784842945125803,1.3686247942219647,0.1278937743255981,0.5661169568950135,1.4564802428869967,0.0,3.883136164631933,1.916845781289467,0.310533546552237,0.6144739302098655,4.83888393777877,2.009555414215669,3.261935314328648
16,2.23,0.0524049562624609,0.0083243671160247,0.1015815174300694,2.1732887586939422,1.71913989419492,0.0526401264019933,0.3677522432866628,0.0977426226514227,0.0604060247493662,0.0852187769918849,0.0103763925512385,0.0,0.0154490888950411,0.0095033775190595,0.0,1.119772589986109,1.0944123636507523,2.9089760661876416,2.6864187593438267,0.0,0.9512960183570784,1.4081294756804168,1.5966354136602512,1.9288465857047512,0.6988297720100919,1.4875166411044745,1.7376950060650866,1.78281934699396,1.202124026889625,0.1065688272552533,0.533596251599572,1.2889751401932692,0.0,3.878326084883052,1.9052423427962468,0.3079321996049622,0.6158932400329781,4.83888393777877,2.009555414215669,3.261935314328648
16,2.23,0.0600057461170746,0.0088971298970437,0.1022923124325651,2.4886905401700594,1.6767788824160628,0.0634828475477373,0.3366521875719265,0.0941271821566388,0.059750506241648,0.0902709934960798,0.0106102922386582,0.0,0.0162285203275102,0.0094291742825916,0.0,1.2574878833410958,1.1391909575870915,3.0106287426671248,2.739095722871101,0.0,1.0924701462719284,1.4894278335568576,1.6194296406482078,2.0106586493957086,0.8005833282025402,1.45943753457642,1.909636535426392,1.7513621947445304,1.3587001206949545,0.1177613483101035,0.566965324660728,1.4045864152315222,0.0,3.884196540367717,1.909495198135862,0.3096752758890098,0.620999326810686,4.83888393777877,2.009555414215669,3.261935314328648
17,2.31,0.0733345455650435,0.0018399692179621,0.0180641582105775,3.77466815085128,1.4680323969122666,0.0287596461081243,0.1433672510843921,0.1097813599098835,0.4254526228867635,0.0612552963112252,0.0141176907794116,0.4876962698298508,0.0248229553149016,0.0436446324071618,0.5228657453262504,1.0381412058764554,0.5453109756571592,2.064559320872533,4.936395282559052,0.0,0.4426617626977821,0.9218208199115502,1.1664532762803732,1.2100280926073768,0.38828618101845,0.8626390122711047,1.138102263003243,1.0931129714372143,0.7889516250135531,0.1270408680419519,0.3728256472469138,0.8640001567885314,0.0,4.171866380969612,1.4333766021423755,0.1151827092918705,0.2896317895175856,4.402170649156511,2.2648832258100344,3.34779660493504
17,2.31,0.0675746393376695,0.0015576272685475,0.0161133980981428,3.708212826964723,1.4242611497363702,0.0253133935245461,0.1493046249336585,0.1238303572484047,0.3704307136289977,0.0644052910128322,0.0137613547172738,0.4892432365562965,0.0260662862295496,0.0433158445297126,0.5058614080109041,0.9909624805046208,0.5641826593140745,2.12577290631102,4.9833403170743225,0.0,0.4445388213549247,0.8528867080710483,1.1242758174090912,1.326267201537345,0.3964334814770091,0.9034407829808814,1.142878139262731,1.1208341428292867,0.7684922495865463,0.1211539495146747,0.3832914549905031,0.8245511824551449,0.0,4.169101242050446,1.424020852469975,0.1170776820641275,0.2888793878835023,4.402170649156511,2.2648832258100344,3.34779660493504
17,2.31,0.0731672770530767,0.0013397731030682,0.017920036726216,3.769732526276536,1.49109566442263,0.0326324804453281,0.1339595505768235,0.1211568162750878,0.4175537300644472,0.056166406963789,0.0132124893720532,0.517757075256176,0.0249258673355876,0.0399447596222086,0.4897088957976098,0.9912605915532348,0.5320075135598378,2.0610360617485743,4.844029782748429,0.0,0.4166777396143007,0.8929549174167669,1.1372452278340486,1.264749694078432,0.3710255475937479,0.8739080743193088,1.1487805282521106,1.032627099566422,0.7481438364562234,0.1233460347771741,0.3658986660241898,0.8660195726126806,0.0,4.172822768701623,1.436723384720518,0.11576733527444,0.2893002088127085,4.402170649156511,2.2648832258100344,3.34779660493504
17,2.31,0.0668548722612168,0.0017838280323174,0.0181712031295165,3.755883677984656,1.608430331394768,0.0283199400229135,0.1426322746793818,0.1355805516633167,0.3948695226229947,0.0583329721095706,0.0115599129983636,0.4761001780931858,0.024715032826841,0.034042823296376,0.4533846362411527,1.0952315688024572,0.5806068594522069,1.942106924384862,4.896833688019852,0.0,0.468190650542574,0.867210050588712,1.1822459240058398,1.2987172907013549,0.4312063596275849,0.8857561182475058,1.2341668305952138,1.0995363838938974,0.7400333265700224,0.1322123199054982,0.3419499401438486,0.9603200332904056,0.0,4.16306488586015,1.4119359164923388,0.1140479765550178,0.2897067237114727,4.400707329898401,2.2648832258100344,3.34779660493504
17,2.31,0.066649574108919,0.0015928996614474,0.0142308405441817,3.805146521938188,1.6137341300607162,0.0320211855615581,0.1645371398904021,0.1249267314816041,0.4012327991771923,0.0680067327452681,0.0116839747485488,0.4877192223572303,0.0256872894426083,0.0337460960930883,0.4931589785350441,0.8872230942635126,0.5250466227164887,1.9310347706039923,4.898558493867363,0.0,0.4400646639888882,0.9794117314275576,1.166907471582537,1.2039734435257317,0.3931877953915195,0.9295045274723276,1.228765489079653,1.08785604142822,0.6797720317170818,0.1326266588513218,0.3543472088643021,0.951601002665634,0.0,4.160041406619187,1.4075389106013385,0.1154078669528739,0.2901300412297852,4.400707329898401,2.2648832258100344,3.34779660493504
17,2.31,0.0681050796497082,0.0019056451044318,0.0147734216230838,3.745554540183723,1.4687096535254696,0.0309502366601485,0.1302628362091657,0.1122027552570198,0.4300557206999649,0.0664529097133665,0.0120961101894612,0.4916612610596245,0.0244681308108562,0.0353470075341712,0.4571819605823227,0.919707141295835,0.5495136660368624,1.966084468329896,4.855184490362953,0.0,0.4513350010045135,0.9474958636081854,1.0906277771254047,1.2713673849462497,0.4005435477403218,0.9196763262761948,1.0973400914349394,1.0000222548181594,0.6672329999090276,0.1254837250914727,0.3474879785060287,0.8777174412896466,0.0,4.168279227573352,1.4221680173434506,0.1142793466781105,0.2897498129521755,4.400707329898401,2.2648832258100344,3.34779660493504
18,2.75,0.0797936994427908,0.0011519212838527,0.023001112566575,3.996901819404165,1.8117761046686096,0.0462302236492511,0.2117473113500967,0.1380101271032742,0.1738617466293829,0.0585294232435688,0.0217832195298078,1.3480957901212869,0.0364591689823515,0.0632339411680524,1.1944484555715091,0.9799110180630218,0.77134700963691,2.187328787115684,4.932523034242072,0.0,0.5040696651848054,1.0290573817688415,1.1898288315686882,1.4078828604439635,0.4431262198176828,0.9827136792398102,1.235643600174948,1.1810940686157907,0.7652333862848523,0.1497049128912955,0.401581821233495,0.96490749053353,0.0,4.241550723746323,1.5430356085987538,0.1191383612320446,0.343062905372149,4.4761346841408,3.655839600035736,3.34779660493504
18,2.75,0.0687176193418885,0.0006622896377934,0.0252000984317923,3.844736822148558,1.6305280031424911,0.0435558394384903,0.192822348327061,0.1267266940882624,0.1569270757848934,0.063656120061227,0.0237046603359745,1.3385637735383684,0.0360842997469203,0.06906310942021,1.1865131080421174,0.9448502944594752,0.7332022647596427,2.268091667022912,4.752420005844506,0.0,0.4674107443732221,0.9254800607635196,1.1117758196469112,1.4063701785472285,0.4468037083646944,0.8707718772721703,1.1922448933419216,1.0496694063878609,0.7217909273727378,0.1392315147667827,0.3735529115252448,0.957649316228332,0.0,4.242401418794979,1.5447720187049852,0.117464635639144,0.3430261889074585,4.4761346841408,3.655839600035736,3.34779660493504
18,2.75,0.0830026988817012,0.0009642020078072,0.0235078310137784,4.021901234573467,1.7881012579584263,0.0423211067697744,0.192530015220423,0.1330248844959352,0.17789270807253,0.0611622372753426,0.0214578860110561,1.3382547999650205,0.0323064686068057,0.0603009026014938,1.1188029890202125,0.7723405116152694,0.6794590840509216,2.204837505874462,4.920394995563871,0.0,0.5083200971540234,1.0192831908977824,1.257988660750745,1.314366458425395,0.4408014966462615,0.9675777070817396,1.1850454565548476,1.067852773208877,0.7670155935216552,0.1666870583172363,0.3948779366016941,0.9837895279460872,0.0,4.251024156077572,1.551847217927267,0.1168961598315885,0.3423291591728486,4.4761346841408,3.655839600035736,3.34779660493504
18,2.75,0.0731274736936016,0.001197220045992,0.0205165655188808,3.9051220996566114,1.6467000318712428,0.0423989658071653,0.1700712801169148,0.1210210126351395,0.1539899203347149,0.0606369671519955,0.0203933919760443,1.077918965780356,0.025843745879705,0.0499583710737681,1.042604089548104,0.9587433268665764,0.766568575180387,2.325304588952377,5.02066429974227,0.0,0.5296651927644795,1.002265667377152,1.2406536876287395,1.4630591193363796,0.4892502055281224,0.9274133266445392,1.2810104316959303,1.156049082127227,0.7737240927516059,0.1778365859980946,0.4561401709299568,1.0225206396610995,0.0,4.246479162697875,1.5443002503541017,0.1182293475999447,0.3443545012201124,4.474095609375201,3.655839600035736,3.34779660493504
18,2.75,0.0869050225008582,0.0014379077150254,0.0222678821352704,3.808880009255576,1.70235569418957,0.04122408391148,0.1855965373526955,0.1314444862995361,0.1626228848442306,0.0622056038760144,0.017550028373688,1.0462139425322088,0.0266044920761699,0.0442522672816674,1.0124741535645054,0.8172326196173135,0.8483599277653548,2.260007510413823,5.1720916600065685,0.0,0.5385464906600077,0.8769508372510446,1.0905528588708522,1.5373207126697153,0.4905054544480397,0.9188172383670464,1.1819006778756698,1.1535093906500058,0.7809713467719053,0.1580151465761787,0.4400574364093931,0.9255355608500818,0.0,4.245329460819207,1.5370591482765523,0.1187116026268246,0.3407353814919907,4.474095609375201,3.655839600035736,3.34779660493504
18,2.75,0.0861289822105065,0.0011679027360194,0.021153784660047,3.885208148193836,1.677436198551623,0.0429138505031184,0.1703796451596931,0.1165965978951431,0.176389014848123,0.0650923602403774,0.0205912652591042,1.0892028342748936,0.0278360716200851,0.0552435098031557,1.0520221364467195,0.8607824396931233,0.811549767365985,2.311110537594625,5.049372360182942,0.0,0.5463871622209374,0.8772092380534127,1.23141432437653,1.497435105745441,0.4036360504014885,0.963513749090975,1.2097942189636437,1.2295308956473725,0.8442756622865395,0.17498144647422,0.4521759551699458,0.9696214012830098,0.0,4.252850370267497,1.5442270089248242,0.119855828159175,0.339424799229463,4.474095609375201,3.655839600035736,3.34779660493504
19,2.39,0.0510904621684867,0.0029579130587237,0.0989438319053316,2.674797068123198,0.8689129991336618,0.0910581518232444,0.1692770247922845,0.1425323490782568,0.3407796919153761,0.0675025316153149,0.0,0.0,0.0213144300247654,0.0,0.0,1.1058555349095087,0.8180263373113337,2.832098742530421,3.3123124448367047,0.0,0.5543471242989757,0.9743575105147394,1.1054117673968198,1.430684112181094,0.4604122556034686,0.986225113015094,1.2192069794705678,1.461622264087478,1.0852497617764745,0.0,1.050762175861909,0.9710204891137338,0.0,4.267515322759622,1.7981557890889988,0.136037780633272,0.47552871655165,4.3151430540323785,3.477232067938153,3.23907053215372
19,2.39,0.048878488840122,0.0027384121246598,0.1026782912078044,2.5555548834067348,0.9338808726417596,0.0951796821989736,0.2033130840945029,0.1389472497336469,0.3809694161109934,0.0795717801892084,0.0,0.0,0.0225634509481989,0.0,0.0,1.0905327909181897,0.8165927798210433,2.759190449278787,3.361525217847024,0.0,0.5050697070142901,0.9898500433125386,1.0635023651361724,1.448666246170722,0.4828897294287136,0.985073261454132,1.3053069945632845,1.4448335034820223,1.0284204755234758,0.0,0.979008831800034,0.9140002130375972,0.0,4.262818910755962,1.79428783754269,0.1369439477291933,0.4760896051920455,4.3151430540323785,3.477232067938153,3.23907053215372
19,2.39,0.0485013824760123,0.0026385559476404,0.0895613669998111,2.5255426806180803,0.8598479057990231,0.0778119984137064,0.1805686488481174,0.134399460369673,0.3796749533720345,0.0727234306898153,0.0,0.0,0.0243868194989661,0.0,0.0,1.0251630846072368,0.8798929398710611,2.893831415816597,3.4239418073617105,0.0,0.6131790927272793,0.9930897458105116,1.1415808732944108,1.4827869057462684,0.5101813878906158,1.0076219920845697,1.3720580117300536,1.4506793417988535,1.120796949870153,0.0,1.0747359684204716,0.9874475737806424,0.0,4.263947822858167,1.7985827173355804,0.1374848822752327,0.475010658750962,4.3151430540323785,3.477232067938153,3.23907053215372
19,2.39,0.0549555892913717,0.0029692185045957,0.120242658081385,2.7397350601291066,0.9597581013586252,0.0842193965369953,0.186279048914911,0.1490127888700219,0.3234887909940002,0.0835431334132707,0.0,0.0,0.0179158209450852,0.0,0.0,1.023457519120816,0.8538920121011675,2.7027077515987794,3.253727156160392,0.0,0.5961229931835239,1.003362542037664,1.2188915232630348,1.5730755502048317,0.4145175316727814,0.9723764101834774,1.2718013138865585,1.3005243383312228,0.9972152775680736,0.0,0.9445856635346384,0.9217152258677512,0.0,4.262554749072293,1.8008239817874117,0.1373378640612326,0.4736770857101681,4.313546573596836,3.477232067938153,3.23907053215372
19,2.39,0.0472249942154515,0.0021617357646631,0.1153229810908354,2.4826721426353453,0.9398771371354298,0.0794479434517418,0.1781693708887466,0.1774049735153206,0.2913168299600209,0.0856744044733808,0.0,0.0,0.0179011706727878,0.0,0.0,0.9823798595747538,0.8187435877296896,2.565003310621424,3.317007986406642,0.0,0.5333515354372311,0.98009043652903,1.226866877586818,1.4628424012420993,0.4307270746833518,0.9606652130588595,1.205330239294073,1.2293190289239702,1.01232025797779,0.0,0.9419452430575604,0.9002273384173908,0.0,4.253858052157519,1.7945559155248063,0.1373239677111716,0.4759667798943809,4.313546573596836,3.477232067938153,3.23907053215372
19,2.39,0.0543430829011675,0.0028707474586198,0.1051874332799356,2.542619703768147,0.8742447602661282,0.0811193343645122,0.1882684083350444,0.1611244496124871,0.3006500962286862,0.0741407251887639,0.0,0.0,0.0157214970761655,0.0,0.0,0.9627618357674336,0.9535534185749348,2.994306338892212,3.323039243931728,0.0,0.6230393475557743,1.023549989340315,1.119506195139114,1.6659425430599262,0.4528998251852029,0.9887872726837972,1.2763042079874007,1.3452441126871095,1.0226821387409974,0.0,0.9579651345753082,1.0057474623483602,0.0,4.255532697255601,1.7968407400113768,0.1358722010435457,0.4774563337242955,4.313546573596836,3.477232067938153,3.23907053215372
20,2.64,0.060389756590698,0.0070589856332853,0.1532048257911864,2.196145611239371,0.688558203793925,0.113102116785151,0.3032514994441567,0.1310996431920685,0.4443307537452557,0.0878410497160084,0.0,0.0,0.0175234702250745,0.0,0.0,0.8966196738183633,0.9646324686579112,2.9581569123864475,2.1479552731808886,0.0,0.6381687739530353,1.0968756028352196,1.357667850282131,1.555485811603879,0.473400553161237,1.1311400894243815,1.498442604220129,1.4131920176422728,1.1228000092691233,0.0176410830377794,0.7795578262716674,1.0927418446133006,0.0,4.214962995669619,1.9763353441087488,0.1623540054985597,0.5212970641645263,4.684399042574657,3.4763048541489607,3.125882958019036
20,2.64,0.0606982379302316,0.007717567814652,0.1178631551134006,2.2715885231147865,0.6375585924867424,0.1031897416318407,0.2330248532502835,0.1181308889261968,0.4610580799866801,0.0867565387711291,0.0,0.0,0.0175914874684535,0.0,0.0,0.9772277182644022,1.031665832202017,3.116858932178816,2.2706445806714317,0.0,0.7019147964398269,1.1601266140319202,1.3906490872713897,1.7017546388696048,0.5714659751528328,1.152385166728936,1.5549527823965634,1.357322319935403,1.0364832346984103,0.019935203801644,0.8702714209228908,1.0323129143158454,0.0,4.209307514512046,1.9700912944226288,0.1620716323753308,0.5210225899447405,4.684399042574657,3.4763048541489607,3.125882958019036
20,2.64,0.0586616564599482,0.0063020900487107,0.1291483411981575,2.1281461263541144,0.6973731191897992,0.1128670385859798,0.3080779222860836,0.1342907233849373,0.40255768096838,0.0837022357327867,0.0,0.0,0.0170181719429976,0.0,0.0,1.0401911836161024,0.8494224559776291,2.864791300607751,2.1968778206675186,0.0,0.5775655580146515,1.132451015392567,1.2823916418048875,1.4150004292559628,0.4842885743473098,1.0694370115747258,1.4310244364146667,1.3754770392886366,1.04506987462539,0.0143685896205619,0.7436018201498505,0.9719839903869376,0.0,4.218969187260182,1.979752604946778,0.162980710110694,0.521048304261301,4.684399042574657,3.4763048541489607,3.125882958019036
20,2.64,0.0637422773446025,0.0061679659289555,0.1568373973671931,2.252337407661507,0.7308963172447364,0.1052219554588052,0.269286275056194,0.1361322106882156,0.4351493536140595,0.1025073470405577,0.0,0.0,0.0125807534049173,0.0,0.0,1.126249867252796,0.9875039633630956,2.984767302882893,2.258866324267575,0.0,0.6764618712652218,1.114716459608199,1.287163029580298,1.6183919776744975,0.5045743314902299,1.13566577816473,1.5168313664757982,1.4381783029533908,1.105499622109401,0.0224025836941394,0.7581510896377476,1.0297491476943628,0.0,4.224846562931492,1.9598523018339324,0.1604551874463156,0.5202580476572108,4.683847548771585,3.4763048541489607,3.125882958019036
20,2.64,0.0653549362175665,0.0090010497353162,0.1141224148631971,2.281614513591263,0.6270675722906995,0.1104041836534462,0.2765368548582008,0.1242931534463864,0.4170675605852254,0.1011472319303565,0.0,0.0,0.0127276615862753,0.0,0.0,1.181841712440919,0.9262832174823632,2.919743286939748,2.2031448122223005,0.0,0.6173294583855347,1.1222518898006948,1.3603175475775915,1.56092346987997,0.5297475545392818,1.1697707756494928,1.5537045210730331,1.4170440500907668,1.0872965387110731,0.0174748456035558,0.8488955160269187,1.1220706748737022,0.0,4.218598122513543,1.9505650834463697,0.1617800310295254,0.5212734011691351,4.683847548771585,3.4763048541489607,3.125882958019036
20,2.64,0.0638400097352744,0.0079635228129835,0.1293498247931705,2.1552639419863926,0.7368235649506234,0.1082451664492144,0.2885514129657914,0.1434664045484753,0.4531149900218696,0.0949321620009607,0.0,0.0,0.0117953287873613,0.0,0.0,1.0723407148826745,1.07710683757005,3.024822200356644,2.324524133494261,0.0,0.7056986798946313,1.1099200140160086,1.3275939969971602,1.6750225085569024,0.546446762563908,1.1392746739714914,1.608384851359866,1.54084352168601,1.1292093640152745,0.0233425182083272,0.8574860126050222,1.1760175835780513,0.0,4.216484016816773,1.944632759397568,0.1608777471444628,0.52231326838619,4.683847548771585,3.4763048541489607,3.125882958019036
21,2.19,0.0539407239013998,0.0061177592906524,0.0692138506692533,3.148406786954932,1.2631746916177662,0.0521280424883916,0.1791287669272282,0.1264984710065321,0.1833982236467951,0.1571176953089688,0.0084343367700494,0.1481650364096179,0.0,0.0,0.2002226829377074,0.949425523317661,0.9193834927549438,2.978415047188517,4.382501300127409,0.0,0.9911533094415824,0.972372823487094,1.14311782596697,1.9420768245316384,0.4989801321295422,1.0929168903005086,1.2113218216255637,1.3563702545153316,1.1547017660100622,0.0,0.9349552894616646,0.9036928138892704,0.0,4.347978466216002,1.7049102070971014,0.1165249352465154,0.423557746101057,4.672195354416532,2.6461747973841225,2.9785861147190205
21,2.19,0.0515332793388584,0.0067012702487046,0.0623082099039764,3.134509108261187,1.2780890336527102,0.0528090746619701,0.15224531462846,0.1451933870770742,0.1550892840576032,0.1434099845183744,0.0089904495223702,0.153715913901677,0.0,0.0,0.1964736707172007,0.9411675585204656,0.7542788930782728,2.708853287875019,4.218564020928512,0.0,0.7510472390634892,1.0073025907549018,1.2086459361169113,1.715716362780941,0.4428448835441975,1.094613637373927,1.109689560192628,1.3635817581785226,1.010423755465525,0.0,0.9036066645300728,0.8277533766262571,0.0,4.347259997540343,1.702717602005855,0.118450173959019,0.4206824245367321,4.672195354416532,2.6461747973841225,2.9785861147190205
21,2.19,0.0521318839230381,0.0064577706420885,0.0718059765938897,3.1097123515694047,1.348415510206647,0.0549802091068577,0.207774451028686,0.1546273393499131,0.1733537963603301,0.1573824685392853,0.0082766131470186,0.1519524354575527,0.0,0.0,0.1980381876338255,0.8602869466292781,0.925372411103273,2.931874989121994,4.534958567380486,0.0,0.9697531139292233,0.9677820188198856,1.098105438574633,2.03405427940421,0.4998945080185221,1.0523687986694945,1.2752518266574842,1.356363333968749,1.0393305610155503,0.0,0.9543234939236216,0.8941572430215107,0.0,4.342995182399631,1.693704207331101,0.1182791738927851,0.4208290493230348,4.672195354416532,2.6461747973841225,2.9785861147190205
21,2.19,0.0526029946556071,0.0064560388602173,0.0858918122608551,3.019115517099612,1.411802740150615,0.0494058450752306,0.2198529841314206,0.1836335049801202,0.1434358175972992,0.1695815413365479,0.0043740180206029,0.0873516820792838,0.0,0.0,0.1360664083802295,0.9052094935100824,0.8125259015441781,2.4399213697326263,4.089070692955682,0.0,0.7729539617896423,0.9475881410856248,1.1632934290100787,1.7575109851369028,0.4878669772321982,1.0665075035643037,1.0941987576865009,1.3053250974717454,0.8889250363989648,0.0,0.934398942103244,0.875363467646572,0.0,4.340954245135535,1.6866581238715934,0.1172342255320974,0.4211852001143533,4.671637086294317,2.6461747973841225,2.9785861147190205
21,2.19,0.0496711911892205,0.0046054964017957,0.0853744425264882,2.927714591415303,1.366212152919612,0.0436899410672037,0.1990674934748889,0.1617016663792314,0.14517757221303,0.1490603888219564,0.0046057392806088,0.0881751550371818,0.0,0.0,0.1410825135153988,0.7526208400379768,0.8280731536798884,2.425702250228328,4.297614888124143,0.0,0.8210697868082926,0.8807182391606264,1.0947423102857028,1.8160749549426676,0.494068247737865,1.077681861184312,1.137838975200986,1.2524268260058111,0.9962849180013096,0.0,0.9599535232194628,0.8359951224236599,0.0,4.343448059435913,1.6937750478083282,0.115756431480691,0.4199723073148219,4.671637086294317,2.6461747973841225,2.9785861147190205
21,2.19,0.0571206651830325,0.0062148109932421,0.0841182541093623,3.138980843182644,1.4124232164538433,0.0456854399734879,0.2263375546505264,0.1783181019857211,0.1444859137880058,0.1758419217272717,0.0042482434219177,0.0848539351347041,0.0,0.0,0.1364748204874054,0.8858573978691582,0.826376049241214,2.371432371589533,4.249467685786931,0.0,0.8018036039915794,0.9834581071696964,1.1185537412949276,1.801882909189386,0.5132284007838953,1.0377954237908282,1.138169244644411,1.223023391263581,0.9164874489240874,0.0,0.8899084182226473,0.8610990938620215,0.0,4.342073898697258,1.6831823123891738,0.1176619216557123,0.420927395756127,4.671637086294317,2.6461747973841225,2.9785861147190205
23,2.28,0.0410865588800183,0.0020361915542265,0.0672734509302798,2.2914298763784715,0.5118264102121333,0.0591443757337468,0.2677666315223826,0.0924701407084576,0.416454670390402,0.0704967928301119,0.0778788050471484,0.4897934678571992,0.2161031714997073,0.5177153198096106,0.5380665563851131,0.8233545934422423,2.059661672504688,2.9257610132436067,5.517001607098778,0.0,1.3633525351765017,1.028163940631719,1.214136629912234,2.2172917431684067,0.6523365323294875,1.2766362414768844,1.379186542318761,1.5316901513549757,1.099745841620801,0.3601878341086331,0.4835752936631301,0.864428188337152,0.0,3.9660296043135537,2.1402361705736603,0.2084820752230332,0.5358735843347414,4.634084800202551,2.553343811341229,3.1921210875593813
23,2.28,0.0361430647405165,0.002307681254214,0.0669126282138121,2.278920445683775,0.4800073002604503,0.053352121647476,0.266436287133828,0.0833481564995244,0.3841306653815557,0.0571240577497849,0.0776917833382585,0.476904066993657,0.201785246755404,0.4914598102367848,0.5562414979883132,0.8017001669558598,2.0535239669483465,2.822034527382071,5.448914240653012,0.0,1.3613747077077023,1.041019720361454,1.2406027544451688,2.262073805615993,0.6854220030657833,1.2830185387559958,1.291201277848408,1.5366021991080925,1.1742185037998472,0.3833135342758736,0.4916504452986178,0.8641994935297751,0.0,3.968785957338888,2.1467273070899995,0.2095730406464447,0.5341122624869319,4.634084800202551,2.553343811341229,3.1921210875593813
23,2.28,0.0401137902027673,0.0020384399688266,0.0692444474390677,2.417213351347216,0.4948184014474886,0.0570416232424144,0.2694183488856106,0.0899080170907024,0.441781863341362,0.0674080469824259,0.0844800009256503,0.5081766152389761,0.2236667776074561,0.520157408507464,0.5560404554733303,0.585884415104994,1.9649849930940988,2.8687307054315463,5.348155407217355,0.0,1.2552050481899413,0.916660794992352,1.20992103288608,2.131585453127596,0.5999937103845548,1.2484501705950797,1.1843637234304432,1.2274369650196195,0.9535485405595836,0.3009424531988213,0.4262026152614218,0.7781299200051589,0.0,3.9703208872833216,2.1505307754796825,0.2104949969518104,0.5405656418199676,4.634084800202551,2.553343811341229,3.1921210875593813
23,2.28,0.053212877159097,0.0021974388617764,0.0693704274037454,2.335496749007975,0.6155329112167203,0.0603052757720907,0.3174674034026918,0.0938558127250467,0.4287509287037069,0.0721206862370528,0.0634168225814014,0.4178560233274603,0.1824825363360528,0.4238843776989485,0.4856048424590759,0.7420778672365796,2.000923578950036,2.86298189757084,5.449684720515066,0.0,1.320284913366659,0.977149254239606,1.21270439856382,2.107365991862335,0.6513419903611851,1.3049408753978682,1.303064099151222,1.4324246478544314,1.1060815385732945,0.344193317923449,0.4714111825526405,0.796482407003424,0.0,3.9687307005874666,2.149496297334845,0.2098936181637807,0.5438901839419927,4.633504840237001,2.553343811341229,3.1921210875593813
23,2.28,0.0523174236880678,0.0017819503829442,0.0593177380981539,2.386060754318033,0.6055567323045444,0.0653153602574125,0.3135506469863252,0.0992278040652565,0.4055487959395734,0.0676541372486859,0.0633582664734702,0.3841106997422868,0.1747868772543622,0.3842451577239695,0.4734034346023917,0.8303152321420109,2.0478963070522127,2.8172091007571907,5.527791200080428,0.0,1.3757194018169836,1.0246803737333547,1.1963536933758825,2.1842632392637724,0.7099667526737777,1.2944206622702776,1.4033537305932733,1.4513708396418123,1.103713687710401,0.3553423010645342,0.4925503043730844,0.8844435620275416,0.0,3.9716866858765134,2.1395369657311245,0.2124216202941823,0.543062589146304,4.633504840237001,2.553343811341229,3.1921210875593813
23,2.28,0.048466222182082,0.0023984683737587,0.071669795858991,2.4140059756738017,0.5891005264079615,0.05863197616906,0.2906852067763847,0.0897938555532408,0.388959645983894,0.0588184438939845,0.0588791096490008,0.3809955289939779,0.167242411620839,0.4179509768820384,0.4354775420711112,0.757099590436614,2.01931339081224,2.8666813673995195,5.520669106462323,0.0,1.3489102708018712,1.0075917811163977,1.227848109352918,2.177137089457783,0.669544892025211,1.3360169939245603,1.3079894634128746,1.56259237022118,1.0684306086484727,0.3520239880918828,0.4356587282276707,0.8659699585399295,0.0,3.9655293258861257,2.1148595550002804,0.2110195185539042,0.545243140788656,4.633504840237001,2.553343811341229,3.1921210875593813
24,2.51,0.0446272636913503,0.0033135481307932,0.1189312721804385,3.777814886962049,1.2694948469289191,0.0620253730121307,0.3663416951810625,0.0546519067294672,0.1545871379941052,0.0616391629954452,0.1280995955891097,0.1726819741119053,0.0233150690909008,0.0509219959148031,2.066274946998233,0.8948322564097607,2.950330407937257,3.459186193959184,3.519302917309826,0.0,1.753030927738428,1.2648035892657643,1.4701926332355333,2.589697687824222,0.901826885746397,1.6408597441773731,1.7848427219206342,2.0221971392606224,1.333442540756166,0.4721877573005739,0.6975926438298357,1.1193080160512612,0.0,4.111628315077413,1.8331264579319972,0.4069535564857359,0.4621369970214599,4.607647753980249,2.6034301519721077,3.208017081533325
24,2.51,0.0477014860601287,0.0033029771602516,0.1166343761996309,3.840664110972212,1.314376735366663,0.0530297852142733,0.3704222847399704,0.0546756506658824,0.1822377307806525,0.0637917207890944,0.1224188009841331,0.1676897580415652,0.0232517467488846,0.0454216771819832,2.03759382923347,0.8908839706003052,2.871923384983426,3.381082293295099,3.3945177763532457,0.0,1.6884446646756743,1.2483980469277272,1.3658670831801132,2.5138646218908858,0.879084932282473,1.5633305717133914,1.669785352121471,1.933777266263208,1.366580665849141,0.4858893866665783,0.6359808769241664,0.970523185976945,0.0,4.112064233926621,1.8241454672989987,0.4082456368527537,0.4650504788745644,4.607647753980249,2.6034301519721077,3.208017081533325
24,2.51,0.048563852848671,0.0028451098339233,0.1271530520650817,3.7516265442530017,1.301567595417357,0.0613719622526967,0.373697822782137,0.0550134639677298,0.1824795034863857,0.0690387555009306,0.1229280767592883,0.1655400805216947,0.0235357573498489,0.0446000387947625,2.057849625470573,0.9177873090436756,2.730406027647347,3.0925057667383267,3.1498216887903268,0.0,1.5045242060532518,1.161892369238906,1.423530765247029,2.3356770760975047,0.7723181225099855,1.5319104414988982,1.607629155218578,1.7505483474451058,1.338251282999667,0.4624969312321426,0.5573098518786997,0.9600754942759118,0.0,4.110010659096034,1.8116683575449992,0.4063539869382997,0.4614842912711996,4.607647753980249,2.6034301519721077,3.208017081533325
24,2.51,0.045805536500908,0.0030186054229439,0.1387539553964984,3.719958295655805,1.2627779634529588,0.0681693292691307,0.4102157698241064,0.0569646277313001,0.1655949903179325,0.0645903347952204,0.1450695027590563,0.1649283947535928,0.0260057510222055,0.0418322347756854,2.2130450706555944,0.8642340278478144,2.878015866740357,3.267358999444959,3.4953658384335613,0.0,1.6363110189942838,1.1654819745909355,1.3380706953349444,2.482167116524456,0.8660619759275994,1.5390283353935694,1.6173252075828644,1.8903070632502783,1.4466823412918413,0.4420766601025361,0.6326766278742523,0.9917664667852168,0.0,4.111669639099784,1.7906458448785736,0.4050722282743219,0.4654055624451988,4.607052252189874,2.6034301519721077,3.208017081533325
24,2.51,0.0440168413976346,0.0031614154558401,0.0964411654534202,3.7758889054975455,1.2010426587392045,0.0595313514729636,0.382398610858641,0.057706197945503,0.1630409369781599,0.0606739354240283,0.1429255823499771,0.162940549203694,0.0250603927558326,0.0448084897187469,2.141558145114433,1.08205576301856,2.818368280508314,3.187257691655433,3.3229455825762817,0.0,1.5305733618608497,1.1458165054113052,1.3791127084251469,2.3999906169398657,0.8148750876359497,1.5470992092817426,1.5665278634028763,1.8818828235587928,1.4709855753414778,0.4119728037153498,0.6001209741515119,0.9720866159140408,0.0,4.110391549681653,1.781964933819813,0.4062300121611235,0.4665517057071567,4.607052252189874,2.6034301519721077,3.208017081533325
24,2.51,0.0483734506897624,0.003014519766191,0.1339993548631125,3.597404104315887,1.2681628543482502,0.0602020318319815,0.3793915192088007,0.0596943775086268,0.153275068305639,0.0679158808073019,0.1421978401223557,0.1682157645747775,0.0261939016771131,0.0455583235845671,2.1651111029935763,0.969122778335268,2.824484007550681,3.155727426555352,3.1401403675704427,0.0,1.5424439946358883,1.187397075542017,1.4016920038879626,2.44070574222769,0.840764060673445,1.6080439248847658,1.6497334245147948,1.548920242323128,1.4742912310184932,0.4110195456197154,0.6147259642667591,0.953097880106112,0.0,4.108239503684168,1.7661233213482277,0.4084493780749881,0.4634783275717377,4.607052252189874,2.6034301519721077,3.208017081533325
25,2.52,0.0371352718621935,0.0050217459011866,0.1939301464641181,3.597342995732555,0.3387003639294972,0.0779446748024704,0.2928264979245444,0.0728711937299185,0.3774642592001641,0.0646040336790777,0.1115864730004017,1.050882805128041,0.0180729980357904,0.1518416669647836,1.832141085195908,0.6386962745809937,2.478858271838907,2.863673914910584,5.25215319568812,0.0,1.3008618271014958,0.9691125617558826,1.2036177301945772,2.1949850422262664,0.698094355584627,1.3169509801759616,1.286320622082975,1.387394574912672,1.1774393555959064,0.3437842110043538,0.4918606466749001,0.708738907879489,0.0,4.176797468723844,1.9108260021826036,0.303150160366968,0.4311508358516783,5.228675384613045,1.229640551074514,3.2003044392827653
25,2.52,0.0389330939102166,0.0034005406024383,0.1656447410047795,3.592857432285184,0.3056015962032487,0.0651565910305173,0.2281040293744598,0.0632585082079452,0.3834525674311813,0.0631398559613005,0.1119371059022148,1.0726008456447331,0.0174067722713385,0.1388883182680262,1.8203040963646024,0.4945115747861969,2.41453873246583,3.0022612001522875,5.446454203991921,0.0,1.3451137327669596,0.8857035190837148,1.0575055237435005,2.1118675265879685,0.6619672195803958,1.210464790011021,1.1278169952154642,1.480083120286922,1.0777393891348743,0.3672077145468714,0.4660694762292984,0.7446600671353664,0.0,4.17515008564694,1.900453617951519,0.3076685005026258,0.4302561236616835,5.228675384613045,1.229640551074514,3.2003044392827653
25,2.52,0.0348049848903045,0.004789590576762,0.2116876568126603,3.499710715885475,0.3367001934942134,0.0603758341654711,0.2880976928196688,0.0708284548392312,0.328474388211626,0.0595681071954794,0.1177122358168006,1.054506739385811,0.0189781267046501,0.1555879590179246,1.8576251477400516,0.5976941846078799,2.5001018441805534,3.0095514217637898,5.452673140770573,0.0,1.3577113224262178,0.9997096919876424,1.1713368488247615,2.214846316677296,0.6599021333380486,1.2719795282892148,1.2684958145307133,1.5312876777034754,0.98817919216128,0.3686186672583771,0.4874165406990626,0.8175025218888787,0.0,4.171043358944304,1.8898422971431967,0.3061608297009444,0.4319797735727114,5.228675384613045,1.229640551074514,3.2003044392827653
25,2.52,0.0361155287853188,0.0048518168779821,0.2194893580751567,3.5741476293069603,0.3794098351009846,0.0654180626649957,0.3003337521171818,0.0783299777887149,0.3191218889422818,0.0611372696841768,0.1156322265460664,1.06945337255145,0.0190409333594233,0.1530134640138332,1.826170904107866,0.4630948371579442,2.4334007757894613,2.803605226081024,5.258125951816384,0.0,1.2117620070686344,0.9059691071039307,1.134120246914911,2.1371131864539765,0.6686005069699598,1.2559402248094222,1.23750106443699,1.269891136898226,0.8610445631628154,0.3065512281694897,0.4427526962864777,0.7685364454360207,0.0,4.170590868829682,1.876713161023712,0.3038503630987106,0.4308696454313564,5.226754004357329,1.229640551074514,3.2003044392827653
25,2.52,0.0350972966209951,0.007242353729153,0.1950836841399841,3.5695199220335803,0.3799275146052854,0.0713036459898955,0.3494811398663269,0.0781977788384672,0.3470770237096451,0.066229037346998,0.1179246176331823,1.0468243990060226,0.0199884012156071,0.1548041596913458,1.8329735144064063,0.5061963726982643,2.519728473633322,3.012152335440362,5.244222681928425,0.0,1.304384513717004,0.9276131392175392,1.1912280584744543,2.208671324413584,0.5970872561173367,1.260502617704672,1.2593862878100135,1.325650998659101,1.066618209024187,0.2969673334326258,0.4586979508551581,0.7835412529040313,0.0,4.178928637335502,1.8823917331096636,0.3068578540565396,0.4325934445961189,5.226754004357329,1.229640551074514,3.2003044392827653
25,2.52,0.0358194932493194,0.0049797365054557,0.2310212240115181,3.5878228234417007,0.38990048875659,0.0670904319291794,0.4482136462908532,0.0800530162357876,0.34239716238877,0.0701303539084603,0.1147553653291921,1.0706475204024128,0.0187817387196634,0.1604288712469162,1.840834304462136,0.5378476390437515,2.5216811699236223,2.958471724862497,5.33035206143045,0.0,1.3334666524891063,0.9523645606998142,1.2439617084987735,2.201986836756736,0.6156233141073589,1.3007088634446486,1.1565097479392874,1.2840610334864306,1.1183511302698943,0.3124898420698639,0.4374676423911691,0.7306982328164573,0.0,4.180222890262469,1.8734776657167245,0.3042209508325472,0.4338181403354357,5.226754004357329,1.229640551074514,3.2003044392827653
27,1.87,0.0360934958099324,0.0024487832813505,0.0598086155621066,2.324623899255764,0.5710996789175828,0.0600712922872946,0.5886228774011952,0.1086561197840333,0.3260563750968834,0.0821989953672016,0.0,0.3419229643772775,0.0,0.010176130111072,0.5763730292460619,0.5247361336397941,2.2718845634038094,3.0338070857018837,3.008938445429538,0.0,1.2452443518301044,0.9279996746703808,1.2237095712180728,2.108133538135321,0.637413415014762,1.3983507995508655,1.631433403645787,1.3622853542303894,0.9728242059465858,0.0690086312294327,0.4495678628843117,0.8457398151219371,0.0,3.96590767719517,1.9466913319953096,0.1883140276884704,0.5003247591669261,4.8594573708020805,2.4997952622817508,3.117507330479912
27,1.87,0.0417652998678366,0.0015131096719641,0.0668581309488812,2.1808059057115448,0.5923652034904381,0.0603629254592829,0.6562373516557104,0.1044414453420622,0.3464943930419636,0.0850934242268779,0.0,0.3284208438290863,0.0,0.0116512626560604,0.5993452447336307,0.6149526184295144,2.235512269463286,3.0087417940735333,3.015847249613236,0.0,1.1912574516798338,0.992284373748992,1.250949691215625,2.0687843429344146,0.6684590291721226,1.34462242138393,1.6162888403439464,1.3460194947623048,1.026530368837404,0.0841271797720305,0.4332925061853327,0.8582022224293591,0.0,3.967242436165866,1.9482621814287275,0.188436060059905,0.5012943495403278,4.8594573708020805,2.4997952622817508,3.117507330479912
27,1.87,0.0422434180589954,0.0019611666548943,0.0666044490756058,2.253367849384171,0.5985001764060297,0.0538769255862531,0.6912387997591133,0.1175141203908032,0.3550254808220943,0.0787293693144511,0.0,0.3255159493921211,0.0,0.0107965776358288,0.6086011744082849,0.561068977258454,2.1831202052294607,3.0771831217936176,2.979003674527771,0.0,1.1806342618412162,0.9999884152404211,1.2275308441661363,2.026369328190372,0.6765967689525942,1.3071869092915624,1.5829717058052568,1.3203426912912155,0.9992890898299291,0.0958307715456537,0.4275455431510258,0.7826621729291384,0.0,3.9630808545506353,1.948016246816476,0.1893078614695904,0.5002474310448051,4.8594573708020805,2.4997952622817508,3.117507330479912
27,1.87,0.0370105629542955,0.0016732533305299,0.0534730859647393,2.044813786338988,0.5120246007057895,0.0582347056522854,0.6226263546663995,0.1003333127217833,0.3135717726370476,0.0743221252213167,0.0,0.3361791451026611,0.0,0.0112405100950719,0.6195715582213744,0.490154687866984,2.2311047745172283,3.0297507274296773,2.9557840882970323,0.0,1.2105504794116633,1.021072155330454,1.1394354220677163,2.0319659174178546,0.5983788232932751,1.310575003535575,1.626093601152265,1.4124974041430003,0.9934318045814052,0.0784084366721739,0.4149269110701537,0.7652495257521436,0.0,3.96876659896427,1.9459600910939032,0.1894201826595427,0.5070458311415611,4.858994462186219,2.4997952622817508,3.117507330479912
27,1.87,0.0397758004099941,0.0015555944353418,0.0617265810245397,2.289304976099371,0.5360002202810077,0.0588504578590683,0.616847445632657,0.0977921580555603,0.3723959099301797,0.0719939282080909,0.0,0.3419089799978405,0.0,0.0109102937037328,0.6484472489477222,0.5046505167771262,2.1013941232015627,2.775396936138578,2.8708456662937984,0.0,1.0763998308413605,1.0418234865133458,1.2665937189057306,1.9027242349990423,0.6088288498818675,1.3058123361689822,1.5660454516776636,1.2500773462954156,0.967492459789624,0.0825543499346582,0.3946072826863326,0.7900870444347925,0.0,3.954501212950157,1.937742533566137,0.1887194010386992,0.5060950220930841,4.858994462186219,2.4997952622817508,3.117507330479912
27,1.87,0.0377946920606493,0.0012975138646974,0.0641095710266252,2.171688931951872,0.5293338248303663,0.0573010304474945,0.5527418703180575,0.0980454355792216,0.3576463326878778,0.0711495146593657,0.0,0.3054531286806985,0.0,0.0106070132099064,0.5824429934426705,0.4908625312079495,2.276432291063421,2.9325424846014534,2.8512589188353754,0.0,1.2007471614290588,1.024998352919842,1.3050839472344131,2.082880431040957,0.6246488542653588,1.3578754013260514,1.5817947857598598,1.4536285630413808,1.1110456876198365,0.0866102953171281,0.4230174039996475,0.949092167791004,0.0,3.961306669330361,1.9344154303231624,0.1890954371746372,0.5007701769903377,4.858994462186219,2.4997952622817508,3.117507330479912
28,1.81,0.0527854182168971,0.0008620553235153,0.031231531575663,2.612280512739997,0.8046077192886806,0.065076503586559,0.3160677334340724,0.0738862818679605,0.3541111936376397,0.0736069929703184,0.0,0.0527901962207703,0.0,0.0,0.1307693639828185,0.7174379124070677,1.1433131429956245,3.237123661358232,3.1917732053626997,0.0,1.4811216909618414,1.2725567209622506,1.4137028042091209,2.4249160794705067,0.8439531469213294,1.4238152197618443,1.724318269347248,1.6599498563468569,1.301342454419275,0.3100389576461694,0.4851313418473583,1.015801916542239,0.0,4.075612240025015,2.025720786418003,0.1954227805773615,0.5582238333302347,4.916570634908993,2.643333886382519,3.231594597275976
28,1.81,0.0492475652598878,0.0008606795091076,0.0335536423289091,2.369451425705992,0.8837021091024096,0.0614364822861674,0.3312011315812648,0.0719809676110926,0.2714435580427746,0.0725370390985548,0.0,0.0533176311346162,0.0,0.0,0.1295060816698897,0.7087707504925063,1.2367463249837891,3.267057212913903,3.290532951008032,0.0,1.5745559892478267,1.2101906367783164,1.3807670539128043,2.5821707074080464,0.8481373372136266,1.5593252898318617,1.785110993847209,1.663219167598914,1.3115250148449742,0.3561043822993927,0.5607390408505998,1.0447513818357688,0.0,4.076401193363261,2.0291386510226617,0.1955488902917867,0.5577789602856451,4.916570634908993,2.643333886382519,3.231594597275976
28,1.81,0.0499024777002584,0.0010358832875994,0.0324281274190939,2.476186840008142,0.8704664948910524,0.0645468182906497,0.3088181169695961,0.0753129458098535,0.2678744516181335,0.071369086184636,0.0,0.0450091231296196,0.0,0.0,0.128272967433437,0.5792396989826929,1.2065701934882906,3.2429234185517672,3.1990529466309723,0.0,1.5331597513383142,1.1997565775202157,1.3715098498524192,2.550001720710504,0.8798507775926708,1.5364443360030513,1.7632805573949186,1.647203270340733,1.1555855480532151,0.3299486218999831,0.5632635547370664,1.0431686693742936,0.0,4.0662428352073485,2.0115549901380896,0.1956027129971889,0.5570456806086519,4.916570634908993,2.643333886382519,3.231594597275976
28,1.81,0.0480330852765632,0.0012836547625842,0.0304688142685632,2.341058900070878,0.838405071633498,0.0625757514773335,0.3328412783777181,0.0744288229613103,0.3014719586604057,0.0714239303339911,0.0,0.0450855161413917,0.0,0.0,0.1195369295737362,0.8544720793116477,1.301311021453484,3.146532430070177,3.1582620041684337,0.0,1.6001934594465226,1.1551339659269328,1.4094191980749606,2.7185886355562063,0.8231381398025198,1.535193309500665,1.676610760870108,1.6994029675685118,1.362943883338524,0.3400292038205282,0.4963737985847717,1.0086923958623029,0.0,4.066366751531197,2.013529644826757,0.1956288737216034,0.5586890826767135,4.916133429317301,2.643333886382519,3.231594597275976
28,1.81,0.0460019234937887,0.0009585414523219,0.0266187047760141,2.3832539019483403,0.8037985072603453,0.0587304779993039,0.3276564046878525,0.0811387827637074,0.277552141764028,0.0792812122710322,0.0,0.0420411675067512,0.0,0.0,0.1195847254159871,0.7267539075290936,1.290069416821075,3.143857050613991,3.1923812431161536,0.0,1.6241780384362972,1.141698220626971,1.414814080740857,2.6891297217191226,0.7829754315571508,1.542689493349796,1.684487189164486,1.608080488951568,1.2719220492640968,0.3427900365139806,0.5013115846857241,0.9594682454039704,0.0,4.066271035773831,2.007726380085589,0.1960196489126046,0.5596322249431914,4.916133429317301,2.643333886382519,3.231594597275976
28,1.81,0.0488375468563785,0.0005468004773672,0.0312354095419343,2.3976884621417938,0.848143152313014,0.0573379872156848,0.333327427603147,0.0762176028172947,0.2640397638802376,0.0777940218890904,0.0,0.0426700630691191,0.0,0.0,0.119230781832633,0.8233050515663314,1.3308335605188522,3.194391616830092,3.3103762914674992,0.0,1.6593053587933138,1.1302976224126982,1.3921112007080043,2.730440381714543,0.8024054523373182,1.5542157471838256,1.7068972856123787,1.6277443136872485,1.3731501831576025,0.3441917819702381,0.509384085649,0.9444120618356412,0.0,4.067574728764002,2.0100394229358627,0.1951289023261443,0.5591297195376024,4.916133429317301,2.643333886382519,3.231594597275976
30,2.04,0.0446571923382594,0.008396449947885,0.1322044590123883,3.334706455911371,0.3705381205079025,0.0846501273492608,0.2793938876432146,0.0904842555597845,0.2644952991224103,0.0758307553815599,0.0211735029029613,0.9850067239668778,0.0946069626050585,0.2288667163172827,1.8259057759654391,0.5368813636565465,1.5688944093398414,2.5699285009273622,4.729363895958457,0.0,1.2174316153375826,0.9266326478300464,1.0759299490576788,1.9651255860618424,0.570584944446768,1.1643226682238168,1.1333812500907152,1.250483271674335,0.9519532413531296,0.1426375785499698,0.4693845876790362,0.7418999016474415,0.0,3.786315897271892,1.7776115590307826,0.2318239672557655,0.4255671049678893,4.581104291981095,2.6411978941143697,2.87976009730157
30,2.04,0.0412337452592837,0.0062177914083792,0.1218495242726811,3.2290840614707226,0.3398945822813377,0.0760250189447464,0.2042205032507759,0.0853432582862597,0.2392182723198123,0.0746503374042382,0.020934445371917,0.9813434611590536,0.0896459007489888,0.2246979905473079,1.835943144721832,0.528201653371651,1.7463708437108756,2.7878375992639697,4.818023032360444,0.0,1.2825537710072343,0.937481976555574,1.0252996407243284,2.158886857527326,0.5972708827410521,1.197709527896038,1.2204436329282693,1.4355128164167257,1.0020063610116714,0.1686073817493128,0.5183862460933243,0.7556304514293555,0.0,3.787227934967148,1.7750678408526233,0.2316781478149918,0.4303790054815449,4.581104291981095,2.6411978941143697,2.87976009730157
30,2.04,0.0412415333815184,0.0074451827169362,0.1226917044053067,3.440090501418989,0.3727887710676407,0.0845292437941799,0.2709693428162412,0.0891317626322622,0.2488113050803313,0.0723273945802152,0.0201416080709985,0.9445986468396048,0.0880503124425746,0.2137330059026639,1.7524034579623968,0.5401756795613175,1.6563388292896393,2.7155390250634914,4.760006679448552,0.0,1.218375936135865,0.9459948653021838,1.1422173017172954,2.1282174914625296,0.6240283066707389,1.2334912291503817,1.155751988092204,1.4206564522809817,1.0007441118773548,0.1525363557928116,0.4985158816177726,0.7521725199704552,0.0,3.7914835988443056,1.7771433364066798,0.2330355802698354,0.4251974701907038,4.581104291981095,2.6411978941143697,2.87976009730157
30,2.04,0.0453742327035317,0.0066018745898538,0.1188698333222451,3.45963930060506,0.3378998956024069,0.0859551145908606,0.2565867993181386,0.094152729307771,0.2242994941547808,0.0664747872388933,0.020408818035246,0.9614394706658412,0.0848910036694732,0.2229051020874523,1.7702784680300472,0.4744122295708217,1.7426861873845962,2.859315763549436,4.689175416794598,0.0,1.2986520483139308,0.7604171974515223,1.0860308040103406,2.1909300679679884,0.6064352436427528,1.208594922361531,1.208205679356802,1.3646417409416498,1.1481862519359656,0.1579006900273419,0.5385378464002009,0.684608670009313,0.0,3.788378416660211,1.764642530102276,0.230433101864635,0.4242943670638039,4.580492766859798,2.6411978941143697,2.87976009730157
30,2.04,0.0392134842809992,0.0068044292738804,0.1245720156256093,3.420278520316616,0.3927548370882527,0.0859814769913144,0.2963360663935145,0.1004252446176623,0.2581369264669894,0.0687549547870177,0.0207204569420478,0.9149259561913532,0.0828257802549041,0.2075986416365686,1.7460362365376243,0.5579635792185599,1.7948512321329562,2.94887152616234,4.694797575647501,0.0,1.350359592393069,0.9420562477223208,1.1269961498039194,2.2658845623114923,0.6470352036183219,1.272689550293745,1.2651989648052355,1.383821133712824,1.0771112606656283,0.1611150448126594,0.4888101165640926,0.7381915178715085,0.0,3.78193697289972,1.763927072570435,0.2330216300523061,0.4270644491053321,4.580492766859798,2.6411978941143697,2.87976009730157
30,2.04,0.0411355229650752,0.0072500477740729,0.1431474043567063,3.491926066366529,0.3673777176753428,0.0830418709146234,0.2540819668883786,0.1027127169306108,0.2525877862164681,0.0722203505021265,0.0211507123387281,0.9533415598361156,0.0800941057372487,0.2145084801676559,1.755940097987364,0.5714189133268697,1.81180950202808,2.993813054530805,4.925139402360346,0.0,1.3778876349108422,0.959349075356934,1.1242678855702988,2.2767688011975986,0.6841771866844166,1.2497970103869382,1.369516489494465,1.4144433515970791,1.1827944321205524,0.186229597943635,0.5327662703398125,0.8319202180428451,0.0,3.786266231069879,1.766054376344119,0.2318847427399706,0.4280319702081638,4.580492766859798,2.6411978941143697,2.87976009730157
32,3.02,0.0307236487870251,0.0,0.0255827528832902,1.5701742085647314,0.1822611333018255,0.0195309256827566,0.0316580690828755,0.0741428283319525,0.0057476754216149,0.0611082742495032,0.0107280798131697,0.3174602807191501,0.0,0.0,1.9509711626362256,0.0,0.6266208177736778,0.9414815867602414,2.477650518459361,0.0,0.5930443689209561,0.2740484021473304,0.4431354020337458,0.5947448868951207,0.2524424852297987,0.5406419316850536,0.9693723553076756,0.3807545263230145,0.2051886545520889,0.0780014635978131,0.1843160331696385,0.1728958515756893,0.1363815675144221,4.4971916061892,0.436124335727512,0.0596983934699525,0.0407870684703477,5.319737405226984,2.378619779270043,3.5787855313168624
32,3.02,0.0338547671813039,0.0,0.0225197482637033,1.8815565974764847,0.1745646387095946,0.0248674646199375,0.0269695841755786,0.0717996160915571,0.0060829393536518,0.0596235948384212,0.0113729768281665,0.3074539088327488,0.0,0.0,1.9458084691718036,0.0,0.6282148613607613,0.8960816702507327,2.564173705182608,0.0,0.6149342134313973,0.2825600316686203,0.42976480384202,0.6041696840233706,0.2464092825885716,0.5324445218198572,0.9272673553148184,0.420599480219922,0.2118490802291701,0.0880284174619244,0.1872656363323434,0.1783269556544226,0.1534092724813142,4.499667799155914,0.4566950453553603,0.0597927643895528,0.0405821984114662,5.319737405226984,2.378619779270043,3.5787855313168624
32,3.02,0.029567356573888,0.0,0.021096221614701,1.6616316185493172,0.1706314555425421,0.0226752825623895,0.019181857207311,0.0669209072507886,0.0054723016078155,0.0579754443129665,0.0115473519655224,0.3098767563509423,0.0,0.0,1.9578262355117704,0.0,0.5811935535867591,0.9741138606532812,2.479999070629887,0.0,0.5635631343311279,0.2663673092741851,0.368258808660539,0.552974139795422,0.2358955546074312,0.5422340512887809,0.9703825041272636,0.3810219534005878,0.1775000411123647,0.0713515353843135,0.1634108435741342,0.1712916259740713,0.1475295700054658,4.49596495019005,0.4587492967831568,0.059287151802032,0.0409629810611856,5.319737405226984,2.378619779270043,3.5787855313168624
32,3.02,0.0337960367425099,0.0,0.017708270956346,1.74727303202576,0.1593009245193273,0.0224917915838876,0.0225800959682984,0.0662741446962286,0.0056903979321722,0.0563743589381091,0.011709629903403,0.3022692560228611,0.0,0.0,1.9568066790798064,0.0,0.6159044547344097,1.1341025301409315,2.477199276648457,0.0,0.576948106024541,0.260313113834028,0.4324795084653498,0.54092747852782,0.2167225221585235,0.53637665493164,0.89392848381392,0.4480052168645039,0.1896005008865174,0.078502398005443,0.1737409282701248,0.1505831388566386,0.129102197329845,4.4923733454985575,0.4642598452554219,0.0594433267149778,0.0409993151180286,5.319445285355376,2.378619779270043,3.5787855313168624
32,3.02,0.0299583816223704,0.0,0.0204592254139391,1.59076052184158,0.1555628993185905,0.0226537306043454,0.02563627354375,0.0693041285081253,0.0055494095042975,0.0647391085185772,0.0118719309213415,0.3094387298282615,0.0,0.0,2.0558790391681985,0.0,0.5344928233855003,1.1528456668704,2.3159497881666407,0.0,0.5106969132831518,0.2350065453258113,0.3792336835871166,0.5082857500156939,0.2059921586913822,0.473454009207686,0.8340380298276907,0.4228713500252644,0.1583514419725343,0.0730684656254011,0.1883938729082967,0.1396744350682451,0.1298095569285756,4.496445076761462,0.4636316663404806,0.0593518243886316,0.0410430180927456,5.319445285355376,2.378619779270043,3.5787855313168624
32,3.02,0.0341246318914396,0.0,0.0241089086098072,1.7383509572389553,0.1841021514273437,0.0239478133450411,0.0262596689939218,0.0710323753509793,0.0052559184300552,0.0566270572505921,0.0125509937207637,0.313188502095887,0.0,0.0,2.001478145613809,0.0,0.570852168416986,1.0754115543404108,2.430938447689239,0.0,0.5594330295218354,0.2784973202060108,0.4480471387757143,0.538808699182413,0.2330261048210404,0.5067341398494081,0.8857610608760236,0.4763872449209368,0.1973436070183212,0.0835733243204828,0.1678969581916052,0.1405608892190717,0.1277441457693869,4.503474930162437,0.4664439899906208,0.0593128554741013,0.0408672318970295,5.319445285355376,2.378619779270043,3.5787855313168624
33,3.27,0.0463424280489691,0.0,0.074282425364447,2.660945655678935,0.5936250212608462,0.0309467715760174,0.1393911649500517,0.1025345303200832,0.0076607057203203,0.0590820415922769,0.0,0.7064659674333011,0.0,0.0,0.801399120169745,0.3657261747820012,1.4831541635023515,1.8200393894854268,3.6930938577761903,0.0,1.2923432820945482,0.8154235912027565,1.1298402420852651,0.9912846591394356,0.7330015626142135,1.3164112609969862,2.033008804831277,1.3640090987790237,0.8634331603270043,0.3815915408086058,0.383105772857853,0.5804700004973034,0.3831633005810524,4.390101151842564,0.5476120637867831,0.0769538809253089,0.1119461568405089,4.8691292672896616,2.231089091288976,3.5052570515869337
33,3.27,0.0476859852644045,0.0,0.0848788852612077,2.662315180325835,0.6318032983252411,0.033720449010917,0.1242450937345728,0.105869970263788,0.0079122672930184,0.0577164262887059,0.0,0.6999746423094972,0.0,0.0,0.7584564194620137,0.3335048654698277,1.4899124519618934,1.8022095047460016,3.6811089538228847,0.0,1.2749705553381423,0.80170527072313,1.0840069365490177,0.9800757645856067,0.7255545233112743,1.2825530263808402,2.030192891240385,1.2066396051495405,0.8427203644774037,0.3674659991059359,0.3791002331661837,0.5846676357840223,0.396208652334661,4.394242004699846,0.544629227764955,0.077609828776053,0.1118714258056765,4.8691292672896616,2.231089091288976,3.5052570515869337
33,3.27,0.0461593112707129,0.0,0.0807928311836127,2.6722026551382934,0.5624393368239957,0.0327383102059162,0.1304704998682516,0.1026525034001844,0.0081853851434847,0.0587321206358141,0.0,0.7103688250817997,0.0,0.0,0.7556694294485806,0.3843384087353111,1.4283533555202268,1.8451159972262097,3.55882168603553,0.0,1.2590257624821426,0.8159026376572834,1.0790182586540042,0.9665425416047928,0.6377996757986287,1.2430900716481126,2.010592497036808,1.3427686361665656,0.8374496175314501,0.361150713920044,0.3596220562339706,0.556514812878273,0.3651816380020484,4.40292383929481,0.542141365956093,0.077280414205194,0.1125035548018675,4.8691292672896616,2.231089091288976,3.5052570515869337
33,3.27,0.0506187569883429,0.0,0.0617877728586158,2.619297476847093,0.5606676031552321,0.0315573475081824,0.124459868361451,0.1044043242524976,0.0075590949180885,0.0612523428759872,0.0,0.6846024143028894,0.0,0.0,0.688436185728848,0.424406583019696,1.5115434531742844,2.1183164030861805,3.750276550201165,0.0,1.289631095883213,0.7682786536863768,1.1240597983657687,1.0315256562952195,0.6782288206362442,1.224112547145233,1.9770040074465245,1.3317054408022178,0.8350116723325247,0.373941847434373,0.3813309637620357,0.60259118190592,0.3636130506162652,4.395795532960013,0.5431067938922909,0.0775208954995347,0.1124122413933897,4.869587508412143,2.231089091288976,3.5052570515869337
33,3.27,0.0502006166325858,0.0,0.085703361743881,2.6951404868438003,0.6384835878288888,0.0337715220888676,0.140836672471906,0.1165183687466393,0.0072974378144185,0.0601935896412945,0.0,0.6992897135179625,0.0,0.0,0.6725153449555622,0.3203283394872618,1.4237547344376054,1.9125123034048528,3.599001804833178,0.0,1.24866982356672,0.7932939411371221,1.1416247361536456,0.989484222102426,0.6649464959490056,1.2467066033987042,2.0088119996136964,1.1445951933119884,0.7740040670076661,0.3569503647069502,0.372698725677112,0.601982157112131,0.3575809182200694,4.394094348896807,0.5420073394387867,0.0773903850659424,0.1123244231688322,4.869587508412143,2.231089091288976,3.5052570515869337
33,3.27,0.0456197503813459,0.0,0.0842094219273132,2.742276071025487,0.738270167418042,0.0294016423197552,0.1818626656862007,0.1404656399393315,0.0067148140906374,0.0614928010750298,0.0,0.692103238842358,0.0,0.0,0.6589912263542704,0.3394968799152443,1.4572393741380691,1.6837318498237872,3.5252747986642854,0.0,1.2037744146480052,0.7719123516078902,1.082188363025732,1.0207665246400752,0.6715572426052333,1.28023186579865,1.9842537125153663,1.3423911163470237,0.7637719561001913,0.3685004028675998,0.4042698694282471,0.604851595509833,0.3301071545402587,4.3971301063497545,0.5418815765627929,0.0771657229651512,0.1132621822028636,4.869587508412143,2.231089091288976,3.5052570515869337
34,2.66,0.0349028980610069,0.001408631412763,0.0101652295429687,2.232256217450983,1.2148880556322064,0.0598492304547067,0.2385080552827117,0.0674292034617323,0.070267465912917,0.0602448904334806,0.0,0.0,0.0,0.0,0.0,0.6982324884359762,2.37480516756148,3.1653744548961007,3.140553518222449,0.0,1.6289310422330272,1.1439037984076468,1.4174923810029942,2.388483631558623,0.8299318260516382,1.5706193359810166,1.6410657279363978,1.4865747184219953,1.3099811698337227,0.4681303920820239,0.460514339259392,0.9904846257650702,0.0,4.1251549173522575,1.929791507340692,0.2240018684546421,0.5362307313495597,4.027927734882483,1.547562508716013,3.306520334720247
34,2.66,0.0335349789961256,0.0011987162525102,0.0108459712317129,2.3527937888572046,1.3383650170385109,0.0654922502558359,0.3073102735071766,0.0677609198794303,0.0802155155106327,0.0573423365362436,0.0,0.0,0.0,0.0,0.0,0.5729275682977701,2.484370922978682,3.11273707891216,3.2471880601766694,0.0,1.5992774521332862,1.18418065710484,1.3634044933020182,2.4461448510507218,0.7295320110117066,1.529133993197794,1.4977926215512969,1.5030104893884972,1.3489242125352718,0.4631552280118318,0.4678313164819395,0.9115796388817028,0.0,4.135133710922938,1.945991797864816,0.2232949318555974,0.5378275753889135,4.027927734882483,1.547562508716013,3.306520334720247
34,2.66,0.0348959343799522,0.0015977818664505,0.0110857533437539,2.196199268664659,1.34861848684832,0.0560049558073755,0.2738168083983538,0.0755990260515857,0.0674710635911511,0.0639845183313516,0.0,0.0,0.0,0.0,0.0,0.5598779764181612,2.501946295262291,2.975470912985791,3.2373298164973154,0.0,1.6394480190361025,1.1883693709511036,1.2906289182171036,2.499476010176795,0.8326838584345267,1.5004082481199863,1.6201906960873675,1.4522758614433064,1.3010978385579757,0.464154541635415,0.467835746710544,0.8659718089483057,0.0,4.128348431824236,1.935617258823952,0.2239827311043341,0.535260731009584,4.027927734882483,1.547562508716013,3.306520334720247
34,2.66,0.0360320106022296,0.0016507467675407,0.0096246055332076,2.4545870992174774,1.2234013504860206,0.0662268969037177,0.2409510288377645,0.068546959416273,0.072271426879246,0.0686406213208122,0.0,0.0,0.0,0.0,0.0,0.7036066550448211,2.5259897142265384,3.0749898709552523,3.2315113169520253,0.0,1.5958664983894546,1.075913189725013,1.2856306860725022,2.5158925424747043,0.7477654317222032,1.5012859523178947,1.520634198458653,1.4174487319975282,1.2114612205189677,0.466131308354322,0.4573144434762719,0.941084857750903,0.0,4.126235933816698,1.9297354914198963,0.2229322105833306,0.5363924952513917,4.027927734882483,1.547562508716013,3.306520334720247
34,2.66,0.0359321193437043,0.0015561515678397,0.0088025902726459,2.3412252174460124,1.221002183840467,0.0609188213590345,0.243403298428929,0.0759859640510911,0.0757303786260162,0.0619485093258074,0.0,0.0,0.0,0.0,0.0,0.5603732181555738,2.429185702004383,3.1523138648916595,3.0850025941665566,0.0,1.5453517747157182,1.0493320554844725,1.2339364266556054,2.367227084903332,0.7121591012123573,1.4049643646418173,1.4654399638997515,1.4224966402079997,1.1024304697951246,0.4013302955404347,0.4687778388966225,0.772894244996865,0.0,4.122555185690561,1.9299873443641185,0.2239828174318556,0.537146665258214,4.027927734882483,1.547562508716013,3.306520334720247
34,2.66,0.0365188625939356,0.0011679796461404,0.0107040338763847,2.4274313316215324,1.2858432871848646,0.064588661443025,0.2723169959270693,0.0824593550736623,0.072568010521238,0.0634112025151406,0.0,0.0,0.0,0.0,0.0,0.6452729634079409,2.454521582166548,3.011641942916836,3.1226294357566733,0.0,1.5513377443887169,1.0999593363252325,1.3361571145672575,2.4634748473063306,0.7682587462665739,1.5053089321252129,1.656965651318046,1.4535145917736845,1.2085316136459547,0.4461549863814525,0.4602220457851753,0.9879099951594044,0.0,4.121134714737528,1.9180451206101483,0.2236468518372502,0.5368009267230808,4.027927734882483,1.547562508716013,3.306520334720247
35,3.23,0.0139736137144481,0.0,0.008310089362572,2.4012956404444856,0.2148033491159053,0.0140042698539033,0.0216677466830772,0.0602748646585304,0.0170860800362756,0.0600010589709392,0.0,0.9583772554364504,0.0,0.0,0.8666515268315074,0.0,0.3511743172925246,0.0,3.3616218582378203,0.0,0.2208158819926546,0.0395453075821938,0.084499203038052,0.4958161011449051,0.0447186754681561,0.1336459726849767,0.0299526664144395,0.0577480951659582,0.0,0.0,0.0,0.0249739622761292,0.0,4.385071100705513,0.4760830483220482,0.0385858559048266,0.0385826403973814,4.7078300884706765,3.242982900211434,3.494080375808869
35,3.23,0.0156018369064741,0.0,0.0064481032270194,2.445734152605644,0.2097016889126665,0.0108848504892811,0.0254220840223548,0.0655090378463378,0.0146722925465537,0.061950626048817,0.0,0.9660001884124644,0.0,0.0,0.8680990259528572,0.0,0.3551333604091982,0.0,3.540281867078928,0.0,0.2191356351375489,0.0445293139114769,0.0807460670275728,0.5012584596510712,0.0370134337110582,0.1203018962174461,0.0304693351534235,0.0595743292758019,0.0,0.0,0.0,0.0277414129546722,0.0,4.381739771532585,0.4893159341476523,0.0384866380168135,0.0387792407186647,4.7078300884706765,3.242982900211434,3.494080375808869
35,3.23,0.0145415079249537,0.0,0.0081906290302379,2.32825465504312,0.1971821877796419,0.011451815931351,0.0225673861394857,0.06126262060486,0.0146385467471592,0.0680558677026512,0.0,0.9640181093906331,0.0,0.0,0.8626920288098597,0.0,0.3364899778924071,0.0,3.4524380485149013,0.0,0.2031469345952986,0.0427794866617893,0.0767505134211684,0.439754467354546,0.0450283918534268,0.1278302445449959,0.031084672460703,0.0614445434711406,0.0,0.0,0.0,0.0286141484296056,0.0,4.373734588360319,0.4928167009955796,0.0391473421924674,0.038304316466994,4.7078300884706765,3.242982900211434,3.494080375808869
35,3.23,0.0156591244401605,0.0,0.0071052120909265,2.559050549808213,0.209052527917694,0.0141377553015716,0.0228959947606068,0.0649836280003124,0.0142553834751389,0.064398571032512,0.0,0.964088111205288,0.0,0.0,0.9183842245882864,0.0,0.3214307992503356,0.0,3.5069393800461928,0.0,0.177060649121791,0.0380250226386626,0.0757841006651783,0.4392994871278134,0.03368657997092,0.1279629260773295,0.0287658675635689,0.0289761412654654,0.0,0.0,0.0,0.0232652441406326,0.0,4.384352229006875,0.49290297941394,0.0386230518970603,0.0382449247265682,4.707291369971681,3.242982900211434,3.494080375808869
35,3.23,0.0149634845676142,0.0,0.0053891006763595,2.3704394530627604,0.1888575141472471,0.0119874782211105,0.0140928486670445,0.05332578078699,0.0161256864110552,0.0603282004762052,0.0,0.9761057701603804,0.0,0.0,0.9138392273910744,0.0,0.3356945385781827,0.0,3.594080289419147,0.0,0.1906763778743081,0.041392315056576,0.0874484114761448,0.4422508077388198,0.0421138959760873,0.1182140956255729,0.0261874547568946,0.0266219190616667,0.0,0.0,0.0,0.0261532010213388,0.0,4.377182031009242,0.4918867696942853,0.0385369544435648,0.0377718920032166,4.707291369971681,3.242982900211434,3.494080375808869
35,3.23,0.0154638834468835,0.0,0.0083327847166425,2.3636114336400773,0.1989787858080511,0.0146627584192106,0.0178576930194726,0.0600095931956884,0.010614204499692,0.0576545987198684,0.0,0.9942537664027524,0.0,0.0,0.9030907992236744,0.0,0.3306485899180522,0.0,3.561240877834774,0.0,0.1842457851119478,0.0387512991496111,0.0895401478683987,0.439665880879415,0.0391255403552634,0.1333889921110507,0.02653244101883,0.0242287733262532,0.0,0.0,0.0,0.019000843208108,0.0,4.372058440648668,0.4924319644400977,0.0383667187961897,0.0385954023025803,4.707291369971681,3.242982900211434,3.494080375808869
36,2.25,0.0440254978198788,0.0120318204755607,0.1377624046313074,2.4878589167228715,1.4402317216691545,0.1147485883744991,0.4393576072762052,0.0984390724377521,0.1121486768708122,0.0591272358817062,0.0,0.0,0.0129397235097102,0.0,0.0,0.83074120208324,1.4221812231621294,3.46089705474733,3.3420837299427544,0.0,1.5641380344332103,1.3491527764602498,1.6234314890347197,2.8168440869932176,0.9121790834207714,1.6837356956154266,1.7291625614942063,1.7616613379564188,1.4449371976729732,0.2832163823338647,0.5928178864984175,0.9687461748853202,0.0,4.036042341013251,2.2328744335660984,0.2088886423559531,0.6962203849261648,4.556973280101159,2.845490610223448,3.1514531485507664
36,2.25,0.0451135804775637,0.0152600459668509,0.1480854069051547,2.675746261529943,1.4761691890804127,0.1267600049380379,0.4404622369088878,0.1020394889482799,0.1156240542880004,0.0623532623854459,0.0,0.0,0.0136585409949718,0.0,0.0,0.758803351581636,1.4039989289787675,3.499003365869129,3.2863001894510897,0.0,1.5853459652881157,1.3544439226622156,1.6026425835957765,2.8420033467764108,0.9576118322843412,1.6827866966632987,1.8110745512227489,1.7038636625184649,1.4437074986955494,0.2715364647805046,0.6627886329573144,0.9713796862815232,0.0,4.029833558217041,2.2326796404101743,0.2094096029192187,0.691839274123088,4.556973280101159,2.845490610223448,3.1514531485507664
36,2.25,0.040324351996752,0.0155419418847615,0.1581219891577746,2.491093204367965,1.4544140262064107,0.1038990938009206,0.4133562714855561,0.0972242812881654,0.0917580073943662,0.0655996404512872,0.0,0.0,0.0136929077759145,0.0,0.0,0.7890239148419687,1.428255388056357,3.4978384073163387,3.315405857803616,0.0,1.5927881371962749,1.3623480501521728,1.460401734184147,2.8664693693853747,0.891879581469586,1.5907973009399743,1.8658759361433157,1.7281850765914202,1.4629176697678592,0.2550249854190052,0.6495475674429747,0.964667879335356,0.0,4.030021822068805,2.2828644323305096,0.2099474306437991,0.6894486885624757,4.556973280101159,2.845490610223448,3.1514531485507664
36,2.25,0.0425170607634019,0.0106901125927114,0.1532055190177561,2.548841488746146,1.467934764950774,0.1098786066957257,0.3951461065376314,0.0927732344781411,0.1068832661845344,0.0756304581549367,0.0,0.0,0.013995116893691,0.0,0.0,0.7964749222820848,1.4622765726641551,3.4735351671261747,3.3777948057998097,0.0,1.602732369246941,1.3013590441709828,1.5232742600244331,2.917815424058551,0.8992413679474887,1.6383091220273112,1.8788608990933584,1.8159145630721625,1.3494627345851038,0.3051304726404815,0.6514182446843506,1.0160225132475844,0.0,4.03664235172802,2.265628052926492,0.208515714671481,0.6922979966052888,4.556346814197292,2.845490610223448,3.1514531485507664
36,2.25,0.0398244952632494,0.0118400669489177,0.1822528827692811,2.330817307551776,1.587870429948767,0.1056080857098318,0.4676863714765739,0.1101988496200622,0.1022342620153168,0.074871425149305,0.0,0.0,0.0137751317203159,0.0,0.0,0.8432862129073591,1.4400870842189903,3.471195365587654,3.385807438001266,0.0,1.5726836578056993,1.3103056242827014,1.6140609724054342,2.897388537617434,0.8792162242452716,1.6775485101653314,1.819820213695205,1.7980480055376038,1.4431518909348915,0.2916741858527882,0.7087648213366579,1.085022517609515,0.0,4.034997564001113,2.238442355603753,0.2104843324546873,0.6934787135967941,4.556346814197292,2.845490610223448,3.1514531485507664
36,2.25,0.0422784556056941,0.0124888308863613,0.1715862650312333,2.389218598365854,1.544477040785774,0.1116247585551276,0.4349096740515286,0.1095615682660421,0.113814369129233,0.0694232280702714,0.0,0.0,0.0148648506350852,0.0,0.0,0.7236556569609209,1.4274780216711014,3.326694805662576,3.188253282808013,0.0,1.5418327909336915,1.306475041264271,1.4803639624066214,2.8118997293933594,0.8980570231732932,1.6767662216790225,1.7261941396808935,1.5945745320380176,1.4505481218733218,0.3153634089881114,0.5833964224308205,0.9619053010797574,0.0,4.033725949262613,2.225810380477662,0.2103776958127636,0.6938448051633052,4.556346814197292,2.845490610223448,3.1514531485507664
37,2.19,0.0494443701300398,0.0048037992583308,0.0316163258349801,2.3503005796186582,1.605286946683958,0.0794841507866011,0.4202238343345467,0.090333243559777,0.0349913898529208,0.0,0.0052575010885735,0.0452209401561559,0.0106805928598223,0.0,0.0,0.54505198298599,1.354396423798756,3.060499292490202,3.065621937069406,0.0,1.4725653323684924,0.9963963336928902,1.2707512258875155,2.4519460647470828,0.753645659361861,1.4536632437838723,1.4485839643205278,1.391338977370295,1.2296918518053923,0.2236859154082107,0.5404366947385886,0.8085257420059545,0.0,4.240199916058382,2.169040103134224,0.23251652027855,0.5833334122083863,4.59506713298749,1.706564623164823,3.2055879305412653
37,2.19,0.0521363290339634,0.00608140968571,0.029601456671637,2.468443778144137,1.69643795742619,0.0853006456895873,0.3984010482844992,0.0890191106428807,0.0411677385838874,0.0,0.0052297828150112,0.0402939476080206,0.0099058150108675,0.0,0.0,0.6055868081726432,1.319987973960978,3.154431313604896,3.078732639349109,0.0,1.4801874231961254,1.03318536306057,1.251065573306312,2.480600095714873,0.7260895380392566,1.395388688082482,1.4959646474599608,1.374244783163554,1.2627526397345232,0.219118470333406,0.5391515677091819,0.836423310937001,0.0,4.24554836025524,2.178698215187092,0.2345311039187346,0.5886688689789762,4.59506713298749,1.706564623164823,3.2055879305412653
37,2.19,0.0487784402911838,0.005057277387894,0.0301343317382975,2.3049955867182867,1.6789497279662955,0.072861265194598,0.466852357324895,0.09140001141384,0.0314894431796218,0.0,0.0054784796876366,0.0382586033586628,0.0096885352015381,0.0,0.0,0.5092884767606339,1.2859171166488943,3.1046177873992256,2.980724751433271,0.0,1.4165609485020385,0.9948876985984726,1.329060675123535,2.3809114035774144,0.7409290680177815,1.403190903171184,1.4491438071197356,1.4308535934591202,1.1478275040777646,0.2069718115766777,0.5089942299876866,0.8337992001770649,0.0,4.242202763006144,2.173073216195629,0.2331547571461419,0.5886003526573194,4.59506713298749,1.706564623164823,3.2055879305412653
37,2.19,0.046052064708389,0.0042833324199811,0.0250119216058213,2.3870245293363523,1.5891079996793736,0.0822650334005331,0.3884697646209099,0.0729278483672044,0.0355159802509502,0.0,0.0076011965688236,0.0369091975043936,0.0112443862714788,0.0,0.0,0.5028005774465666,1.457667190392548,2.9339377266732845,2.9571948954341365,0.0,1.4987314155600653,1.1799168211365565,1.4541911861339634,2.5979824802132354,0.833159864974952,1.4623413130759937,1.440331669916477,1.3606737849982613,1.1486169528115688,0.2291223561872164,0.5513585661467009,0.8310224037645413,0.0,4.242958103352451,2.178696917929617,0.2336604012690841,0.5897169773164405,4.59325691129463,1.706564623164823,3.2055879305412653
37,2.19,0.0504203651456584,0.0054751459957325,0.0292788650045195,2.310184020970001,1.715938136956973,0.0723818987743582,0.4669323232352897,0.0746266593265553,0.0344733922436938,0.0,0.0076913664617567,0.0342975672178411,0.0118862251070447,0.0,0.0,0.517163527157745,1.4754994863541275,3.031776578992246,2.996488165295832,0.0,1.5211781389217,1.2032192233551071,1.350913149338646,2.661234810483342,0.7865685690841806,1.4917141052736749,1.5579778129774629,1.4032954238236766,1.1385831831854876,0.2261083431721924,0.574875452763007,0.860818800393628,0.0,4.237655174815284,2.1680592212390333,0.234206826179726,0.58981219712597,4.59325691129463,1.706564623164823,3.2055879305412653
37,2.19,0.051041483285796,0.005262595222587,0.0280942244456335,2.4060431719662256,1.6423982032427276,0.0724060783966222,0.4256278679344601,0.0887038825603493,0.0335493410901478,0.0,0.0078001227919994,0.0352212664023288,0.0109702491734688,0.0,0.0,0.4603073519182374,1.4064579181260466,3.041513905195961,2.976835856545208,0.0,1.4759036617483507,1.1287076213850906,1.272184234006755,2.593864236222725,0.7661945947351035,1.4552254226299783,1.4947511892509495,1.2502253024857652,1.0933091304153464,0.2168442829175016,0.5706185136245705,0.7679770964424261,0.0,4.240837890219319,2.1709971298864223,0.2339517683352129,0.5909770407919898,4.59325691129463,1.706564623164823,3.2055879305412653
38,2.83,0.0414904526523277,0.0050304530281376,0.004006461404322,3.021714964854373,1.2305533574394094,0.0357084562399564,0.0701026650382136,0.0796766763845645,0.0206422355108498,0.0,0.0045245467833307,0.6266954095264838,0.0100746201586353,0.0,0.6527601331031676,0.1709590767856792,0.4173200122284896,1.8769912710042491,4.218753142477028,0.0,0.7832636426958424,0.4362487741371729,0.5777150330867311,1.3846994814752145,0.2760512405448641,0.6967111311366306,0.5671903551900284,0.6290184090635229,0.4332704626315228,0.0,0.2318817950151591,0.2751266674400264,0.0,4.264858368601697,0.9724880028086536,0.0720862415472576,0.1617715196065757,5.023426869277752,2.594508159703081,3.4910380856619447
38,2.83,0.0488703361936646,0.0058384390964805,0.0043692578757851,3.2205228166323585,1.1411322778990605,0.0385168058532722,0.0645232616461457,0.0828517898897227,0.0207693530035246,0.0,0.0045747090437598,0.6467641212127787,0.0079065903722597,0.0,0.6499319819014504,0.1630570962600618,0.3849501118974897,1.8607085957359863,4.091954446001954,0.0,0.7699003274023672,0.4288712304352613,0.5391701916475468,1.316859657217943,0.2557502910559354,0.6672924079231164,0.6272493204730072,0.5696823920851661,0.4937437914479867,0.0,0.1982110811803174,0.3310154676437543,0.0,4.25565290532243,0.9689721719614948,0.0712588571345189,0.1604762477432061,5.023426869277752,2.594508159703081,3.4910380856619447
38,2.83,0.045530450403956,0.003833107248951,0.0042422738182979,3.1054980106103907,1.126272302620218,0.0302827498369735,0.0640431362672455,0.079675629231565,0.0186161550888661,0.0,0.0049123755020657,0.635312300262264,0.0095374327511905,0.0,0.6522611881585362,0.1684240277855116,0.3721866581263647,1.8492026447047447,4.161195047459837,0.0,0.7112652800315511,0.4344694932585313,0.5841029221343254,1.248549966538254,0.248498255697819,0.6588711901701478,0.5379018821896766,0.565878391688739,0.3844648365623317,0.0,0.2369190148322869,0.2609059400907527,0.0,4.259417885343503,0.9686440528349676,0.0713569182584158,0.1602488512688014,5.023426869277752,2.594508159703081,3.4910380856619447
38,2.83,0.0454758378527869,0.0053963067113789,0.0037120288880777,3.0426307491320657,1.0208979004373036,0.0370596672747854,0.0609640484399944,0.0731569313434567,0.0218004313364699,0.0,0.0051575021912824,0.6477298875600442,0.008971646156903,0.0,0.6618590244375921,0.0841135398122854,0.2534855900469281,1.7942460893573826,3.6122532253119024,0.0,0.5483296561887963,0.4728003740814257,0.6250774742534344,0.9102620570778992,0.2576255653157007,0.6419139822613255,0.6577600595931125,0.3974114959928839,0.4026743221518443,0.0,0.2556156909070328,0.3160214978175644,0.0,4.256265329156315,0.9739475432711828,0.0717215844943592,0.1614770619422132,5.023033981712058,2.594508159703081,3.4910380856619447
38,2.83,0.0412667733514841,0.0039300870807388,0.0040472876706086,3.019314215431593,1.2674001123573466,0.0345315544822316,0.0731478737638716,0.081107846980438,0.0187561024290287,0.0,0.0041191177741078,0.6334272383349958,0.009882067137115,0.0,0.6745535010218452,0.0725466685962557,0.2486862305930547,1.6696488822142093,3.5114133489135018,0.0,0.5127202342575301,0.4505218921962731,0.6151961882237803,0.8087132378682302,0.2541572449790392,0.6545208378935249,0.6131532904031478,0.3342908949386831,0.4240242927151681,0.0,0.2153066960253249,0.2740107348894415,0.0,4.250473994170312,0.9731814424181068,0.0715268600909451,0.1619810763807158,5.023033981712058,2.594508159703081,3.4910380856619447
38,2.83,0.0474054411209382,0.0036027044597253,0.0040027453156203,3.041894031249444,1.171232746544645,0.0366442035319519,0.0558745552683375,0.0841568934083656,0.0183571212908807,0.0,0.0043322472506558,0.6654922502984252,0.0101322608375582,0.0,0.651631283886934,0.0920607844144627,0.2449149154540355,1.7873469540526787,3.645496355681754,0.0,0.508524140584163,0.4319312910574455,0.5941284653309736,0.8150858203869944,0.2361130663750449,0.6669198478013166,0.6053811512555094,0.3945354713047515,0.3556939823532052,0.0,0.2168272582677223,0.2514630896746979,0.0,4.254660157702912,0.9713705557419606,0.0717618114985165,0.1599666107516248,5.023033981712058,2.594508159703081,3.4910380856619447
39,2.69,0.0371556236691839,0.0098063521719034,0.1027227613406964,3.448006446018441,0.768673700206395,0.0904783306544192,0.2075960009005451,0.118893057576259,0.3257310532408939,0.0739382511805037,0.0369663942771062,1.1000055283255077,0.0340306681397919,0.0865602597515477,2.12659407423372,0.4459704419367144,2.081090864548798,3.191585178168008,5.059299559547126,0.0,1.4140187721855173,0.9969809502366218,1.1388676993500515,2.365938889998039,0.6763162289087049,1.3614525449617203,1.2110654559996492,1.5049897102695124,1.037218668519068,0.2350033142786774,0.6184813929330195,0.6935953970959045,0.0,4.221146197848849,1.9512658414116928,0.257788765124648,0.5129520870395216,4.98130703791026,2.681706225762608,3.319987326236612
39,2.69,0.0370352565895311,0.0108405008708831,0.0891017116337525,3.4210496678560305,0.7200691482417866,0.0978354114486596,0.2907918019769581,0.1153270301424149,0.3011764400386457,0.0564538921672708,0.0360617317058562,1.0709457090935344,0.0325085145498511,0.081705593850095,2.0961139222882497,0.2202458393993224,2.2202202126634205,3.139737033306042,5.0100202796803215,0.0,1.5253894810009476,1.102747120124913,1.2558790689788222,2.546512165272868,0.7388330470937362,1.3785566455621296,1.318210622853211,1.5133655240425985,1.1493464230548407,0.2558433393745156,0.644105279357405,0.7872199423510198,0.0,4.220613125297623,1.9483989251954128,0.2571468574393982,0.5149980552546497,4.98130703791026,2.681706225762608,3.319987326236612
39,2.69,0.0371563520947078,0.0074846628976717,0.091209342854576,3.41456136747846,0.7599981038461617,0.089211142064696,0.2972157697430605,0.1196756772575749,0.2866713821263396,0.0617473785832196,0.0360803614448581,1.069905425686569,0.034543633030656,0.0830302785897709,2.081412835777256,0.4391682189179817,2.036282792902846,2.8131310730633823,4.879892678928794,0.0,1.363791998355235,0.9698310222143935,1.1756706778435415,2.3095592840879493,0.6936907937755032,1.335667631633851,1.31771042163385,1.2434920459920695,1.1229857231721032,0.2188001716823516,0.5923354899589939,0.7460680553945659,0.0,4.216066654339774,1.9514727287538585,0.2603894404008076,0.5129385910774603,4.98130703791026,2.681706225762608,3.319987326236612
39,2.69,0.0346531196776828,0.0081840759032361,0.0915361908949139,3.5902191236664414,0.7179841110286738,0.0924372113252234,0.2379889045471689,0.1043368592002859,0.3180920475370948,0.069689373939461,0.0352758056892556,1.0823246753856175,0.036654275552461,0.0832656953413295,2.144284709728137,0.3568579326952686,2.1026207558798653,2.8424108668680272,4.952792462801988,0.0,1.4997188784420024,0.9512949913440596,1.141182216742053,2.4265192207240287,0.7005594020477841,1.3616618682535424,1.2482117574283542,1.200717073681917,1.0282121585284494,0.2371372310612893,0.5701995011864778,0.6459280323983758,0.0,4.209024318201707,1.9472043915905743,0.2588758431486707,0.5084877773313641,4.980897244384177,2.681706225762608,3.319987326236612
39,2.69,0.0320780176142767,0.0087650118083421,0.0859224508246757,3.340204448381546,0.7358272814907832,0.0801439979281207,0.2656138611121333,0.1114953047987168,0.2568897535637938,0.0699967624863866,0.0355701570125058,1.040431651948099,0.0358090915308164,0.0763796202919309,2.0776638230990927,0.3781437360385573,2.077771639168421,2.8776756011499875,4.953753263705941,0.0,1.396155865503352,0.9810368679582516,1.157936563910082,2.347652403650192,0.7587668437714987,1.359669527811554,1.331218668527195,1.189950697178471,1.1072750969603091,0.259025263124791,0.668502769382867,0.795349540539866,0.0,4.213916194274769,1.947193038086884,0.2567214328276884,0.5134942895078484,4.980897244384177,2.681706225762608,3.319987326236612
39,2.69,0.0327868776573635,0.0092915743167583,0.0865921525440069,3.4207044110252043,0.781550832842701,0.0950313863996003,0.2437669209249389,0.0983411644532319,0.2815574398714108,0.0636797224755432,0.0365045681535013,1.0750922575602866,0.035677175888218,0.0804744987460446,2.114629844719115,0.478505685989728,2.106295124277099,2.9098530677802263,4.915901294268363,0.0,1.475886494466215,1.12736886694867,1.2229343162190065,2.4105527398299533,0.7256311861417392,1.3701952269540836,1.4276315987196295,1.2120586346123523,1.0786107604324495,0.263932947287138,0.6542960452243682,0.8260208089675083,0.0,4.208614546183963,1.9435111776802865,0.2581187921127098,0.5126783691727524,4.980897244384177,2.681706225762608,3.319987326236612
40,2.35,0.043036352219603,0.011839744785967,0.1492092082706969,2.2834236154494305,1.2999471588810083,0.0975969404457801,0.3225452251659531,0.0976649215861511,0.1382444062821092,0.0,0.0,0.0,0.0190216096361755,0.0,0.0,0.3990316376455132,1.4931190308308504,3.032713077097088,2.8145730445952437,0.0,1.3250963662065138,1.0252372258194546,1.2072949813796017,2.4834173363110423,0.7933894145828649,1.423620915862248,1.8970248964651208,1.1676580435122672,1.1136486222702646,0.1083209550296723,0.7503399641148041,0.848424379483375,0.0,4.011562335755163,2.253052308840638,0.2357416987535625,0.6831238685837198,4.426724944925425,2.5680215564985067,3.319987326236612
40,2.35,0.0434185179138952,0.0123382221246035,0.1360462669255541,2.395083009180297,1.2305260355256034,0.0996141697915665,0.3236659522266618,0.099500249190123,0.1361605407586125,0.0,0.0,0.0,0.0190498921013298,0.0,0.0,0.4539842114169363,1.680309230082507,3.3330126895816607,3.061330778491438,0.0,1.5815354923439178,1.1103719542947297,1.22848521873037,2.7698287827331907,0.8389522844572349,1.53916967744532,1.6968053899624065,1.408441735630866,1.1065679651836922,0.113915669248217,0.6817700097996883,0.7946573131476709,0.0,4.012726084647258,2.2535501075483304,0.2351029691345413,0.6849321574689645,4.426724944925425,2.5680215564985067,3.319987326236612
40,2.35,0.04057807517435,0.0101741869836335,0.1403438113174564,2.253890104925225,1.1857819594064007,0.0992185132186363,0.4068711019021613,0.0927308434472311,0.130446654708941,0.0,0.0,0.0,0.0196839967304406,0.0,0.0,0.3939086595114768,1.5524782250585043,3.0204523745470406,3.0380216820954664,0.0,1.3923697105045916,1.049270822259521,1.21691113349429,2.559705424354212,0.8356157970204596,1.428346533540937,1.8553975388307984,1.4975526687358367,1.122552671412669,0.1107671108461444,0.6033081115968192,0.977587910532349,0.0,4.005846995399264,2.247068981260961,0.2351514881998781,0.68621920445783,4.426724944925425,2.5680215564985067,3.319987326236612
40,2.35,0.0397963138095885,0.0108949360583113,0.1842759290969864,2.3076139765360635,1.368503571106254,0.0951022099982856,0.338467667281719,0.1027395354881562,0.1142575475308886,0.0,0.0,0.0,0.0148048868213666,0.0,0.0,0.285311515400339,1.7616280664287634,3.3597188379801044,3.1515260376358416,0.0,1.534125805785953,1.008662486003944,1.14788453439533,2.9598616217138174,0.7353926328433184,1.4316507384903068,1.5827730307841137,1.616169199006306,1.1116379702672257,0.1127385665783345,0.5711289467244163,0.721020578353544,0.0,4.004109824327485,2.245258271327236,0.2346255711069934,0.6860862467358649,4.426011299475884,2.5680215564985067,3.319987326236612
40,2.35,0.0415675504443542,0.0126411163515469,0.1470935732100927,2.4266627320017635,1.247192016662189,0.1005455730037475,0.3222114047569608,0.1030706899067374,0.131097804725123,0.0,0.0,0.0,0.014955507793156,0.0,0.0,0.2839306122661056,1.5380637140518432,3.144092818714901,2.9877513651596765,0.0,1.4246850481660205,1.016018867940149,1.2646568614584104,2.6665052091711927,0.7163305123197692,1.4353770682087557,1.4528133478090253,1.2362144583834915,1.0725792078431644,0.1083158204396163,0.5486921773820472,0.6852234727383267,0.0,3.999918417843285,2.243039261161892,0.2340973903657446,0.6843914724757666,4.426011299475884,2.5680215564985067,3.319987326236612
40,2.35,0.0430504846306315,0.0107508786460895,0.1559119718414457,2.487484040461243,1.3133267981446688,0.0947246265833125,0.3432470300811049,0.0975440764346061,0.1360992411277427,0.0,0.0,0.0,0.0148439247957629,0.0,0.0,0.2335507077076898,1.671043089960379,3.166696973859525,2.8272746158428563,0.0,1.426007731983969,1.0146376434105304,1.202957114988111,2.7166016840567053,0.7281074742704293,1.4239408894999888,1.484774387330308,1.0619593581773326,1.050287741782124,0.1001664046882856,0.4901928055967119,0.6657708444905868,0.0,3.9825438691801063,2.231158856417094,0.235044170800705,0.6855352577433296,4.426011299475884,2.5680215564985067,3.319987326236612
41,2.61,0.0519799998014075,0.0057770954029565,0.0833625125567163,3.5596072166827923,0.5408475783475801,0.0919348625519495,0.251049206112616,0.0788352152555987,0.2775703339556,0.0593338060132374,0.0572292905503574,0.9617594382953076,0.0150632849223628,0.0249923237700495,1.9986606380546168,0.2679652098477048,1.5591324705910978,2.6453791334097487,4.858278325162889,0.0,1.2633575178207084,0.743138113517895,1.0629173132172398,2.0541352945261555,0.6662534869044527,1.1970670605712466,1.1442672677212635,1.002021609407512,0.956310597158754,0.2068027998928974,0.6089607734011457,0.6382038185626714,0.0,4.277591159367606,1.8333239744190224,0.2237726845683747,0.4325638921626478,4.803788501303687,2.702032128776647,3.283914221047423
41,2.61,0.0473219630799743,0.0059278018153031,0.1052963380984908,3.406173578166883,0.6031345528651244,0.078475170189894,0.2606272914182393,0.0930107280904517,0.2173557824466486,0.0699499317586291,0.0560535588790945,0.9620360526377228,0.0147599460885049,0.0254327357048463,2.001731424005918,0.1344524423279884,1.6586316909498264,2.897061207443151,4.985649884878469,0.0,1.2587095865481353,0.6946231502805428,1.097325315206252,2.159715901942916,0.5494559349740307,1.2645512299694617,0.9896928018232446,1.241637796915588,0.7693949942616971,0.2156202855862043,0.5215061699272533,0.4743741663939987,0.0,4.278535241395756,1.8365810231567663,0.2267391545782802,0.4320888370064236,4.803788501303687,2.702032128776647,3.283914221047423
41,2.61,0.0535017623758929,0.0060597366535928,0.0977395573846026,3.630459829487799,0.6249456280403952,0.0812689164951964,0.2629901231924395,0.0993375055937145,0.2629076160560465,0.0672784986559346,0.061388452376525,0.9629353781605074,0.0145710586305834,0.0274521819617449,2.072050073332492,0.2621024702023626,1.5924071473479326,2.9570117246577112,4.7345103761563205,0.0,1.242938968642103,0.7632771694837388,1.066953628794571,2.026672460828626,0.5350829207422186,1.201060472501522,1.1979852885757696,1.1126587236413998,0.9680535377439377,0.1769043091349513,0.5884445978611991,0.5903940576972061,0.0,4.279153476725414,1.8309654390034225,0.2295680897012497,0.4367944488171341,4.803788501303687,2.702032128776647,3.283914221047423
41,2.61,0.047156234795464,0.005935670004585,0.0909569847484779,3.4792404800643437,0.6134169477693805,0.09190645278306,0.2464430745914673,0.1105271727684996,0.2573976867982475,0.0628995597112536,0.0662277411018332,1.0280353982853796,0.0154542711979078,0.0248908134350912,2.0761853986954457,0.3170458969485361,1.6507258405024594,2.7590707580002727,4.939465899271335,0.0,1.2116548351246297,0.8981201982921575,1.0133158457925535,2.193997357013643,0.5834659479225094,1.235637947934294,1.173278585310655,1.2266587191859788,1.0212964550805823,0.187196416998153,0.640781352266109,0.6320389255930998,0.0,4.273873553710407,1.8318760530847005,0.226148473609623,0.4337152803568326,4.802809431518122,2.702032128776647,3.283914221047423
41,2.61,0.0456821879825771,0.0053839385572384,0.1048178033161212,3.4859449346347464,0.5922708564260001,0.0960090846043654,0.2523780594246981,0.0927739800031867,0.284831706014294,0.0664003674505507,0.0622885101978545,1.0075783848818354,0.0152118499020827,0.0253290929206147,2.03791118448101,0.2722542797164849,1.7044821146877145,2.9358783274407325,5.010700435974478,0.0,1.345275658191305,0.881222880473214,1.1024604685836794,2.277222286766581,0.6582774361990219,1.245406705992821,1.199159421060969,1.232669921928737,1.057664003187376,0.2056669346287169,0.6561720284860997,0.6443833485938177,0.0,4.2785886844244505,1.8297909007867617,0.2248379909402182,0.4291688950609979,4.802809431518122,2.702032128776647,3.283914221047423
41,2.61,0.0465804139926935,0.0065753240979495,0.1113172557024034,3.407816479023981,0.6299992643496652,0.0684614168232693,0.2512081262977171,0.1181651421999345,0.1974118739029107,0.0684515994256556,0.0594709353996409,0.9880250154282502,0.014316659797425,0.0243087740557367,2.0482023494159685,0.3049322420564437,1.7828568971688867,2.799093815075512,4.847394818856754,0.0,1.2951126075494517,0.8847363298312187,1.0616143093839647,2.237045709026996,0.6510100341063815,1.1887946771268472,1.228737656745973,1.087408637159962,0.9908717407569314,0.1970236625696433,0.6705013514534213,0.6865402729330677,0.0,4.279722971799451,1.824439366654632,0.2286169099213889,0.4318382713591284,4.802809431518122,2.702032128776647,3.283914221047423
42,2.56,0.0342888242426459,0.0026225341491854,0.0565368618276218,3.915625782226783,0.8349277736532845,0.0488175047480559,0.2366082271414149,0.1013984287474514,0.2415763804729867,0.0715166761443522,0.1474079397045253,1.2264760003310609,0.0407676564039664,0.1259684524287991,1.2493941999897562,0.2322177788969992,1.4098912616858117,2.239143040488313,5.27223378954004,0.0,0.8584704948422498,0.6915843539824228,0.8558608530940641,1.7745892743293818,0.4582128693790898,0.965375676591532,0.8425910161262908,0.8628492804801743,0.7067490438720602,0.0744378893679094,0.3449066290625815,0.4868180413688502,0.0,4.305497254603709,1.5346764894432612,0.1555799399482259,0.3023800579103577,4.85015824794685,2.836736542063533,3.2913825156549485
42,2.56,0.0344244322498045,0.0040068627928676,0.0579045766689909,3.919419306432885,0.7976805241052273,0.0539145757258005,0.2807395485561308,0.0912741861280153,0.235094915595601,0.0741693684117902,0.1455609806205958,1.2307399649186264,0.040095671611621,0.1179748581461621,1.233590131845134,0.3296062042755277,1.471207432830958,2.3761869399237163,5.2379430048514255,0.0,0.9257210059370714,0.6492798803622443,0.8406669120189885,1.81008295394901,0.4615983801512529,1.0047964442549615,0.961080573602833,0.8844353729037873,0.7844690416751509,0.0800443827490565,0.3719884709710988,0.5334041071592642,0.0,4.301588021035753,1.5394628611235643,0.1563149398403539,0.2998775526046687,4.85015824794685,2.836736542063533,3.2913825156549485
42,2.56,0.0368177629950528,0.0035073022186114,0.0545910095429289,3.9725797533176688,0.9102489417622974,0.048060637176933,0.2906425489136607,0.1035409096785186,0.2527912707675502,0.0821225780121362,0.1432103939731498,1.2070857211688943,0.0400159094009231,0.1225216688014815,1.2259856584467526,0.3320325350006364,1.44751961898896,2.4164958606439613,5.339961327801061,0.0,0.9196887105998957,0.7234123628679866,0.8584154061024828,1.8393415948062568,0.4673573716174581,1.02419441521789,0.9135115980567626,0.8943938191804445,0.7568936194894625,0.0785164327390719,0.3886411299886405,0.4544834875043617,0.0,4.303212507829501,1.5409235574398683,0.1537047112551988,0.2992903121251919,4.85015824794685,2.836736542063533,3.2913825156549485
42,2.56,0.0335130737945862,0.0048694927525137,0.0578038584957243,3.751037853914855,0.862920245827513,0.054255595737218,0.2754154734094197,0.094793689173272,0.2263867042039949,0.0647920971094667,0.1265506475711822,1.245926645713793,0.0394425462388105,0.1215106456996663,1.2949894520989218,0.2433090868688678,1.3934126930727784,2.4318393397823845,5.291979785438499,0.0,0.8623404814291923,0.6123332885168353,0.8275829164552968,1.739529298213884,0.4472287340343817,0.9553670307540432,1.0073878210629152,0.8729070410933388,0.81209184925934,0.0753937302124516,0.3837744412665064,0.4689241493168694,0.0,4.301694942967232,1.534402154358555,0.155811446847097,0.3005356395361933,4.849691013599522,2.836736542063533,3.2913825156549485
42,2.56,0.0331928996411305,0.0035633596861717,0.0642047823279695,3.88620422151483,0.8299461812336816,0.0546082216400241,0.2643549686235669,0.1035324585791843,0.236141760189406,0.0820339106815856,0.1439230165638693,1.224451599439712,0.042159853108223,0.128975424319244,1.2842139993149464,0.1643351467762107,1.3902670639757373,2.4354393434095214,5.298195710648257,0.0,0.8977369626779674,0.7000888796199835,0.7472305121215023,1.7786137151837942,0.3982434835008795,0.923842965033742,0.8542559494985172,0.8610361450754572,0.7917080746990075,0.0821365878218063,0.3646293919659904,0.4197605417504561,0.0,4.297306731841738,1.5250290057880136,0.1540544697706478,0.2993459840389841,4.849691013599522,2.836736542063533,3.2913825156549485
42,2.56,0.0302715666112609,0.003414575695466,0.0592429958106352,3.7014476052361616,0.8433110435841229,0.0438053644832055,0.2626389859588555,0.0816002337920633,0.1843220785818645,0.0812602022261713,0.1395766947831004,1.2123194993491528,0.0407886755651849,0.1273851835686726,1.220272361855131,0.2996822825493226,1.4959279755980313,2.4118033500895435,5.449677228807066,0.0,0.9386310819165956,0.7373244741632701,0.9054187219733166,1.911733692108956,0.4845780809429486,1.000438123670654,0.9757600087012294,0.8903827202154753,0.8213623816836243,0.0926598662786285,0.4080506753132611,0.4838087867874847,0.0,4.295822965128026,1.520638561607836,0.1565129873803307,0.2975558501273045,4.849691013599522,2.836736542063533,3.2913825156549485
43,2.57,0.0625582598387691,0.0027896941822434,0.043326698009936,2.811722656387489,1.3638952848755952,0.0632694017711675,0.1545271572364585,0.1543868516507832,0.1436127012858617,0.0,0.0,0.0,0.0181873116112682,0.0,0.0,0.264580215126584,0.7467211763197776,2.155644052264576,3.533059544230368,0.0,0.8501527357782349,0.6791349648957793,0.813547482407356,1.6207414241566114,0.3492414048195814,0.9114323868048962,0.7869058232619238,0.8875418543430257,0.7413717662485882,0.0,0.7755371219392166,0.4569808560844139,0.0,4.299465302802546,1.5143818556777786,0.0996390874578163,0.3073414850814652,4.605860183584989,2.7985001040242823,3.445533195482207
43,2.57,0.0609117429461591,0.0020368711687599,0.0460028670729872,2.750181266095706,1.2463225077524611,0.0550375334177795,0.1657854314166867,0.1482474885140016,0.1529078180801878,0.0,0.0,0.0,0.0161027687037548,0.0,0.0,0.2714884719965172,0.788356426634269,2.2143170940948127,3.615914778301655,0.0,0.8784188032938677,0.6708691559543195,0.8582879521988621,1.703091262271547,0.3941766323383078,0.9579756705589696,0.8570700998526316,0.9178552953062338,0.7547345077679792,0.0,0.7281445282318343,0.4713796957817531,0.0,4.299879049611897,1.507712782745855,0.1010010243694508,0.307553528261577,4.605860183584989,2.7985001040242823,3.445533195482207
43,2.57,0.0638207473495875,0.0027550932427694,0.0394789153931368,2.7892036842515724,1.3553231408779878,0.0637205069676901,0.1470917570078706,0.1415132444717644,0.1687135185024522,0.0,0.0,0.0,0.0168379300583613,0.0,0.0,0.2935173470728615,0.8281127701072134,2.1972032632201866,3.5841131921301925,0.0,0.8683580822939723,0.6757352799080641,0.8740524098354342,1.704384973045903,0.3933768877502552,0.927357791824498,0.8752488248415825,0.9132850601651162,0.7644152362512966,0.0,0.7720738885066073,0.4609032006732834,0.0,4.298733373326632,1.5053336640087156,0.1000506071126178,0.3073670038514821,4.605860183584989,2.7985001040242823,3.445533195482207
43,2.57,0.0644138486787831,0.0023198321075462,0.0535158035832727,2.6522664290679594,1.323352029127688,0.0548024181047348,0.1326953851426295,0.1618766015993724,0.1475770067915601,0.0,0.0,0.0,0.0149249024756553,0.0,0.0,0.1688681517096615,0.6796886671992859,2.301128711084568,3.553261507291312,0.0,0.917944987238942,0.652806734139291,0.8281124874503498,1.616556024458076,0.391483493953702,0.9059732480165706,0.764942991406263,0.7912806357145575,0.580770570125792,0.0,0.711455981378218,0.4403999461595611,0.0,4.296860555574372,1.5099048253949248,0.1008284361827051,0.3092407789966535,4.604666692256393,2.7985001040242823,3.445533195482207
43,2.57,0.0560270233924129,0.0031082972351156,0.0317869530203597,2.7165533572502163,1.1763721507852414,0.0470834733627682,0.1237028787576141,0.1397822786901135,0.1342613881129692,0.0,0.0,0.0,0.0152615330980009,0.0,0.0,0.1332429135184262,0.6988618119059505,2.2729100915476352,3.488534935589193,0.0,0.8210316128862045,0.6133787173196331,0.7848184242782767,1.6183614805051418,0.3922447233251351,0.8808481912777995,0.7379312859422668,0.7698188006511766,0.5867081668654657,0.0,0.6629138037591353,0.3698817201798048,0.0,4.2973647861973685,1.5048861727399152,0.1012124507197088,0.3074563272866426,4.604666692256393,2.7985001040242823,3.445533195482207
43,2.57,0.0592406528082705,0.0022048734789989,0.0473538035734645,2.6305939532114544,1.298538165821957,0.0555045019925737,0.1663962817428718,0.1597184342189185,0.1377784687651993,0.0,0.0,0.0,0.0141440910714712,0.0,0.0,0.1546368704745717,0.7117512609640992,2.2632421905359554,3.5597814972734194,0.0,0.8573985008768342,0.6627498876533351,0.7767100487305493,1.648116392644128,0.4027678684923029,0.9100271533580754,0.7661340341378851,0.7923326589581636,0.5679745184939661,0.0,0.7209068186739792,0.4149810073158394,0.0,4.294538132514502,1.504570493628481,0.0999606649705396,0.3097451951079902,4.604666692256393,2.7985001040242823,3.445533195482207
44,2.99,0.0456217271127211,0.0178291125689688,0.163456942775733,3.607126303028228,0.4307895087207228,0.0958121974087617,0.2073900605170194,0.106395266218764,0.2477794536136562,0.0696939711258197,0.0203580837859707,1.0452231781879928,0.0,0.0054487963107161,2.222531124573774,0.3134498522085864,1.8033163616750485,3.076791932111492,5.00666813197106,0.0,1.3346363141655784,0.9955477134688638,1.1580376121627407,2.326871950301265,0.6903100702659125,1.3245407366885324,1.3208076567319589,1.2488116006851817,1.059839659776746,0.1248598990390407,0.7298786794383811,0.7468384859195301,0.0,4.285833497539936,2.045075596845514,0.2440767580880202,0.5270511484996069,4.208341915141317,2.744060638625243,3.381334752565904
44,2.99,0.0552894768536094,0.0198236702120309,0.1333068766727024,3.759967342885501,0.4128340962998522,0.099976980602692,0.2103095231677876,0.1080997695738002,0.2824996146858028,0.0660707632173882,0.0207196018445231,1.0545293942994591,0.0,0.0054817745816324,2.316681582777384,0.3747530934126736,1.7946579987630598,3.0002157840826538,5.003427320960476,0.0,1.331072500273714,1.002301338193161,1.2074436708936471,2.352172743848328,0.6944775761910909,1.3180766635722587,1.4094638191771738,1.1895943587339184,1.045743535300045,0.1463104349873541,0.7528266674064147,0.761994557263044,0.0,4.28013583217671,2.042814062347322,0.244691367039657,0.5234975017093082,4.208341915141317,2.744060638625243,3.381334752565904
44,2.99,0.0461406831064965,0.0179070298252101,0.1289785113469111,3.654890977367277,0.4256606732268451,0.0931506861390453,0.1887980564206637,0.1118489016813615,0.2843081481649407,0.0622773202987967,0.0196347641883486,1.0318258483634706,0.0,0.0047081154105255,2.238239367776813,0.3307501804095713,1.7583694199885571,3.037493086286487,5.022673021059122,0.0,1.3043249635082432,0.9823753219809236,1.1107626995495734,2.2789221566975426,0.6301869311627085,1.2933495788806657,1.2412058732302034,1.3515843702452848,1.119312659603879,0.1372490433395749,0.7247467611320277,0.6669029307404014,0.0,4.280073287464276,2.037460158270654,0.2439618806496029,0.5290347314957676,4.208341915141317,2.744060638625243,3.381334752565904
44,2.99,0.0453980039606014,0.0200667355537781,0.1575702720657402,3.6278679967675354,0.4635475510498464,0.0879601242032936,0.2190474979295194,0.1209651646426553,0.2385319033508491,0.067784003233401,0.0195709553642707,1.05455113498151,0.0,0.003858271289551,2.2551673170739086,0.311887745042697,1.7276367945921187,2.9249961409699785,4.827562793014204,0.0,1.339191228362392,1.0324920547042933,1.207911059110241,2.2638378022866714,0.6638267141541591,1.3093701249764502,1.2353072267932512,1.2233096343318703,0.9981953113420304,0.1413184200003729,0.6845523722857899,0.7017169217088572,0.0,4.277654008392621,2.041727985824189,0.2442355141188422,0.5299328228374184,4.207454017547587,2.744060638625243,3.381334752565904
44,2.99,0.0485971207758502,0.0180230369209828,0.1943184800662324,3.651837719461782,0.504025131143768,0.0911268062317395,0.2286473360661864,0.1346629908756486,0.2267731467560779,0.0705941934862444,0.0214311622776527,1.0951262086793616,0.0,0.003863116547338,2.296173367040117,0.3197210847774204,1.8708470154955232,2.99187282947171,4.974086000242891,0.0,1.344857314473015,0.9653489599207792,1.159686472788816,2.3651279719429703,0.6265965180229496,1.3240212807325344,1.3407360954980116,1.220112934034862,0.9926441666030392,0.1575455396213509,0.7161946675021527,0.6529930676446095,0.0,4.276832837617737,2.0382371534835206,0.2462552786710683,0.5268712653625506,4.207454017547587,2.744060638625243,3.381334752565904
44,2.99,0.0506046702903921,0.0201439170894078,0.1587700119797257,3.5070173460572445,0.4289337055560837,0.0849041700543871,0.192836666248471,0.1234373620032874,0.2185485215163684,0.0702697533928293,0.0212620402661907,1.094403596869875,0.0,0.0043577591601571,2.3517237334861694,0.2551337905554316,1.6590958102994444,2.825651953957489,4.841339761871384,0.0,1.252663710998077,0.8711193357382802,1.1436593004198046,2.228924930020363,0.5987929484919517,1.2894922005405691,1.375983578221689,1.0879809605022324,0.9273867313468476,0.1491011187973343,0.6893838797178966,0.646077404024694,0.0,4.276244121793306,2.0368236220395843,0.2439314475832705,0.5255390382533683,4.207454017547587,2.744060638625243,3.381334752565904
45,2.93,0.0529182518787227,0.0112744973220084,0.1488100393898443,2.552449218316076,0.7119824950618798,0.0994589816118367,0.3699053119599416,0.1353677524831825,0.370111958546286,0.0785235623563818,0.1651521626941339,1.3753294923095871,0.1763506354359088,0.4987237929136721,2.3022185052089537,0.3506200336107148,2.035862475318185,2.868843509739021,3.0647681045848345,0.0,1.5711894354500309,1.0517903966794842,1.2768127861052487,2.600170705105294,0.8474791590944568,1.445695156483784,1.4591709156042825,1.2587115065234775,1.1030389803949938,0.222031789536046,0.6498702778209442,0.7965071892874629,0.0,4.130871222588516,2.187498899886586,0.2897582906184159,0.5657688390309416,4.689897320581364,2.926382195419198,3.354455119110024
45,2.93,0.0504660238936567,0.009355924525754,0.1537054976054991,2.556463971260475,0.7439905293121387,0.0887224061772912,0.3306710623007519,0.1268032337401199,0.3741084561161763,0.0827513136246859,0.1562167417649498,1.367239964904007,0.1796415521207709,0.4793763081416176,2.278107467239848,0.3417989913818444,1.928486397560492,2.9426147926652844,3.0884119917256263,0.0,1.548212298195393,1.068969537482951,1.263342055246901,2.579145671258535,0.8072896471571163,1.3873263424439426,1.3450827323687429,1.2281932562952913,1.103851937369268,0.2227815065839249,0.6088595711089575,0.7356041767761736,0.0,4.130411175016149,2.1838923622280064,0.2912690844252881,0.568370191505591,4.689897320581364,2.926382195419198,3.354455119110024
45,2.93,0.0490760499668595,0.0118859721318736,0.1450954858851919,2.5097604973467957,0.6774343495639259,0.1020163476560344,0.2989325421639601,0.1021603347367549,0.4077442542137143,0.066169338132364,0.1658824512610359,1.3700570851582732,0.1819962422182389,0.4885938184043826,2.290507204255813,0.3785303292573144,1.92343778404729,2.8061421058953444,3.0578102664794997,0.0,1.4428344221107825,1.0305042820013564,1.232911241850978,2.471065655292504,0.7681515790891729,1.4002070773847373,1.349375548639221,1.1917101467287043,1.011768771407429,0.2163903766739743,0.6148073232134813,0.7725553717396926,0.0,4.128890901144466,2.181714380252677,0.2910902495126722,0.5709060721351441,4.689897320581364,2.926382195419198,3.354455119110024
45,2.93,0.0488078192516753,0.0098970086394849,0.1339994694344783,2.437917034781596,0.7035225304856506,0.0939412386863977,0.3352887530092438,0.1146499014022169,0.3115413398577084,0.0752967903720937,0.1662458903929108,1.3971310836653106,0.169923378530385,0.5173890018001669,2.368114196436673,0.3449346378593316,1.944193558842728,3.036376230146435,3.140025527058036,0.0,1.4965749933291772,1.1469333558446226,1.2426102640546182,2.59895973560002,0.7938408506143024,1.3892190014370194,1.3371521417738068,1.2966127241572691,1.0841497637111703,0.233164867370641,0.5485829534265306,0.6981748789761278,0.0,4.130791143045253,2.182042099480495,0.2931892572830493,0.5683980382625066,4.688800080621698,2.926382195419198,3.354455119110024
45,2.93,0.0512541337207816,0.0105290188265242,0.1543965761637045,2.67908615434522,0.7072285683206814,0.0984539783415702,0.3377271959730685,0.1188639863297516,0.3621028091895607,0.0688142039268534,0.1553872010197275,1.3700980747669966,0.1731502519878507,0.4863416717194936,2.284032695512769,0.2684516028171845,1.927283292144436,2.8939887326382587,3.0718764816357784,0.0,1.4517186418878014,1.0295566952141768,1.2329051355210972,2.508834631911608,0.8044849987984599,1.4243586185763648,1.438587161509855,1.20924191604311,1.05541210843518,0.2212246674335633,0.6357636885094436,0.8214707517423362,0.0,4.128548386164472,2.1812924792418,0.2925936028650945,0.5684653264345545,4.688800080621698,2.926382195419198,3.354455119110024
45,2.93,0.0451580990564747,0.0086439482038497,0.1525216070370185,2.4408931877403663,0.6601833313452403,0.0876525951986196,0.3538765736503251,0.1164354133545448,0.3621364279471517,0.0756756375810577,0.1600872659489108,1.3771297319023377,0.1745174807206904,0.5041971213026765,2.321913347302953,0.3593284120762895,1.8369838745813905,2.849418400581529,2.9941141966733773,0.0,1.3763183793202398,1.1600619131350751,1.2707378654451664,2.4262659891392837,0.6703629050854658,1.4107706032306873,1.2301225430848346,1.1683509593110537,0.969221643873726,0.2249469522088556,0.5393560276784619,0.7075359711191864,0.0,4.125166073060355,2.179114935737339,0.2922728994611315,0.5697334626358987,4.688800080621698,2.926382195419198,3.354455119110024
46,2.11,0.0514767748539802,0.0131634158378097,0.2503867931604562,2.4878491854471565,0.7942302261728087,0.1136131448445523,0.3475076334570831,0.1323657509030979,0.5527757578893993,0.0676812594331384,0.1615676542288942,0.4958723511678205,0.1520255705240213,0.3792209594078943,0.5376123839515125,0.3817527983139575,2.350073042316312,3.1467354321291707,3.0408623611408183,0.0,1.5539542416170862,1.1314575718886282,1.3543055532071142,2.6197418575968183,0.7596674074459584,1.4998596467830363,1.3891228005611007,1.3304445904269755,1.0945039379405632,0.1950927822428428,0.6891257002364941,0.7885338424394417,0.0,3.9573258821681017,2.098040355590211,0.2875872474560331,0.5476952194381298,4.757728689832746,0.1823215567939546,3.283914221047423
46,2.11,0.0570776016302855,0.0108640697022907,0.1761505317925188,2.47305361260332,0.5408084989884978,0.1201109302282995,0.3079133167021182,0.0957656678720649,0.5182529316996457,0.0599649633484449,0.1581145803257702,0.4695480848761532,0.1544033973200739,0.3543706697369193,0.5092730924126387,0.3939317296560811,2.47283815339694,3.177553647777497,3.158064980688458,0.0,1.649819258138925,1.1503325628534775,1.3474697769571595,2.71140552237736,0.7709606245012596,1.516049601516103,1.482825674809381,1.3340888568480187,1.0974775310741751,0.2046948102043732,0.7174746928507764,0.7878850152424082,0.0,3.953401022619142,2.0935982339222425,0.2828937926655557,0.5539461889474847,4.757728689832746,0.1823215567939546,3.283914221047423
46,2.11,0.0578895342840274,0.0098501862349027,0.1941843646273224,2.54751760029188,0.5733108180200324,0.0997511766908106,0.3289521911094147,0.0912929807451022,0.5416807977816042,0.0735018390635986,0.156182319221045,0.4222891764475598,0.1486219933379689,0.3451335411386296,0.4845560047994621,0.3773619422204498,2.3011923716076965,2.991603262909837,3.0657897155179907,0.0,1.490153912719539,1.1300726323187296,1.2514867602021678,2.5589981487108013,0.7760487091388593,1.4851370112161584,1.489476397087995,1.2552922904904789,1.0560552599851012,0.2034232965773176,0.7245967834311925,0.8033080146812815,0.0,3.9486918426215625,2.0867991912942205,0.2875703024557476,0.5471051009145536,4.757728689832746,0.1823215567939546,3.283914221047423
46,2.11,0.0636577977895972,0.01396994927257,0.1666433941875304,2.673876540684165,0.5405266667646255,0.1171309003957335,0.2893844992505831,0.0908325108997899,0.6039632904626714,0.0661072391183637,0.1639941860215517,0.4453021018343771,0.1512902131619788,0.319982677320729,0.4589931886997988,0.2730170088903557,2.300094423149424,2.915375453260584,3.067649934870151,0.0,1.52681173091398,1.183103511011777,1.27642577882624,2.59295089103062,0.8429217940749513,1.4509294162697792,1.4224151639350873,1.2985554105127566,1.1144269116906054,0.1952799759712467,0.7245430700510613,0.7815008210191093,0.0,3.952962984028006,2.091334529031589,0.281977592550571,0.5487899468378423,4.757216199701476,0.1823215567939546,3.283914221047423
46,2.11,0.0551635282114176,0.0104082774647588,0.1534384451054578,2.572368902895493,0.532867022553835,0.1068141914589945,0.3245066045548956,0.0829473917604153,0.5293403756359275,0.0775567451507358,0.1618144961928838,0.4359534109162665,0.1475094009889775,0.3603764381488127,0.4572730127278196,0.1905680177429704,2.272773914359258,2.8740735315412285,3.043137262620719,0.0,1.500852217918146,1.1648372837836611,1.3538387285990996,2.5184065720436046,0.8731661070844485,1.5201550395863792,1.3033230473460915,1.1174315070860514,1.0964197154018045,0.1919185232410762,0.7111270790673831,0.7844021856096842,0.0,3.9539794384696254,2.091854191629684,0.2876261641389403,0.5499519176542211,4.757216199701476,0.1823215567939546,3.283914221047423
46,2.11,0.0512131074226618,0.0101634259685733,0.1834035578862611,2.508267298472391,0.6121985123363851,0.0951067945774972,0.3877710413150103,0.094416056558881,0.5381301624033169,0.0659876110120073,0.161958291519669,0.4211360220776719,0.1476034675318304,0.349304884146189,0.4427497399316073,0.2878493937027996,2.299084289325385,2.899115699087635,3.0165083073284835,0.0,1.5190434431630218,1.0085756438031626,1.334615552957769,2.5239883869384103,0.7274764776228566,1.4675029588793715,1.4147060532549534,1.213804652318703,1.0081699566778224,0.1695653512535689,0.7395034475842207,0.7615601598752606,0.0,3.9514460000442297,2.092734289710242,0.285012850245663,0.5481560437480311,4.757216199701476,0.1823215567939546,3.283914221047423
47,2.17,0.1529182212335061,0.0073811531426638,0.0131342844119364,4.3598101418671,1.9760595836353492,0.0616552180990131,0.1816764012258489,0.0595622261445397,0.0231857607860494,0.0,0.0316713633868118,1.16281226625628,0.0454343903296603,0.0200281989118133,1.0353729143848105,1.2723400398235,0.88198013254989,2.1523173802829656,4.225473843794902,0.0,0.8372414656408883,1.247097954849039,1.6530895527838096,1.346221792480729,0.4185766647405223,1.221735759669525,1.5153577604552888,1.2057087271397031,0.8927056950052832,0.03593554983156,0.2600888484400577,1.3372021890631671,0.0,4.243327682180988,1.7024804815151289,0.1286328395301469,0.2964602190405763,4.13428101548641,2.851861903134289,3.382014562245381
47,2.17,0.1535973501972219,0.0069285758873625,0.01459700446302,4.434995184599449,2.0223383641378643,0.0886519986835627,0.2077126229697976,0.0677497471279447,0.025191595394816,0.0,0.0317501170323239,1.2110231561830032,0.037581567603307,0.0158168032662628,1.0316396401558403,1.29451030024476,0.884959255000926,2.331428845182204,4.293456237634702,0.0,0.8353508468907227,1.2990876640565372,1.6081033018374442,1.3907184688075218,0.4903032757769976,1.276621391294945,1.6882277865315969,1.3849350912310008,0.9563184673742074,0.038981347007491,0.2846518236318112,1.4077294669622895,0.0,4.247999799480813,1.6898813387630374,0.1290281828784164,0.2994714602125634,4.13428101548641,2.851861903134289,3.382014562245381
47,2.17,0.1672457905171939,0.0072393267267382,0.0161729145183267,4.439215164588115,2.026698239960635,0.0685725307561632,0.1800420623861975,0.0648172004278903,0.0279562372665772,0.0,0.0314536476351592,1.232935807561098,0.0355597874424825,0.0156161881404744,1.1448067058470324,1.3234207095841586,0.9135084681655676,2.3290717957296083,4.334259180227284,0.0,0.8487162293119738,1.3290497662429337,1.665749500596153,1.4432305452408665,0.4990059890805557,1.301150567836928,1.6842580059691925,1.4290796659645195,0.941037340665242,0.0420945671760875,0.2745456515021945,1.4915081830187136,0.0,4.245814891402527,1.6802295766695603,0.1285193062028847,0.3001550785832992,4.13428101548641,2.851861903134289,3.382014562245381
47,2.17,0.1675091671743335,0.0079657519875241,0.0197578753144325,4.386317593951223,2.106186039664034,0.0713890594009456,0.2187220155157119,0.066082289850724,0.0283565963864438,0.0,0.0247675102732749,1.2615460367500912,0.0336358245400197,0.0131699137166969,1.1263370813391846,1.2031319026672178,0.7929359161903925,2.210438557874398,4.193156577226072,0.0,0.7394399741318604,1.2902439785831037,1.611132346669251,1.240138773611798,0.4511622589190036,1.2487522755509446,1.5945061604168538,1.2603167600682472,0.8699579843415918,0.0357789142605683,0.2458283920203358,1.3834357085633249,0.0,4.251951101254551,1.6687223707501082,0.1292937370568509,0.3018640281795847,4.133196786498104,2.851861903134289,3.382014562245381
47,2.17,0.1443868224154087,0.0073434854873463,0.0152282553012125,4.325994066993004,2.1303302986906747,0.0608792491608468,0.2027372951187576,0.0685514133919973,0.0221855711230856,0.0,0.0243292812276714,1.323026443357192,0.0348795587707938,0.012885164566991,1.1819989400477808,1.2635046424481768,0.8998675421528427,2.2989187834874723,4.137361584784673,0.0,0.8109785532702968,1.253821323953883,1.5988253870665323,1.3583249553707912,0.4082051986289727,1.2708589540321051,1.5205244450715214,1.2155211064555302,0.8776598625847741,0.0336727293978606,0.2552654032233268,1.311216439909942,0.0,4.252346408777847,1.6534861031981778,0.1305757942686596,0.3010313132822811,4.133196786498104,2.851861903134289,3.382014562245381
47,2.17,0.1591332183407078,0.0081722857208359,0.017298079808395,4.357315534912623,2.121632381224119,0.0588892430349735,0.1953361993957042,0.0677318831752661,0.0295499856978244,0.0,0.0245697201613574,1.3267661651807403,0.0324473912967816,0.0137927038307748,1.1739156167420464,1.2583312013583294,0.9141954434897795,2.291798272669089,4.2028646872031015,0.0,0.8296439663693149,1.298847220017051,1.6670754745086418,1.3752348788756714,0.4289744915280179,1.330419500261492,1.594203253494184,1.3836350169466216,0.9224280825489728,0.0409602262458099,0.2605003823640998,1.426000211623092,0.0,4.257006112624031,1.6558394919193458,0.1303968113287429,0.3027625842656693,4.133196786498104,2.851861903134289,3.382014562245381
48,2.03,0.1166396702632184,0.0016478944757659,0.0618597702358852,3.673253989403758,0.5596887498450663,0.0872748180359899,0.118080303467929,0.0485781026383557,0.1194713722803384,0.0,0.0104398179654955,0.8818714143187826,0.0237362930235218,0.0095341294018736,1.5674267115047853,0.8195073040527115,0.971558937105976,1.901540999084952,3.4395415572429564,0.0,0.6687711172000791,0.8530212722306304,1.2435885049421669,1.0232320595899402,0.304057040117019,0.9278358735086104,1.271330769281235,0.9382614111677808,0.6129830828105984,0.0827836871394337,0.2560449155291315,1.0383806300690153,0.0,4.184504349678636,1.356557898062598,0.1467387736748512,0.2138742041470093,4.70459341378356,0.8754687373538999,3.518091133133655
48,2.03,0.1178893144530365,0.0014548312196744,0.0662354081101834,3.76325003410463,0.5708258782821937,0.0896039456273886,0.1393387293548997,0.0499356782937218,0.1391857050779848,0.0,0.0108150271925392,0.8813405527877785,0.0260078945447778,0.0087161705806835,1.628391499201278,0.8451613637026762,1.0608799502687305,2.0219209167346586,3.561458794585835,0.0,0.7161234684243959,0.9082050982639572,1.2668411152824457,1.0944083899888055,0.3280747764400399,0.960743089540464,1.2606970808752602,1.046743344415437,0.6853625004115402,0.0797214037532674,0.2525068455132634,1.0944354390975408,0.0,4.186636088199242,1.3578343870829486,0.1446453002200295,0.2156752536746,4.70459341378356,0.8754687373538999,3.518091133133655
48,2.03,0.1084408898300916,0.0016663388858875,0.070187924726291,3.739919390409036,0.5714057868059135,0.0840908671159946,0.1381194507457314,0.050088197549954,0.1458013821020023,0.0,0.0119413237483823,0.8976806426057564,0.0253451557353367,0.0080386939479943,1.657328078202634,0.8449423807075204,1.0056369772691784,1.904222029408148,3.5259949110229507,0.0,0.7010674993619077,0.8051561230679698,1.263625334802881,1.0442345960954955,0.3271258967716071,0.943351704513749,1.243376068508072,1.02771295746973,0.6677025809481931,0.0829263401599458,0.2538503879043004,1.0589635621968618,0.0,4.187971244071962,1.3572008960996855,0.1457751830716581,0.2135950071179715,4.70459341378356,0.8754687373538999,3.518091133133655
48,2.03,0.1080241096396964,0.0019847790223468,0.066998455828245,3.715744871526488,0.5871324209311979,0.0950189855932237,0.1390592799135286,0.047132748557547,0.1270391999991559,0.0,0.0122876062067427,0.8956027856227742,0.02396541068217,0.00873087772135,1.6827105722544515,0.8989339380392861,1.04361340935404,1.9939795430561336,3.624943277663708,0.0,0.7197678128374871,0.8515022394430298,1.2441022634829242,1.082404955190598,0.3421965308282099,0.9338499261238536,1.2993206643294442,1.1078402732134425,0.6987432244580379,0.0841485048791728,0.2601815402109887,0.997344232647258,0.0,4.192765584848691,1.3521974620030712,0.1451940140967708,0.2174838356967642,4.701888158931932,0.8754687373538999,3.518091133133655
48,2.03,0.1080013981559138,0.0018857648273167,0.0709676117366747,3.7804381812379617,0.5829994578227975,0.0947418656171325,0.1329048032333849,0.0515708582631337,0.1487154666376332,0.0,0.0113908225496211,0.8917412772461935,0.0233553598419473,0.0080866110474159,1.6223158538483822,0.8829361310073989,1.0809928147175087,1.8968894976257331,3.5409305842040397,0.0,0.7536469611722766,0.8847432677106248,1.263513663837041,1.113855501666264,0.3355468864739364,0.9223563809735252,1.2325097456162448,1.0100511812845967,0.6796701297141285,0.081925076750858,0.2548471097850026,1.0125065025981257,0.0,4.190608118479242,1.3458266442004978,0.1467799955201598,0.2172231571153675,4.701888158931932,0.8754687373538999,3.518091133133655
48,2.03,0.1044833176321106,0.0014022074474759,0.0699091786159866,3.7524023760332903,0.5642073875323608,0.0867983256291336,0.1208295095499223,0.0463498452021805,0.1279739307509719,0.0,0.0109403712944233,0.9029920178697168,0.0244049107203522,0.0077978267686362,1.635443642021057,0.7862929451612529,1.0733408563605882,1.8946252004975976,3.5735764609832152,0.0,0.7418804616829962,0.9172105666963636,1.2741578924001755,1.0749047950553294,0.3459435864446465,0.9085275280340516,1.235515491928017,1.0242193595077398,0.653564185350444,0.0788186064595632,0.2486712321136595,0.9968827733131892,0.0,4.186425785917693,1.334198453672001,0.1471259906563679,0.2157130518017356,4.701888158931932,0.8754687373538999,3.518091133133655
50,2.03,0.1375808306968791,0.0008759842137732,0.0114841806365847,3.598957095324985,2.435430280984012,0.0179254724252357,0.1043238092634058,0.068145751315288,0.4713315022320442,0.0,0.0069731291255928,0.6089545297718733,0.0166768904037613,0.0117778678105341,1.1317225182198982,1.1504895745161143,0.690680117360577,1.2646243191454567,3.1887563955286486,0.0,0.3658435185079894,0.8891100694431836,1.2726036379250794,0.933495627986458,0.2945607150020449,0.7884022038431772,1.1887508029797973,0.7291735785665416,0.5109297275470039,0.0775111509091086,0.1526853207128212,0.9777679362093904,0.0,4.187804855525831,1.083610665227196,0.1130426542254418,0.1855817025722261,4.722266865266927,0.5007752879124893,3.5139306516493947
50,2.03,0.1432789027872025,0.0008604696897505,0.0095294016808534,3.5333529195658326,2.4223534774295383,0.0219145661707057,0.0875504700695065,0.0630134857369968,0.4431343272912357,0.0,0.0067658846941816,0.5942116338473566,0.0174994643062416,0.0114557565370238,1.166344679282719,1.2244643751283817,0.6632851277325895,1.2162028770669668,3.185218206059168,0.0,0.3497330718020529,0.9140066938440664,1.2886052652873072,0.9026221915395802,0.2941836284582705,0.7679630632287384,1.188208672757188,0.8765268627583772,0.5033226315849968,0.0777287241698674,0.1497705840551223,1.0147237857002749,0.0,4.185968064878869,1.0995831419042223,0.1130090190406146,0.1847600221525961,4.722266865266927,0.5007752879124893,3.5139306516493947
50,2.03,0.138077366882971,0.0007195130883647,0.0086207919623607,3.5237968290965096,2.4368914074141013,0.0205120569639832,0.0906084238527023,0.0634251109013759,0.4761322632441315,0.0,0.0067422488724191,0.6133293902989245,0.0164926907892268,0.0106944806376977,1.135148932414895,1.1230223517516325,0.6401907286291528,1.2262187806827882,3.1145574309017774,0.0,0.3185215346380058,0.8441263070389332,1.2342493961764247,0.8867895020832853,0.2889060428443207,0.71970636076032,1.1797816601867408,0.7056987401337729,0.5520761567865048,0.0774046020077177,0.1510746431020451,0.8961155600958964,0.0,4.185174344716478,1.09550897235931,0.1121274739628714,0.1863385420613178,4.722266865266927,0.5007752879124893,3.5139306516493947
50,2.03,0.1413207120795681,0.0011196799244139,0.0107723928675816,3.5077539827245583,2.4937287825838186,0.0193269249520725,0.1137537779780239,0.0596183660638276,0.4399095297144078,0.0,0.007404931695377,0.6005764326832908,0.0151903965090238,0.0094250969023588,1.141322928973589,1.307005621474346,0.5479648823872809,1.1722456910171075,3.1216045266476105,0.0,0.2996155788285904,0.838828853660073,1.2431033646655745,0.8776217371522662,0.2902087938510004,0.7519657668284885,1.1596914807204657,0.880888033904023,0.5514745140885786,0.0753357590434019,0.1434348359923511,0.9887035101411414,0.0,4.185837745646412,1.1048754162731749,0.1124448841555112,0.186782620602281,4.720141190699996,0.5007752879124893,3.5139306516493947
50,2.03,0.1533963748393391,0.000907380206039,0.0115955964631179,3.557212683999865,2.554807751708799,0.0274644513957866,0.116720613708221,0.062930259202363,0.4663123216198178,0.0,0.0065909787013607,0.5958247654173633,0.0164878807654962,0.0109676073113781,1.133018438401664,1.3525143008569325,0.7163224591664796,1.3581293210504453,3.2081387506376067,0.0,0.3792249494191262,0.88678923965436,1.3347113039656906,0.9432894552482738,0.2959957523458943,0.7672894856599991,1.1894991080040642,0.8260481134239723,0.5769003242506452,0.0799365580398634,0.1553371368515389,1.001966570829757,0.0,4.178800390660731,1.098981148297698,0.1135602290343995,0.1857203941965964,4.720141190699996,0.5007752879124893,3.5139306516493947
50,2.03,0.1426783281935917,0.0013678270978464,0.0094661958569488,3.5648023346728523,2.484794257638906,0.0273552869635712,0.1011990517656984,0.0554430427095543,0.4423223721813641,0.0,0.006595367668536,0.5946031177882003,0.0140704946753814,0.0106671867218793,1.0900592612549684,1.22636815789477,0.6794716198962334,1.164816729515552,3.156065821995158,0.0,0.3496351942447406,0.8566531912077919,1.319315866466516,0.9353670731355316,0.2808830446058996,0.7827892432596459,1.1660003843464404,0.7922377044871234,0.5768372931626397,0.0849904504592068,0.1539085928122756,0.9764069191420004,0.0,4.180062115610609,1.0907256883640633,0.1123877311413093,0.1851659269018688,4.720141190699996,0.5007752879124893,3.5139306516493947
51,1.63,0.0898267879980263,0.0027322928858485,0.128416858288361,3.824659064695223,2.412130601639815,0.0946900630261986,0.2823212931161699,0.0835630369599923,0.2691333936684463,0.0694375895185603,0.0552981270790054,0.652283863310918,0.0461155305236368,0.0841108792767845,0.5341662185969942,1.2774924032649375,0.7948641656143076,2.1794995843424085,3.380062384114808,0.0,0.683434993588272,1.1173273594295356,1.5760216197598438,1.2335400728423211,0.4103802469981969,1.1625901795569071,1.457553952521747,1.219185501047488,0.8596149394831487,0.1445371515897211,0.3716646713202004,1.25076573019926,0.0,3.831254685178133,1.665583667697274,0.1259367154343529,0.3386939304023124,4.20656533089106,3.5112468868061133,3.102791345847399
51,1.63,0.0925345549555116,0.002478023162939,0.1507270151987672,3.811053636557953,2.3822541179338086,0.1029983228759817,0.2865787087198312,0.0797238312994074,0.2736253954050003,0.0694158784069078,0.0540596701891348,0.6703854369042777,0.0478101727060492,0.0973221371872678,0.546839306042602,1.2108052408815182,0.8460182168496766,2.096587167025414,3.316356487469625,0.0,0.7157408299161748,1.0864260086626878,1.528126067012513,1.2352225712261855,0.4009187825470511,1.1436763203726332,1.3485682779105863,1.2417299190567737,0.790800964704267,0.1328280339507939,0.3231011724682841,1.2035397357652822,0.0,3.829300987172195,1.6649522997805524,0.1259236119594338,0.3392352253356876,4.20656533089106,3.5112468868061133,3.102791345847399
51,1.63,0.0901631894729073,0.0027022326784081,0.1402869167259204,3.836132000862637,2.383349800916509,0.0926259842087585,0.3031181478682365,0.0755447191810921,0.2592454105102443,0.0671079978281513,0.0523092306994487,0.6505487888675815,0.0510023203086988,0.0853116837457773,0.525833547171468,1.0665804479929444,0.762382491056185,1.9619786920396889,3.296208750920635,0.0,0.6659297175782307,1.0515691768136706,1.5711528415750216,1.1715509307313243,0.3599238411520039,1.1543247932960785,1.401994526727626,1.205349979884199,0.780870015944687,0.1416889523243827,0.293668541733973,1.2133591360624891,0.0,3.8283470070738255,1.6698451860203551,0.1248252396946587,0.3422740414126385,4.20656533089106,3.5112468868061133,3.102791345847399
51,1.63,0.0831621577413982,0.002313890888486,0.1430487722183136,3.735378982493512,2.3886486936438747,0.0880111831834724,0.2754377467131835,0.0724874644114463,0.2801758566694843,0.0842796548151158,0.0609663714133884,0.6872494631644753,0.0496180423360951,0.0981505231165347,0.5682246117323301,1.2681868552975055,0.7288300535070842,2.055245807396865,3.3739003040787017,0.0,0.7027991718647908,1.1252636684501245,1.5933797336602689,1.189693349250126,0.3506922033833612,1.16875235090228,1.3843447854316129,1.269741065741638,0.8355569144392742,0.136824074542773,0.3198197562267065,1.2277309101569496,0.0,3.8338485340472266,1.6688251970173924,0.1241912157857792,0.3414669458393287,4.204785584621804,3.5112468868061133,3.102791345847399
51,1.63,0.0856071307472204,0.0028283644037465,0.1442425710884385,3.815365908017425,2.3938373785799856,0.0805988459230651,0.3018835277248108,0.0791975909706869,0.3139819139770003,0.1004085500899558,0.0588324964480477,0.6701637898048457,0.0453294571103553,0.0960038228147426,0.5185013149332203,1.3283682380783948,0.9386451398226489,2.172774794104857,3.4478480985279973,0.0,0.7937319823281778,1.1521574549545508,1.673554769058685,1.313954952558291,0.3936922161056408,1.1999460565482405,1.3493343121786214,1.3712510677899263,0.7681398681660829,0.1512438470796065,0.3215934755039373,1.1267921078633427,0.0,3.832375723030396,1.6750384736573958,0.1254412745659407,0.3406275363927596,4.204785584621804,3.5112468868061133,3.102791345847399
51,1.63,0.0913970790568447,0.0030153353036943,0.133611845763082,3.816363106499216,2.2773160223861733,0.0850636575817326,0.2899965669417991,0.0779172800901914,0.2546931108769849,0.0937063689324035,0.0601659754778103,0.6771803494423528,0.0426774049812152,0.1023472261576553,0.5628105700372219,1.2342174624795827,0.8728669301704608,2.169744381679977,3.020165103623317,0.0,0.7385979112133627,1.089130945453045,1.6039555834939474,1.2342939062345084,0.3565519627768593,1.1559951298223643,1.4076657156531642,1.269614176849293,0.8352830429559446,0.1425504361275784,0.3003177549147907,1.228304755202763,0.0,3.828253232902487,1.666223525925967,0.1259583399363575,0.3392762068199462,4.204785584621804,3.5112468868061133,3.102791345847399
52,2.39,0.0748326081844616,0.0129897980782632,0.2807360881091508,4.044233040143692,0.6977039840430462,0.1514904717521138,0.4374099540387099,0.0983354227751282,0.6256331238372393,0.0,0.0288656290427946,1.193728673331733,0.0488837350296377,0.0663107694648613,2.0446638101499777,1.2473513520772752,1.2120869862314712,2.6013942571096687,3.5154117633148023,0.0,0.9261149022941828,1.387808300285445,1.8740896662939752,1.4522879018747077,0.4815764241326123,1.4886632680252625,1.7280801101050778,1.4667048329291372,1.015014380975851,0.2138348531067826,0.2788767914986844,1.4490956633066665,0.0413105500375707,4.172072158553783,1.9793299573589067,0.2268206688234952,0.4847783430118931,4.7885041368049,2.716018370751387,3.466048353981772
52,2.39,0.0727507960352803,0.011658238874328,0.2417198913411318,4.058000382689509,0.6755442867151393,0.1537478721397049,0.4633113401247256,0.1021086540825088,0.6659634826287901,0.0,0.0296299647579761,1.2386492416301873,0.0565442122567675,0.0719374225715424,2.0863684043520783,1.278679482962016,1.4292503871343103,2.6930277246190752,3.6177877133267295,0.0,1.1191777305028423,1.5367128246702286,1.943645062110237,1.5926272450266754,0.5278842821735105,1.5237016595825756,1.761372890205492,1.553979423866818,1.0405913363605497,0.2225691279647026,0.2867132990923691,1.5737671622354616,0.0545489362795997,4.164415619990605,1.9756458191499624,0.2270421220022381,0.4858087471127101,4.7885041368049,2.716018370751387,3.466048353981772
52,2.39,0.0771874405058568,0.0146378736722369,0.3019629971387218,3.971720850625652,0.6751398555038565,0.1645184799636413,0.4730740855664632,0.1047586169531383,0.6164919023135799,0.0,0.0257836211265006,1.1797429808871436,0.0515280375332222,0.0606870217518713,2.0133416416911407,1.3094567518557354,1.159926467195464,2.6696717769639218,3.667399551172065,0.0,0.9656209444768916,1.560158815346447,2.039346293171963,1.461165056968786,0.5199787827046171,1.5951277101589023,1.8569872968018488,1.6637795670967197,1.0995612852283967,0.2412020263038117,0.293186742169276,1.6340812285899105,0.0532881558776254,4.161673533461151,1.9729790681171335,0.2267038786205024,0.4846560174121452,4.7885041368049,2.716018370751387,3.466048353981772
52,2.39,0.0764150439586456,0.0121324730007215,0.2740241066167015,4.029963766956262,0.6197320915380252,0.1549836859241796,0.4608950310050046,0.0870220130997328,0.6007974469572175,0.0,0.0243162998423906,1.1740686208281517,0.0527719292679915,0.0655461355111623,2.044581794745462,1.3270130035168664,1.4482481967871126,2.6303884590124973,3.688321651320881,0.0,1.1129363825737173,1.4493355200512517,1.9666091634121168,1.602512464382556,0.4924302929753989,1.5665958230621415,1.803039437503648,1.657271152421405,1.063260031434679,0.2259952637144994,0.2822193753034294,1.4830251609110867,0.0537208559243031,4.159590118039235,1.9754387741425028,0.2264323030369237,0.4839849965731777,4.787012531311902,2.716018370751387,3.466048353981772
52,2.39,0.0773506531904568,0.0138725920862804,0.2795613056002431,3.96347536015493,0.6318106911759067,0.1611577449062249,0.4642043005996631,0.0869438595437116,0.5839357819832071,0.0,0.0261663553661083,1.168038131431691,0.0513672805505068,0.0641737908815771,1.9978852554990467,1.4090942837020166,1.4208638746760225,2.711267085377288,3.670237967253208,0.0,1.105085785964642,1.449552659058839,1.9463552858243824,1.5764105103713968,0.4900376427602554,1.5674083701631067,1.845487441854753,1.6659627286267789,1.13221956663842,0.2093078953191419,0.2848714475936099,1.53100369970536,0.0549254362668334,4.1611727435235855,1.965646273720074,0.2276459721881839,0.4846350713587474,4.787012531311902,2.716018370751387,3.466048353981772
52,2.39,0.0701753275767822,0.011963078175028,0.2940755259515142,3.9461034904076415,0.6484583721459654,0.1494052695857916,0.4413191842112463,0.083748744136676,0.6639453631567305,0.0,0.0262720767749621,1.210138680879716,0.0544577709958023,0.0637029067966322,2.042927912057307,1.367932755128607,1.4301766884410685,2.691537415736822,3.6566233793637632,0.0,1.102878402185012,1.489140397848585,1.9253424579381435,1.560227704598678,0.4741780037833235,1.5667463883069055,1.8538353048183327,1.686577306923583,1.0745573987643928,0.2287660983307493,0.2921940785257046,1.561691562091419,0.0520234191815618,4.160650996086869,1.9685883871165888,0.2291208221850047,0.4851003309248682,4.787012531311902,2.716018370751387,3.466048353981772
53,2.03,0.0784218597320023,0.0018489765887794,0.0697175900150284,3.205764927847538,0.6791690597353274,0.0775843857054172,0.1306790321343652,0.0494474128960653,0.1157826424255196,0.0,0.0060985579345094,0.3818845792400686,0.0179492785529768,0.0,0.7130865945788261,0.8245493774301076,0.72024712782775,1.8974921049906064,2.8201579979757594,0.0,0.5814971266026648,0.9126617747672476,1.343228845276285,0.9938406055403032,0.2614014041431541,0.9907798105975418,1.2288067134700646,1.0493134247829143,0.5799744824463073,0.0640027213725099,0.1803808272961425,1.002152049632446,0.0,4.082509117511119,1.319719378200904,0.1573614241524516,0.2425263752111542,4.9718390477508585,2.143589361503588,3.3769046890931107
53,2.03,0.0812969589253247,0.0025367307761134,0.0570919733550507,3.278762880066886,0.6073587351209688,0.0784546917511205,0.1397813726211728,0.0583189861153352,0.1375524833171578,0.0,0.0052950404970362,0.3875702967732288,0.0199805359792953,0.0,0.7514023980241668,0.8463323328440383,0.6570401826401071,1.977334132124354,2.8794810078263176,0.0,0.5332555208820027,0.9359656459173052,1.3177023741787053,0.9686557307012966,0.275975984779286,1.020239510940646,1.2445912985894183,1.134831176489593,0.5988484284900997,0.0586230388085288,0.1817388995822042,1.052466198003449,0.0,4.0845134787620125,1.3223708335016988,0.1589492039020665,0.2428834911553759,4.9718390477508585,2.143589361503588,3.3769046890931107
53,2.03,0.0808011289224964,0.0028758816851577,0.0768052864143987,3.267860225791501,0.6621160110825488,0.0914157609351545,0.1631469831807646,0.0544486740868459,0.1557545851688467,0.0,0.0058530305489182,0.4133903700907888,0.0195820137471138,0.0,0.7988756861011884,0.7426544161436363,0.7398815129546334,1.989151247502777,2.8781029057151035,0.0,0.5994293396109301,0.8545972647960828,1.3720027939466066,1.0046421453470455,0.26312391509065,0.9981384234913266,1.2896299632760946,1.161178001035014,0.6348160024772359,0.06547519450957,0.2004028013999228,1.0201869996841395,0.0,4.1021446259764005,1.326881653591706,0.1593999465735326,0.2432266467265104,4.9718390477508585,2.143589361503588,3.3769046890931107
53,2.03,0.0854348231314317,0.0023824147948049,0.0776460814424292,3.323521968262912,0.664038557532531,0.0852106600048575,0.1462573173319565,0.055094894191418,0.1526845799135194,0.0,0.0058468786427606,0.3944886472369525,0.0179361345209964,0.0,0.7822029714772114,0.842649674575648,0.6941052944222351,1.923546544394217,2.8343798005400807,0.0,0.5610493216490885,0.8543127131040892,1.3452648302217012,0.9773036509993138,0.2680026098505187,1.0302813512687294,1.260630959940935,1.1013349867594384,0.6202618989999537,0.0701189353723022,0.1797263262612151,1.034712127646468,0.0,4.10424130500579,1.329886739776471,0.1593218701454646,0.2428868709693731,4.970597457321714,2.143589361503588,3.3769046890931107
53,2.03,0.0777823028824359,0.0019321611738125,0.072920464917448,3.28509574990365,0.6787685700130902,0.0793576188999579,0.1571191686442658,0.053235000755038,0.1329335715901319,0.0,0.0061271704941413,0.3774795019777667,0.0168682517143636,0.0,0.7487759376824682,0.9179214591154348,0.6884471949107561,2.014620556252983,2.868123121223289,0.0,0.5635344997449789,0.921177902179019,1.317923553343327,0.9702171230178076,0.247969588759187,1.013177058724062,1.2303050179867698,1.0925541042033908,0.6091384543717968,0.0594534930186171,0.1795546465926309,1.0073495565520971,0.0,4.0971901212760224,1.327384656959982,0.1594044545518065,0.2439631287922029,4.970597457321714,2.143589361503588,3.3769046890931107
53,2.03,0.080235473400722,0.0028180226417948,0.0718318016419597,3.2540021285089087,0.6860539399047453,0.077278395403565,0.152325340050634,0.0575593951584155,0.1472980647716137,0.0,0.0053891961603928,0.3464616430899856,0.0193402370769639,0.0,0.6953172337903321,0.8731501615331423,0.7118079596268644,2.01770022046165,2.883195151438166,0.0,0.5910758628880017,0.910378834193555,1.4531343131045749,1.0045588643823038,0.2719049356409346,1.0462963431300238,1.2856969154020303,1.0815726501006508,0.6597327896849281,0.0715300207334162,0.2069813826679858,1.0441163942343246,0.0,4.102464062351459,1.3137897341134128,0.1568036279321167,0.2449930196561997,4.970597457321714,2.143589361503588,3.3769046890931107
54,2.03,0.0856561868841885,0.0130290264067264,0.362571802542409,2.990059469081411,0.832748659191921,0.2171066538617569,0.5040077264342795,0.109196506926631,0.6929295863880506,0.0,0.0819977301403493,0.4598603528360207,0.1049570487760092,0.2446671870215593,0.3748278297869676,1.508306557256763,1.3561714648597272,2.78463762677376,2.226119246037039,0.0,1.162341921180969,1.5999778609143758,1.9815780594338757,1.6813678545300186,0.523662355448524,1.610760285313558,1.9059198674944973,1.6723676542423935,1.1737196349953525,0.1699395130387233,0.3140356782435099,1.660685961718107,0.0466567118824441,3.843877614656516,1.991081395145732,0.2719803513485538,0.5434973525193773,4.803299086643237,3.086943153607375,3.3978584803966405
54,2.03,0.0833863499278125,0.0123815443442516,0.3646815864589299,2.990142565704688,0.8715052706866759,0.2023124833541791,0.4661046280097006,0.089303816757199,0.5939307452138979,0.0,0.0776784254211453,0.4299968153962484,0.1122752690517324,0.2592370629427639,0.3483516200825657,1.4656197840677725,1.3010963478102635,2.766527884915301,2.2022624962405404,1.4493420092709195,1.1294163990103223,1.531734074404653,1.965738484424399,1.655578369227467,0.5163989077262731,1.649923610156926,1.8884070465901748,1.8334302835588248,1.142216004212461,0.1649033916569928,0.328063396210937,1.6451834452909968,0.0611621140474844,3.846788261396986,1.9979452259256276,0.2706609454744678,0.5423906374615842,4.803299086643237,3.086943153607375,3.3978584803966405
54,2.03,0.0920866133286651,0.0138762687195697,0.3349082105984827,3.043373922718205,0.8385729029743924,0.2027876616526292,0.4997102731067128,0.0919025987708619,0.673898790695821,0.0,0.0828395565351875,0.4339252254630485,0.1088538506518387,0.2537019524310673,0.3493217864172205,1.563385917355737,1.3504385109601154,2.8019746157227883,2.2660803261333955,1.201075752621161,1.1971392795892908,1.5779662606418137,2.0172329333861203,1.6724493364646962,0.5367673341526942,1.6567773125636298,1.9254056553885477,1.9140128701916688,1.1490880821595075,0.1645256184001676,0.331576954971959,1.6269603068761778,0.0572118789106662,3.844700304857515,1.9963823883550804,0.2742889519260149,0.5390258359690714,4.803299086643237,3.086943153607375,3.3978584803966405
54,2.03,0.0937238950469293,0.0118748767360228,0.3449744274878737,3.03078110804898,0.9083396262457868,0.2121670703570641,0.5403156807320114,0.1130917670655214,0.7178390887598248,0.0,0.0940110208080684,0.4649516211911485,0.1155787065738784,0.3032638759139362,0.3682285026973362,1.416572184415482,1.3321928296915837,2.8063228877405115,2.214657588196547,1.3374349469152302,1.1741810069601355,1.5803655341972156,1.9479282400534257,1.6246728060493665,0.5097064821605756,1.6181107658781768,1.89515280635834,1.7368915614105085,1.1888795610287306,0.1622585642056737,0.2934053879908302,1.6376753144379574,0.0397025778070898,3.842270126780332,1.985831688687723,0.2724679955877476,0.5408001706417181,4.80182940303687,3.086943153607375,3.3978584803966405
54,2.03,0.0914382791163851,0.014407274994564,0.3731270638623066,3.0979334345525986,0.9063504929900628,0.2062301214486509,0.5340442792003901,0.1093656706060568,0.6803320803055924,0.0,0.0997438357011925,0.4955098327324782,0.1257902027814804,0.2967803503118632,0.3963297723695706,1.5046293226593808,1.3141216627306718,2.767440413034434,2.2394081650010014,0.991187271912194,1.1607859241040306,1.4582094686131093,1.9180049860570028,1.6255215939965382,0.4901819947669958,1.6274892844323838,1.9082756872541584,1.7944052224675269,1.1704843798876516,0.1587726833220645,0.3311834355360649,1.675621660131441,0.0533846940857902,3.8403930604888497,1.985427819898009,0.2708225856455502,0.5458132832529908,4.80182940303687,3.086943153607375,3.3978584803966405
54,2.03,0.0905374283242554,0.0143701194787862,0.3581083606060158,2.9959234192844817,0.8946895810677412,0.2055366108524744,0.4935599605373483,0.1133476788766242,0.6620253659707613,0.0,0.0885210722427235,0.4545184078131347,0.1208261801472116,0.2914285254742948,0.358131772548429,1.4327003601869597,1.2946594294098102,2.8178812356827043,2.2223585785707503,1.2633717631360144,1.1651132417259422,1.5230084221155795,1.9970524116738544,1.6101590859259738,0.5106350650108242,1.6445212683240034,1.918564559918382,1.6918434682282204,1.0990812746769774,0.1727822494340563,0.3455766857720445,1.6718189293322985,0.0494326091860033,3.8479670637237207,1.99798688285976,0.2678283751415503,0.5453695104803434,4.80182940303687,3.086943153607375,3.3978584803966405
55,2.49,0.0791365738736624,0.0046371696902394,0.0324695221773766,4.040395834588584,2.1886723753973816,0.0433629817161892,0.4751619577887546,0.0981840617014542,0.0791375550695659,0.0,0.1057581267000781,0.3430474950097872,0.0454311728788939,0.1467911991613497,2.6379962611668977,1.403237382313557,0.6573889492519175,2.415474137923379,3.696648412701669,1.4747738607648664,0.6043166717711139,1.2678589033387195,1.7793943251272195,1.3622743175979788,0.433838245267037,1.368920558878669,1.8098911409611225,1.5392605181054566,0.9245612573964892,0.180863514366512,0.2130472588491638,1.3726486017940729,0.0,4.047047635393657,1.740828727531387,0.1410847488199381,0.4164143787986489,4.51279920101564,2.466403178223441,3.4249139082794717
55,2.49,0.0791438903197516,0.004906526289096,0.0344685664923927,3.8819736817646375,2.276796655922284,0.0391010463781137,0.5300307720188743,0.0916728600425874,0.0699883391778712,0.0,0.1060514129333287,0.3578475383810753,0.04561020297175,0.1324602462770497,2.628355432335356,1.3049805202112066,0.5922820731740434,2.3901005890276483,3.7029360688693984,1.4454387620674027,0.5679355658312017,1.2398976141637308,1.7207740478599929,1.3628861768481872,0.4569594805448355,1.3460662597414363,1.7744476827406543,1.4322633958335786,0.8731323956485275,0.1887954525029193,0.2170248139623344,1.351111802753653,0.0,4.047424229677434,1.7425654659265764,0.1390059706135418,0.4154726168645988,4.51279920101564,2.466403178223441,3.4249139082794717
55,2.49,0.0784647082100931,0.0054901495108328,0.0366472797120693,4.070186054126693,2.2740194045567,0.0415223882273094,0.5649909211319121,0.0957831924616516,0.0692034117218006,0.0,0.1001645283659748,0.3435453374484319,0.04373527064744,0.1263551789614024,2.6196983770237567,1.2284083896437257,0.6217208262683208,2.433966498301313,3.72942082342262,1.0100667037467648,0.5500134683021818,1.25593988702715,1.728918149340412,1.3922916782080652,0.4649014847899049,1.3922370592588909,1.797916316552589,1.5762588465992098,0.9014381004050795,0.1951860540033125,0.2271744666480804,1.3519189295084324,0.0,4.046098508347811,1.737130410693815,0.1379206830797761,0.4178177392447988,4.51279920101564,2.466403178223441,3.4249139082794717
55,2.49,0.0784051987642584,0.0043251530259877,0.0301010920690369,4.055661486222727,2.2057493628793567,0.0544342700049096,0.5384493300621154,0.0889161268013968,0.0800743314811908,0.0,0.0989961401166685,0.3355001128333883,0.0465211108615658,0.1271699990470188,2.5496202196661466,1.3604890704890866,0.7005951474668173,2.426083742918387,3.757339770185089,1.2290124693695643,0.5971756049816482,1.2993902990990764,1.8064727982160504,1.4274116239641634,0.4790258705223232,1.3821305662951209,1.87345216999093,1.6770544772186708,0.9199805823951084,0.1967936219527759,0.2349907070076508,1.415598229897787,0.0,4.049338706018224,1.7391512210184286,0.1388944688374586,0.4144402282844079,4.510833606181439,2.466403178223441,3.4249139082794717
55,2.49,0.0800087532509376,0.0045042018356631,0.033517738795607,4.043720824333316,2.305606727355405,0.0417380142060892,0.5651354664434177,0.0911656485420933,0.0876945599003645,0.0,0.1064883919661459,0.331013437307085,0.0438797439558977,0.1313723418007906,2.5878987141280225,1.0868265782257998,0.6343752014469763,2.381739728017004,3.6221313579290335,1.340286705206336,0.5341451454153873,1.152180848258893,1.7400858953504414,1.3483069658972926,0.4191269283342295,1.346288093699634,1.6958889060049342,1.431767078882041,0.899576539951847,0.1712741415303651,0.2265566560399128,1.2587078290290132,0.0,4.047782485496303,1.739750795860074,0.1383362779026888,0.4176259708321749,4.510833606181439,2.466403178223441,3.4249139082794717
55,2.49,0.0820150987691757,0.0054006074313452,0.0320109825088236,4.011622639446625,2.048407754722964,0.039476694810258,0.5201463794485919,0.0874749306153776,0.0661589001141844,0.0,0.1061917708694621,0.3345484673631725,0.0471371424911186,0.1388730334996579,2.5902044767309302,1.211622640574317,0.6162046678121653,2.3615036128104987,3.64869636482526,1.2347904726978634,0.5212508830109329,1.25883545670436,1.7320683355239035,1.327608280461552,0.4563545548602349,1.393870115986838,1.7275892781153177,1.5134491503849137,0.8667285517170538,0.1817488820137169,0.2313346802331054,1.319660847283465,0.0,4.053589296899014,1.747796562132758,0.1400254163584924,0.4218527442875484,4.510833606181439,2.466403178223441,3.4249139082794717
56,2.31,0.075348346999257,0.0117637351462257,0.2932234173018564,4.081883528694407,0.8530515705761761,0.1785803371510597,0.4853273675018892,0.0993827592197681,0.6251097089617105,0.0,0.0293070598774826,1.058484085363505,0.053424024568882,0.0699503131267227,1.973144429079772,1.3157901925736262,1.4396086590408217,2.8428215692226004,3.835505153013387,1.2609958497039877,1.1553405883370331,1.5242864608558115,2.0575298459190203,1.6810819957909413,0.5972309579487716,1.6549066505794958,1.897016460077373,1.7767530681383332,1.1215668017195284,0.2126300067819894,0.4213192608859795,1.5650797844066886,0.0,4.098841360784617,1.9214352889872832,0.2307861640072171,0.4827012762082132,4.748980429878229,2.7363136663750693,3.4622924810219664
56,2.31,0.0805059901877719,0.0117259198981709,0.3062038025434027,4.062990236541012,0.8691152524793428,0.1849616628117099,0.5144508353387973,0.1027145713324841,0.6051127012887083,0.0,0.029373768619025,1.041981782989536,0.0472801551556304,0.0624955979778626,1.9090778533950976,1.3195723897221034,1.442416514491263,2.7089377730936284,3.746574812176309,1.2199315333018326,1.114542780876744,1.4869344279441277,1.956158658503988,1.64932274289727,0.6059683997408946,1.625918792950717,1.824929227447097,1.7467301217887057,1.0674662041002263,0.2125098105656877,0.3892239299564162,1.5172079103680445,0.0,4.103360208208614,1.9354543802313204,0.2316240595368326,0.4812996921902,4.748980429878229,2.7363136663750693,3.4622924810219664
56,2.31,0.077524944149971,0.0110083481831125,0.3112696110141674,3.959671568123272,0.8479223158029018,0.1739585382021928,0.5303651694004009,0.1054627683298436,0.594663643629728,0.0,0.0292095626237111,1.0126006830132523,0.0469962799303189,0.0664601529948469,1.863703306019688,1.415834104927397,1.41809637872391,2.727825286189041,3.812566135576085,1.0220480580722644,1.1534954066883023,1.525211867494088,1.9405713026003464,1.648880460018766,0.6113031226788742,1.6739824955532976,1.871918612738061,1.721024051102476,1.13135109309291,0.2111404567345129,0.3992504960138565,1.5934748162714685,0.0,4.101909524602087,1.927042643108275,0.2332005457855425,0.4804202968915516,4.748980429878229,2.7363136663750693,3.4622924810219664
56,2.31,0.075997384375471,0.0122375725264573,0.3357500980847898,4.046083527114193,0.8484634816438629,0.1725314067861499,0.4868988072889119,0.1033970770732086,0.6122632189231664,0.0,0.0281608741388904,1.073851979953074,0.0463298171392147,0.0702935134187387,1.917134150394511,1.0934566451487198,1.4406647021026389,2.716976860988273,3.804186221903741,1.3973421311504948,1.176992480358254,1.5002225747096063,1.989281698057664,1.662820084606552,0.6422059457710881,1.6290653698791335,1.828141087372722,1.7550591719564943,1.0860409525094772,0.2163502570525789,0.3972049527633128,1.5677276176586372,0.0,4.100550034722487,1.9305314405841465,0.232497072824977,0.4830318404676819,4.7474286433877495,2.7363136663750693,3.4622924810219664
56,2.31,0.0823978119294296,0.0140539687090106,0.3087152922583088,4.082358784406541,0.8311012275026455,0.1812387641188269,0.477354676470383,0.100065213057201,0.6565778815395795,0.0,0.0288164947606698,1.07368823460556,0.0447057954321888,0.0765221596565543,1.9586801052694007,1.2009337377376186,1.370777424483112,2.7159694231249,3.6913509733924346,1.3513020093932608,1.0609875050482171,1.43371737998144,1.907113404563188,1.5915260155321596,0.605877228324436,1.558899528398435,1.759100785044906,1.6673766705928754,1.0496274225454825,0.1901316426853251,0.3809334641783095,1.4646675637142834,0.0,4.094443699974458,1.9155111128088804,0.230720919213504,0.4856101496223378,4.7474286433877495,2.7363136663750693,3.4622924810219664
56,2.31,0.0815614172347525,0.013916705862716,0.328466598270093,4.078619101584431,0.8990538877473367,0.1580856471072672,0.4831798281199661,0.1036930830644468,0.6063787411495011,0.0,0.0282786103299158,1.05783593303694,0.0407767672575179,0.0680410454442308,1.9315943479288025,1.0961908971310153,1.3711072635051382,2.7204444329640363,3.7292502623849817,1.3091350291454331,1.1030536229920411,1.4522921336726595,1.956878416938843,1.5695564873147312,0.6175163694753818,1.6783535802475915,1.76873731924614,1.6063082003906737,0.9706891210812232,0.2071820398461372,0.4084228131165057,1.516171632442751,0.0,4.095930917960888,1.9233006665813015,0.2308989134008285,0.4835387954559588,4.7474286433877495,2.7363136663750693,3.4622924810219664
